00100001001310016042_6889_199_260512091028_00_00_5408.mp4,[843, 236, 997, 391]
00100001001310016734_5500_1769_260514161449_00_00_8664.mp4,[260, 207, 560, 482]
00100001001310017185_2823_1619_260514072426_00_00_7677.mp4,[387, 292, 722, 574]
00100001001310019443_2441_1349_260514063340_00_00_7692.mp4,[17, 35, 266, 149]
00100001581314000912_15476_19_260514071000_00_00_5929.mp4,[430, 127, 662, 375]
00100001581314014367_13256_2319_260513150607_00_00_8883.mp4,[573, 234, 1072, 663]
00100001581314014367_13256_2509_260513150638_00_00_3571.mp4,[619, 272, 1098, 717]
00100001581314014367_8700_2349_260513072612_00_00_5663.mp4,[278, 135, 848, 566]
00100001581314014640_658_1879_260513151507_00_00_7338.mp4,[502, 274, 796, 541]
00100001581314014643_758_3099_260513152831_00_00_6285.mp4,[373, 221, 849, 578]
00100001581314015691_777_2519_260512070640_00_00_9257.mp4,[763, 349, 879, 572]
00100001581314021163_6845_1419_260512151346_00_00_7125.mp4,[-1, 166, 269, 533]
00100001581314021163_8594_309_260513152042_00_00_6660.mp4,[267, 72, 475, 581]
00100001581314021588_1443_1359_260513153325_00_00_3533.mp4,[249, 3, 646, 492]
00100001581314023102_3914_1119_260514120301_00_00_4003.mp4,[298, 253, 489, 485]
00100001581314023102_7877_1079_260513121255_00_00_2855.mp4,[324, 424, 783, 627]
00100001581314023463_5785_29_260514184000_00_00_6709.mp4,[897, 131, 1254, 412]
00100001581314023463_9313_889_260513183209_00_00_5003.mp4,[618, 64, 1008, 380]
00100001581314023685_1917_1049_260513172245_00_02_7095.mp4,[655, 27, 1059, 437]
00100001581314023715_1479_339_260513153046_00_00_2182.mp4,[519, 292, 990, 641]
00100001581314026538_1637_1589_260513161420_00_00_7713.mp4,[729, 232, 1239, 591]
00100001581314026538_1637_1739_260513161445_00_00_6016.mp4,[994, 118, 1281, 578]
00100001581314029897_3040_3719_260514073607_00_00_8752.mp4,[596, 588, 796, 833]
00100001581314030783_3886_419_260512172105_00_00_6647.mp4,[205, 364, 429, 620]
00100001581314034859_7469_2029_260513093528_00_00_5117.mp4,[729, 200, 956, 398]
00100001581314035108_8667_129_260512150012_00_02_5503.mp4,[265, 242, 506, 465]
00100001581314036472_3053_4089_260514075424_00_00_3114.mp4,[760, 796, 1064, 1068]
00100001581314039090_4889_1639_260512070423_00_00_8803.mp4,[823, 570, 1080, 717]
00100001581314039090_4889_2269_260512070608_00_00_8806.mp4,[833, 557, 1200, 718]
00100001581314039645_6522_1899_260512072511_00_00_6831.mp4,[694, 190, 1004, 365]
00100001581314039645_6522_2329_260512072623_00_00_1701.mp4,[609, 117, 895, 424]
00100001581314039898_10019_219_260514072015_00_00_2466.mp4,[1071, 804, 1699, 1071]
00100001581314039905_13843_1919_260513162515_00_00_3849.mp4,[346, 150, 636, 576]
00100001581314040455_15602_1099_260514072258_00_02_5631.mp4,[682, 404, 880, 714]
00100001581314040459_6053_2989_260512065757_00_00_4438.mp4,[875, 393, 1278, 711]
00100001581314040481_4827_2989_260512065756_00_00_4465.mp4,[986, 189, 1280, 531]
00100001581314041059_6901_1449_260513070340_00_00_6884.mp4,[1261, 135, 1823, 764]
00100001581314041060_12503_779_260513124149_00_00_3607.mp4,[560, 133, 1391, 454]
00100001581314042379_2756_1719_260514071425_00_00_2600.mp4,[1498, 427, 1920, 974]
00100001581314042902_11615_2699_260514155708_00_00_7926.mp4,[200, 81, 625, 398]
00100001581314043789_10946_3419_260513071919_00_00_5216.mp4,[433, 0, 733, 207]
00100001581314043800_2634_1209_260514071312_00_00_7357.mp4,[550, 90, 775, 221]
00100001581314044083_9249_2089_260512165526_00_00_9275.mp4,[746, 15, 1193, 585]
00100001581314044531_2930_869_260514072204_00_00_7668.mp4,[1439, 671, 1771, 939]
00100001581314045322_4239_429_260514132050_00_00_1576.mp4,[752, 210, 1082, 590]
00100001581314047508_11451_3269_260514151855_00_02_7967.mp4,[157, 3, 474, 321]
00100001581314048243_1071_2889_260513144751_00_00_3238.mp4,[41, 246, 155, 455]
00100001581314048462_10146_39_260514073000_00_00_6826.mp4,[204, 1, 432, 323]
00100001581314048466_3765_839_260514113210_00_00_7353.mp4,[551, 13, 1019, 721]
00100001581314048992_4293_509_260514133104_00_02_8459.mp4,[633, 1, 812, 181]
00100001581314050507_9895_2009_260514071530_00_00_8259.mp4,[30, 366, 304, 716]
00100001581314050507_9895_2469_260514071646_00_00_4503.mp4,[0, 333, 326, 680]
00100001581314051034_7956_509_260513123120_00_00_5651.mp4,[1007, 158, 1276, 407]
00100001581314051034_7956_599_260513123135_00_00_1920.mp4,[1007, 142, 1279, 391]
00100001581314051049_1431_1189_260513172313_00_00_2876.mp4,[100, 58, 238, 277]
00100001581314051049_501_2769_260513122736_00_00_5690.mp4,[601, 5, 805, 272]
00200001001310020420_294_49_260512072004_00_00_2697.mp4,[1427, 435, 1715, 1009]
00200001001310032258_3466_859_260512063202_00_00_7935.mp4,[1067, 525, 1635, 1076]
00200001001310042159_3515_2109_260513072531_00_00_4069.mp4,[1393, 349, 1704, 698]
00200001581314005400_1046_829_260514094213_00_02_3572.mp4,[639, 329, 924, 700]
00200001581314009676_3562_2039_260513072825_00_00_8589.mp4,[538, 540, 884, 790]
00200001581314013698_7155_1109_260514072244_00_00_4648.mp4,[492, 178, 700, 366]
00200001581314013698_7155_669_260514072130_00_00_4125.mp4,[493, 189, 661, 370]
00200001581314013933_251_3119_260514072829_00_00_8559.mp4,[878, 411, 1167, 759]
00200001581314015432_6520_2899_260514060753_00_00_1284.mp4,[638, 101, 970, 685]
00200001581314015432_6520_3029_260514060815_00_00_2189.mp4,[639, 96, 985, 721]
00200001581314016515_6920_2829_260512071746_00_00_8865.mp4,[292, 0, 474, 144]
00200001581314017016_6853_619_260513175134_00_02_6983.mp4,[596, 397, 866, 738]
00200001581314017064_4715_1089_260513160241_00_00_6142.mp4,[779, 215, 1020, 415]
00200001581314017064_4715_1639_260513160412_00_00_4982.mp4,[957, 207, 1213, 444]
00200001581314017064_4715_1729_260513160427_00_00_9709.mp4,[978, 110, 1205, 310]
00200001581314017064_4715_1959_260513160506_00_00_1209.mp4,[967, 112, 1206, 376]
00200001581314017068_6038_1139_260513185249_00_02_9822.mp4,[1415, 212, 1714, 501]
00200001581314017068_6038_2569_260513185647_00_02_1175.mp4,[1393, 289, 1706, 545]
00200001581314019691_117_609_260512073132_00_02_5314.mp4,[372, 132, 684, 579]
00200001581314024889_6632_1629_260514063422_00_00_4667.mp4,[1293, 598, 1858, 1079]
00200001581314024955_11439_379_260513070042_00_02_2132.mp4,[556, 561, 853, 887]
00200001581314025424_10538_3139_260512193839_00_00_7268.mp4,[84, 118, 280, 344]
00200001581314025713_3800_2989_260513065808_00_00_4309.mp4,[1283, 477, 1686, 920]
00200001581314028395_124_3349_260512071913_00_00_9777.mp4,[643, 492, 891, 832]
00200001581314028793_6214_3239_260511192838_00_00_9784.mp4,[12, 536, 455, 744]
00200001581314031039_589_2859_260512090735_00_00_7682.mp4,[442, 99, 834, 728]
00200001581314031039_7908_2119_260512092532_00_00_7180.mp4,[421, 69, 934, 637]
00200001581314031230_6917_1219_260514070318_00_00_8509.mp4,[154, 421, 454, 746]
00200001581314032070_1128_2829_260514075746_00_00_3183.mp4,[1111, 89, 1382, 421]
00200001581314032070_11635_889_260513071223_00_00_7773.mp4,[887, 2, 1175, 306]
00200001581314032070_3682_2649_260513073716_00_00_4074.mp4,[1137, 88, 1396, 485]
00200001581314032070_391_1379_260512074345_00_00_2723.mp4,[1057, 117, 1417, 420]
00200001581314032884_290_1949_260512073503_00_00_1725.mp4,[640, 664, 1179, 1074]
00200001581314033359_5967_3469_260514065931_00_02_5654.mp4,[1081, 78, 1213, 242]
00200001581314034660_3464_139_260512063002_00_02_7703.mp4,[-1, 265, 473, 762]
00200001581314035343_4656_3149_260513130839_00_00_5742.mp4,[840, 396, 1086, 591]
00200001581314035578_2463_2989_260512173818_00_00_6909.mp4,[376, 567, 684, 882]
00200001581314035578_7403_2309_260512071619_00_02_9980.mp4,[864, 441, 1098, 705]
00200001581314035742_1981_699_260514180151_00_02_5019.mp4,[832, 426, 1153, 716]
00200001581314036091_2065_2349_260512174610_00_00_8657.mp4,[536, 2, 793, 386]
00200001581314036091_2065_3119_260512174818_00_00_3040.mp4,[521, 3, 789, 273]
00200001581314036199_3555_9_260512021001_00_00_7565.mp4,[691, 1, 1201, 335]
00200001581314036229_6306_979_260512012238_00_00_7249.mp4,[218, 119, 428, 301]
00200001581314036804_1047_2429_260512114638_00_00_5521.mp4,[636, 504, 1317, 1060]
00200001581314036916_833_1349_260513114334_00_00_3025.mp4,[241, 124, 506, 403]
00200001581314037093_360_2559_260514065700_00_00_6334.mp4,[569, 152, 974, 891]
00200001581314038706_327_2879_260514120442_00_00_1122.mp4,[1290, 23, 1639, 384]
00200001581314039424_11354_2019_260513065516_00_02_7786.mp4,[772, 384, 1119, 712]
00200001581314040664_7674_2179_260514152553_00_00_2320.mp4,[1387, 439, 1749, 865]
00200001581314040674_7949_1249_260514172318_00_00_2261.mp4,[435, 83, 1100, 505]
00200001581314040684_40_3489_260514092931_00_00_5432.mp4,[387, 270, 773, 889]
00200001581314040695_3271_3129_260513070819_00_00_4986.mp4,[1122, 180, 1494, 575]
00200001581314040720_6588_2949_260513170805_00_02_8655.mp4,[808, 435, 1001, 652]
00200001581314041388_6023_279_260514070026_00_00_8599.mp4,[1120, 549, 1385, 853]
00200001581314042069_7063_9_260514072000_00_00_8244.mp4,[513, 426, 857, 738]
00200001581314042216_8406_1759_260512120716_00_00_2770.mp4,[234, 2, 393, 407]
00200012581314009620_3506_2629_260512064712_00_02_9007.mp4,[874, 194, 1104, 386]
00200014581314007609_7511_2399_260512072619_00_00_8901.mp4,[1021, 289, 1211, 694]
00200014581314009568_4344_1419_260513110347_00_00_6008.mp4,[328, 129, 598, 377]
00200014581314010572_11789_3159_260513072840_00_02_7367.mp4,[653, 44, 1012, 333]
00200014581314011067_76_1419_260514101351_00_00_2649.mp4,[251, 169, 528, 487]
00200014581314011628_225_5159_260512072706_00_00_2808.mp4,[1160, 108, 1427, 359]
00200014581314011705_3830_2269_260513075612_00_02_3024.mp4,[551, 37, 775, 255]
00210001001310025749_53006_1649_260512065430_00_02_9279.mp4,[801, 51, 1059, 260]
00210001001310030251_50645_139_260513064018_00_02_4124.mp4,[901, 477, 1200, 716]
00210001581314004647_48501_1029_260512070241_00_00_6866.mp4,[264, 51, 1130, 557]
00210001581314007351_46736_2179_260512041553_00_00_4998.mp4,[145, 8, 265, 194]
00210001581314007351_46736_2269_260512041608_00_02_5757.mp4,[117, 10, 264, 210]
00210001581314011799_47933_1729_260512063443_00_02_8146.mp4,[869, 424, 1095, 712]
00210001581314011799_47933_2849_260512063750_00_02_6605.mp4,[836, 414, 1124, 715]
00210001581314011799_47933_3309_260512063906_00_02_7182.mp4,[872, 455, 1113, 715]
00210001581314014972_57552_1059_260514064252_00_00_2396.mp4,[744, 116, 960, 370]
00210001581314017208_52648_1999_260512064512_00_00_7656.mp4,[967, 336, 1384, 937]
00210001581314036653_51649_2519_260512053649_00_00_1342.mp4,[775, 71, 954, 315]
00210001581314038796_57327_179_260514063022_00_02_5953.mp4,[789, 83, 1066, 262]
00210001581314042547_50361_229_260513063017_00_00_5432.mp4,[521, 1, 662, 154]
00210001581314042831_56673_2129_260514060550_00_02_6025.mp4,[0, 120, 271, 378]
00210001581314043432_49464_509_260513053104_00_00_2924.mp4,[66, 1, 304, 185]
00210001581314043432_51736_629_260512054124_00_00_8098.mp4,[583, 19, 947, 336]
00210001581314045904_53132_1379_260514064329_00_00_4470.mp4,[116, 77, 412, 397]
00210001581314053017_48402_1949_260512065504_00_00_9868.mp4,[895, 2, 1409, 556]
00210001581314054967_57440_139_260514064003_00_02_4732.mp4,[234, 72, 358, 320]
00210001581314056499_48218_369_260512064041_00_00_4931.mp4,[775, 122, 1244, 466]
00210001581314056499_50916_2429_260511064623_00_00_6491.mp4,[525, 166, 809, 765]
00210001581314056765_52583_79_260512064003_00_00_5569.mp4,[74, 14, 297, 143]
00210001581314057026_51893_529_260512060119_00_00_1691.mp4,[237, 109, 452, 316]
00210001581314058129_57081_1659_260514062415_00_02_5248.mp4,[112, 615, 328, 906]
00210001581314058149_57138_1429_260514062337_00_00_1720.mp4,[460, 642, 1325, 1074]
00210001581314058153_53105_499_260512070102_00_00_9134.mp4,[1036, 81, 1309, 465]
00210001581314058241_57247_1809_260514063152_00_02_9750.mp4,[525, 713, 830, 962]
00210001581314058413_52203_3399_260514060906_00_02_8023.mp4,[400, 608, 742, 990]
00210001581314058413_52380_1039_260514061232_00_00_1789.mp4,[513, 240, 989, 865]
00210001581314059069_50727_2299_260513064601_00_02_1156.mp4,[1200, 571, 1565, 986]
00210001581314062367_53114_1469_260514064355_00_00_4470.mp4,[748, 206, 937, 391]
00210001581314062894_50699_1009_260513064243_00_00_7112.mp4,[354, 37, 696, 232]
00210001581314062894_50699_1369_260513064343_00_00_9406.mp4,[406, 47, 720, 240]
00210001581314063343_55195_3139_260513064822_00_00_6951.mp4,[152, 151, 463, 432]
00210001581314063349_52621_159_260514062006_00_02_5035.mp4,[389, 746, 719, 1059]
00210001581314063349_52621_329_260514062034_00_00_2854.mp4,[23, 297, 961, 697]
00210001581314063351_52123_2669_260514055703_00_00_1711.mp4,[1119, 256, 1756, 618]
00210001581314063351_56495_819_260514054156_00_02_4294.mp4,[380, 359, 654, 763]
00210001581314064233_53081_159_260512070016_00_02_8717.mp4,[11, 200, 527, 687]
00210001581314064233_53081_3209_260512070844_00_00_5572.mp4,[875, 90, 1155, 421]
00210001581314064860_50656_909_260513064210_00_00_9284.mp4,[468, 288, 1209, 1009]
00210001581314064860_55438_2009_260513065512_00_00_9483.mp4,[368, 313, 668, 554]
00210001581314065003_50866_99_260513064000_00_02_8753.mp4,[460, 66, 839, 405]
00210001581314065027_57684_2279_260514064559_00_02_3067.mp4,[542, 2, 831, 297]
00210002581314020055_47453_1399_260512055333_00_00_6623.mp4,[176, 324, 300, 507]
00210002581314021002_56699_639_260514060127_00_02_8092.mp4,[708, 485, 860, 677]
00220001001310011833_101570_669_260514111147_00_00_1919.mp4,[122, 65, 382, 302]
00220001001310011833_44833_2649_260514112717_00_00_3067.mp4,[242, 4, 452, 266]
00220001001310011833_44833_3069_260514112827_00_00_6673.mp4,[267, 0, 470, 230]
00220001001310011833_46853_849_260514184223_00_02_3129.mp4,[143, 494, 256, 699]
00220001001310012308_46605_1709_260514181424_00_00_1805.mp4,[123, 6, 303, 159]
00220001001310012308_46605_1919_260514181459_00_00_5186.mp4,[128, 16, 295, 138]
00220001001310012308_46605_1999_260514181513_00_00_1997.mp4,[122, 14, 305, 151]
00220001001310012665_35064_279_260511200026_00_00_2663.mp4,[388, 116, 768, 522]
00220001001310012668_37221_1529_260512134353_00_00_7855.mp4,[877, 375, 1157, 677]
00220001001310012677_45373_2529_260514133641_00_00_9618.mp4,[9, 138, 645, 710]
00220001001310012964_40998_689_260513124150_00_02_4337.mp4,[331, 151, 613, 358]
00220001001310014941_95039_1289_260512132331_00_00_7545.mp4,[81, 169, 328, 475]
00220001001310015428_43966_1489_260514071347_00_02_4275.mp4,[452, 190, 738, 600]
00220001001310015492_125214_1969_260512182523_00_02_3397.mp4,[367, 66, 649, 333]
00220001001310015496_84028_859_260513184219_00_00_3728.mp4,[456, 71, 718, 332]
00220001581314001675_122261_2139_260512071552_00_00_6773.mp4,[70, 333, 577, 614]
00220001581314004256_99278_409_260513171047_00_00_6037.mp4,[293, 122, 486, 534]
00220001581314005249_100358_2429_260513203640_00_02_8742.mp4,[425, 172, 768, 545]
00220001581314008211_128319_199_260513140013_00_00_5151.mp4,[22, 117, 532, 466]
00220001581314008221_41341_1709_260513135424_00_00_7846.mp4,[886, 574, 1459, 1066]
00220001581314008618_85055_3319_260514072852_00_02_7007.mp4,[800, 118, 1058, 409]
00220001581314010366_95776_3529_260512161927_00_00_1870.mp4,[1029, 119, 1225, 330]
00220001581314010366_99036_219_260513160016_00_00_6796.mp4,[914, 21, 1193, 304]
00220001581314012609_86977_3529_260514183938_00_00_2711.mp4,[398, 171, 736, 477]
00220001581314014394_80798_1409_260512165333_00_02_9123.mp4,[355, 362, 607, 715]
00220001581314015079_100825_1199_260514071259_00_02_2063.mp4,[302, 297, 631, 608]
00220001581314015163_100959_2779_260514072721_00_00_1439.mp4,[1103, 493, 1318, 904]
00220001581314015974_85190_2419_260514075622_00_00_5855.mp4,[417, 227, 663, 434]
00220001581314016383_131122_89_260514071000_00_00_5700.mp4,[886, 413, 1305, 823]
00220001581314016991_102140_1479_260514133347_00_00_8389.mp4,[901, 176, 1054, 346]
00230001001310040125_6308_209_260514140030_00_02_3399.mp4,[708, 559, 866, 714]
00230001001310040125_6415_249_260514142037_00_02_4952.mp4,[358, 376, 560, 589]
00230001001310044726_7526_109_260514171008_00_02_9758.mp4,[367, 516, 516, 718]
00230001581314006762_26649_2119_260514070532_00_02_6832.mp4,[682, 501, 998, 765]
00230001581314008568_8324_2919_260514192756_00_00_2734.mp4,[636, 164, 934, 617]
00230001581314009524_11583_2859_260512154746_00_00_7732.mp4,[982, 137, 1229, 572]
00230001581314014311_476_2659_260513074713_00_00_1795.mp4,[856, 68, 1151, 355]
00230001581314014564_7159_2639_260512074710_00_00_1548.mp4,[-1, 24, 685, 581]
00230001581314014785_5392_2149_260514070554_00_00_9180.mp4,[258, 2, 444, 186]
00230001581314027577_2117_3159_260513140837_00_02_1535.mp4,[977, 153, 1141, 429]
00230001581314028801_3827_879_260513150205_00_02_5143.mp4,[897, 839, 1088, 1072]
00230001581314032242_6636_529_260514144119_00_02_5078.mp4,[291, 1, 444, 193]
00230001581314033041_6856_1209_260514151300_00_02_9432.mp4,[1056, 455, 1334, 787]
00230001581314033615_22143_1459_260512151343_00_00_4966.mp4,[720, 585, 1233, 1074]
00230001581314038276_6303_1019_260514140229_00_00_1135.mp4,[806, 0, 1118, 331]
00230001581314039106_10711_2969_260512131753_00_00_6949.mp4,[279, 411, 1018, 1073]
00230001581314041571_7025_549_260514145110_00_02_9728.mp4,[261, 6, 1016, 952]
00230001581314042844_4618_1259_260514070309_00_00_5228.mp4,[587, 369, 826, 703]
00230001581314043009_1844_479_260513130024_00_00_8392.mp4,[1459, 552, 1920, 1064]
00230001581314043023_803_2059_260513073521_00_02_4465.mp4,[294, 2, 604, 372]
00230001581314043075_9808_2339_260512082609_00_00_6924.mp4,[686, 218, 1047, 508]
00230001581314043622_7023_1219_260512072302_00_00_3222.mp4,[1175, 128, 1505, 536]
00230001581314043851_2088_1009_260513070227_00_00_5891.mp4,[1086, 195, 1345, 385]
00230001581314043851_2088_1209_260513070300_00_00_6636.mp4,[1010, 233, 1467, 439]
00230001581314043851_2088_1279_260513070312_00_00_7402.mp4,[1169, 192, 1455, 379]
00230001581314043851_2088_1979_260513070508_00_00_4746.mp4,[1178, 244, 1453, 373]
00230001581314043851_2187_1559_260513071358_00_00_5003.mp4,[1118, 271, 1399, 428]
00230001581314043851_2187_1599_260513071405_00_00_4157.mp4,[1080, 251, 1408, 448]
00230001581314043851_2187_2399_260513071617_00_00_7786.mp4,[1127, 207, 1448, 404]
00230001581314043902_28813_3069_260514184808_00_00_3660.mp4,[842, 320, 1008, 541]
00230001581314044522_19995_2519_260511183638_00_02_5150.mp4,[619, 0, 898, 254]
00230001581314044702_28461_1649_260514170414_00_00_9763.mp4,[836, 27, 1011, 250]
00230001581314044898_28076_2869_260514151735_00_00_2448.mp4,[265, 272, 471, 668]
00230001581314045399_2173_2759_260513144719_00_00_1496.mp4,[1231, 241, 1733, 475]
00230001581314046748_2194_2229_260513071550_00_02_9869.mp4,[158, 464, 426, 871]
00230001581314046748_4675_299_260514071030_00_02_2358.mp4,[145, 448, 320, 722]
00230001581314046748_4675_959_260514071219_00_02_1163.mp4,[143, 443, 349, 729]
00230001581314046748_684_3509_260513072922_00_02_8369.mp4,[137, 433, 453, 854]
00230001581314047392_26845_2859_260514075751_00_00_5239.mp4,[607, 1, 817, 182]
00230001581314047392_402_2769_260513073736_00_00_7558.mp4,[50, 346, 370, 508]
00230001581314048189_20601_1969_260512065507_00_00_6830.mp4,[920, 80, 1251, 397]
00240001001310015310_129767_199_260513073028_00_00_5494.mp4,[891, 199, 1062, 497]
00240001001310017029_95711_659_260511184145_00_02_1811.mp4,[935, 342, 1221, 587]
00240001001310018053_132914_1639_260513183423_00_00_2768.mp4,[235, 62, 691, 475]
00240001001310018199_125034_2699_260514082720_00_00_2192.mp4,[863, 440, 1169, 641]
00240001001310018406_96325_739_260512072153_00_00_1994.mp4,[723, 206, 939, 618]
00240001001310018427_124824_3229_260514074852_00_02_2811.mp4,[644, 4, 890, 297]
00240001001310018836_134378_19_260514075001_00_02_4826.mp4,[387, 357, 527, 712]
00240001001310018836_134378_59_260514075001_00_02_3065.mp4,[409, 308, 628, 716]
00240001581314001293_126372_2709_260514145722_00_00_3896.mp4,[326, 87, 701, 342]
00240001581314002140_136797_1609_260514171418_00_02_8174.mp4,[401, 388, 573, 536]
00240001581314004057_86406_1959_260514072517_00_00_7953.mp4,[425, 174, 837, 475]
00240001581314006266_116589_1429_260512081339_00_00_4779.mp4,[732, 1, 928, 258]
00240001581314006266_116589_2489_260512081635_00_00_1971.mp4,[580, 3, 800, 267]
00240001581314009771_124557_3139_260512053822_00_00_2203.mp4,[552, 2, 1707, 440]
00240001581314009771_86088_289_260514054027_00_00_5617.mp4,[434, 4, 1103, 487]
00240001581314011421_81288_1509_260512112350_00_00_8493.mp4,[1157, 307, 1609, 804]
00240001581314011677_96654_1869_260512084450_00_00_1256.mp4,[725, 222, 1076, 695]
00240001581314011895_134967_849_260514113200_00_00_9686.mp4,[580, 1, 1178, 343]
00240001581314012255_102797_759_260514070146_00_00_1255.mp4,[635, 2, 1467, 291]
00240001581314015903_129864_2539_260513074642_00_00_9619.mp4,[1360, 657, 1920, 1076]
00250001581314011881_66012_2009_260513135525_00_00_7228.mp4,[662, 124, 916, 472]
00250001581314012013_3194_1309_260514201328_00_00_1478.mp4,[722, 249, 906, 449]
00250001581314012013_3194_1459_260514201353_00_00_2076.mp4,[719, 247, 907, 451]
00250001581314012013_3194_1649_260514201424_00_00_9233.mp4,[714, 252, 917, 443]
00250001581314012013_3194_2449_260514201637_00_00_6768.mp4,[698, 251, 917, 437]
00250001581314012013_68153_2889_260513201751_00_00_7417.mp4,[689, 252, 831, 471]
00250001581314012013_68153_3149_260513201834_00_00_7268.mp4,[626, 251, 814, 475]
00250001581314012015_89227_1439_260512183350_00_00_6988.mp4,[432, 212, 850, 485]
00250001581314012121_65870_969_260513133236_00_00_7670.mp4,[154, 268, 327, 448]
00250001581314012804_67996_2709_260512141721_00_00_3124.mp4,[975, 349, 1216, 621]
00250001581314012804_67996_2869_260512141748_00_00_5629.mp4,[993, 387, 1226, 626]
00250001581314013090_67202_179_260513180020_00_00_5520.mp4,[322, 165, 661, 474]
00250001581314013805_2243_329_260514141045_00_00_4682.mp4,[726, 19, 848, 241]
00250001581314014007_71988_1619_260513182424_00_02_2596.mp4,[457, 0, 646, 182]
00250001581314014641_66832_1629_260512072421_00_00_5927.mp4,[762, 59, 960, 253]
00250001581314014676_68048_599_260512143130_00_00_8971.mp4,[679, 388, 958, 614]
00250001581314014824_484_2959_260514071803_00_00_2108.mp4,[403, 16, 727, 516]
00250001581314014824_484_2989_260514071808_00_00_2765.mp4,[396, 37, 725, 517]
00250001581314014824_484_3399_260514071916_00_00_3220.mp4,[398, 125, 728, 498]
00250001581314015622_2398_589_260514144128_00_00_4960.mp4,[0, 254, 254, 467]
00250001581314016555_90916_2899_260513071743_00_00_6718.mp4,[612, 274, 887, 462]
00250001581314018727_932_609_260514075131_00_00_8977.mp4,[288, 89, 606, 352]
00250001581314019697_65306_2359_260513073612_00_00_1396.mp4,[537, 35, 821, 551]
00250001581314021065_86645_89_260512074001_00_00_6589.mp4,[1379, 1, 1603, 241]
00250001581314021076_71135_2029_260513142528_00_00_3403.mp4,[384, 25, 605, 266]
00250001581314021094_2304_1419_260514142347_00_00_3990.mp4,[638, 152, 959, 448]
00250001581314021638_1555_3149_260514134835_00_00_3001.mp4,[878, 283, 1130, 569]
00250001581314022430_68099_289_260512145039_00_00_8433.mp4,[478, 1, 741, 392]
00250001581314022491_2386_2289_260514145601_00_00_6778.mp4,[1613, 2, 1803, 248]
00250001581314023154_3970_239_260514202030_00_02_5175.mp4,[298, 236, 425, 404]
00250001581314023709_71703_2379_260513171626_00_00_7470.mp4,[288, 89, 578, 385]
00250001581314023787_66877_19_260512073000_00_00_4050.mp4,[707, 392, 1158, 711]
00250001581314024470_988_7719_260514083502_00_00_8589.mp4,[12, 379, 325, 713]
00250001581314024762_64529_2169_260513063552_00_02_4922.mp4,[593, 556, 799, 717]
00250001581314026570_655_1619_260514071409_00_00_7786.mp4,[867, 511, 1355, 1070]
00250001581314026570_655_1919_260514071458_00_00_5240.mp4,[891, 540, 1388, 1031]
00250001581314027185_66571_1909_260513155457_00_00_9032.mp4,[1308, 2, 1611, 331]
00250001581314030414_2916_379_260514165053_00_02_5712.mp4,[692, 223, 975, 526]
00250001581314030801_90873_1829_260513071459_00_00_9060.mp4,[27, 246, 926, 985]
00250001581314032293_443_1059_260514065235_00_00_6456.mp4,[477, 81, 968, 1004]
00250001581314032293_86224_1989_260512064510_00_00_5551.mp4,[524, 232, 924, 1041]
00250001581314032452_60850_2659_260512070701_00_00_8189.mp4,[632, 5, 1164, 491]
00250001581314033160_3020_289_260514193019_00_02_7420.mp4,[1103, 575, 1358, 840]
00250001581314033206_62305_3399_260512140904_00_02_3544.mp4,[1550, 147, 1789, 392]
00250001581314033613_89487_5629_260512191338_00_00_7446.mp4,[362, 349, 791, 716]
00280001581314094050_6787_2249_260514071605_00_02_5591.mp4,[352, 231, 635, 571]
00280001581314095917_7088_659_260514074140_00_02_4838.mp4,[987, 135, 1271, 484]
00280001581314096371_1052_2409_260512130636_00_00_4027.mp4,[614, 656, 839, 936]
00280001581314096504_2067_19_260513074001_00_02_4963.mp4,[842, 624, 1037, 885]
00280001581314096531_10032_2379_260514152631_00_00_3814.mp4,[303, 3, 523, 265]
00280001581314098747_6960_3069_260514073821_00_00_1879.mp4,[668, 2, 1092, 279]
00280001581314098896_9759_779_260514145205_00_00_4112.mp4,[248, 172, 495, 501]
00280001581314099586_9825_3129_260514171820_00_02_6284.mp4,[1440, 18, 1727, 417]
00280001581314100764_7935_2909_260514084801_00_02_2827.mp4,[596, 2, 779, 128]
00280001581314100778_1177_3009_260512145811_00_00_8616.mp4,[90, 159, 285, 478]
00280001581314103412_6090_1539_260513183356_00_00_6953.mp4,[912, 29, 1165, 343]
00280001581314106061_2544_2499_260513074651_00_02_8805.mp4,[559, 1, 723, 224]
00280001581314116643_2437_249_260513072021_00_02_3338.mp4,[474, 234, 738, 498]
00280001581314131273_10145_419_260514160105_00_02_7837.mp4,[130, 158, 331, 368]
00290001001310010429_94688_29_260512072000_00_00_9522.mp4,[751, 292, 981, 649]
00290001001310014079_12492_1939_260514083518_00_00_2354.mp4,[486, 23, 613, 266]
00290001001310014153_65835_1289_260511182330_00_00_2690.mp4,[-1, 49, 502, 701]
00290001001310014153_65835_1329_260511182337_00_00_1389.mp4,[0, 14, 502, 596]
00290001001310014153_65835_209_260511182030_00_00_5067.mp4,[0, 68, 354, 644]
00290001001310014437_130674_2239_260513073608_00_02_5524.mp4,[677, 465, 833, 711]
00290001001310014456_68209_3399_260512153916_00_00_6714.mp4,[506, 135, 642, 454]
00290001001310015013_4289_799_260512081208_00_00_8822.mp4,[268, 59, 419, 203]
00290001001310015455_1073_2929_260513071803_00_02_8042.mp4,[311, 1, 663, 320]
00290001001310016611_69632_1689_260513072437_00_00_7154.mp4,[507, 79, 697, 407]
00290001581314001996_1213_2709_260513073726_00_00_9208.mp4,[362, 220, 730, 550]
00290001581314015789_71142_3299_260513152859_00_00_6300.mp4,[645, 536, 934, 716]
00290001581314026389_1565_859_260514075202_00_00_2249.mp4,[359, 527, 676, 835]
00290001581314028564_130433_2679_260513071722_00_00_7562.mp4,[1051, 0, 1550, 314]
00290001581314029366_130514_1089_260513072256_00_02_8913.mp4,[853, 101, 1183, 424]
00290001581314029893_3598_2399_260514151634_00_02_1619.mp4,[1478, 344, 1627, 542]
00290001581314030392_128181_1609_260512150422_00_00_1001.mp4,[1554, 469, 1810, 839]
00290001581314030395_67860_3559_260512144947_00_00_9305.mp4,[696, 363, 1242, 881]
00290001581314032587_69775_2159_260513074554_00_00_5310.mp4,[701, 702, 1305, 1074]
00290001581314033127_12274_539_260514075125_00_00_2529.mp4,[579, 161, 908, 616]
00290001581314036276_72661_559_260514072128_00_02_1221.mp4,[572, 39, 951, 436]
00290001581314036648_94737_1869_260512072505_00_02_2740.mp4,[1204, 476, 1418, 689]
00290001581314037135_14059_6889_260514151922_00_00_9477.mp4,[716, 684, 973, 962]
00290001581314037135_3705_9_260514152000_00_00_9793.mp4,[704, 512, 1006, 938]
00290001581314038868_1281_1239_260513074139_00_02_6435.mp4,[809, 123, 1038, 327]
00290001581314039561_74653_4929_260514171638_00_00_8229.mp4,[208, 334, 391, 555]
00290001581314039778_130710_2459_260513074317_00_00_4997.mp4,[1501, 3, 1717, 259]
00290001581314040329_13712_309_260514141020_00_00_5032.mp4,[889, 17, 1327, 222]
00290001581314040588_67710_2779_260512140733_00_02_4441.mp4,[465, 336, 600, 495]
00290001581314040965_5829_5449_260512152721_00_02_6465.mp4,[639, 215, 964, 603]
00595001581314001157_7810_1859_260514162500_00_00_8495.mp4,[983, 340, 1186, 620]
00595001581314001747_143933_2299_260512064602_00_02_4219.mp4,[437, 309, 761, 565]
00595001581314001752_72977_1669_260512134417_00_00_2910.mp4,[207, 64, 484, 441]
00595001581314001790_5045_3189_260514072829_00_02_9342.mp4,[142, 567, 377, 780]
00595001581314001931_144577_1389_260512075532_00_00_1857.mp4,[390, 521, 733, 1026]
00595001581314001931_149713_829_260513075323_00_00_2718.mp4,[44, 561, 487, 1052]
00595001581314002552_73254_1009_260512144227_00_00_8413.mp4,[698, 113, 1032, 389]
010R01517_115_14151019_260519234553_00_02_1725.mp4,[537, 157, 666, 429]
010R01544_122_13944389_260519141004_00_00_4663.mp4,[406, 313, 836, 684]
010R01544_122_14664459_260520233015_00_00_7912.mp4,[441, 430, 600, 746]
010R02176_73_9193989_260519070013_00_02_8102.mp4,[960, 383, 1248, 743]
010R0244_122_15994249_260522072737_00_02_9236.mp4,[750, 534, 1275, 1032]
010W061217_17_456909_260519012934_00_00_9875.mp4,[496, 509, 816, 964]
010W061385_196_2705209_260520142122_00_02_7056.mp4,[1003, 153, 1229, 544]
010W061388_354_1972059_260519042013_00_02_1508.mp4,[909, 92, 1085, 378]
010W061392_358_1951239_260519032210_00_02_5154.mp4,[437, 729, 799, 1074]
010W061399_365_2988549_260521032217_00_00_5080.mp4,[760, 408, 1036, 742]
010W061400_366_1932359_260519023017_00_02_6711.mp4,[280, 429, 443, 847]
010W061400_366_2382229_260519231909_00_02_2037.mp4,[764, 307, 1104, 569]
010W061517_185_4020069_260519025159_00_00_4845.mp4,[548, 359, 1062, 550]
010W061528_383_2250619_260521174051_00_00_1305.mp4,[1107, 250, 1245, 369]
010W061757_105_8620159_260518232247_00_02_8105.mp4,[383, 175, 640, 402]
010W061979_215_9754869_260522051932_00_00_8609.mp4,[540, 55, 687, 239]
010W061982_218_9760969_260522053722_00_00_7394.mp4,[455, 178, 804, 362]
010W062104_378_921369_260519022719_00_00_5633.mp4,[988, 420, 1197, 819]
010W062367_41_6558969_260519005641_00_02_7342.mp4,[130, 446, 357, 631]
010W062554_04_29199_260520130747_00_00_5583.mp4,[223, 264, 728, 521]
010W062554_25_1979_260521012056_00_00_1559.mp4,[618, 217, 941, 521]
010W062555_26_42539_260521041233_00_00_9546.mp4,[706, 234, 1017, 413]
010W062571_42_7201129_260520065316_00_02_4811.mp4,[849, 225, 979, 582]
010W062581_59_3019_260522045239_00_02_8335.mp4,[579, 2, 1002, 374]
010W062783_54_7499_260521080630_00_00_4596.mp4,[1384, 523, 1919, 882]
010W062909_249_352439_260521040425_00_02_1799.mp4,[298, 73, 435, 211]
010W062988_34_7109_260521053716_00_00_1008.mp4,[236, 506, 864, 1071]
010W062995_16_25999_260520125904_00_02_7045.mp4,[585, 227, 756, 439]
010W063008_18_7066159_260520003739_00_00_8783.mp4,[1244, 349, 1369, 665]
010W063008_18_7067319_260520004052_00_02_6928.mp4,[1109, 337, 1400, 773]
010W063184_70_423629_260519235938_00_00_9043.mp4,[150, 437, 542, 877]
010W063189_43_7929_260522133715_00_00_8745.mp4,[693, 450, 1013, 731]
010W063193_34_483459_260520024522_00_02_7846.mp4,[1098, 979, 1425, 1421]
010W063193_35_624669_260518142606_00_00_8398.mp4,[459, 1123, 1150, 1422]
010W063194_24_374579_260524042735_00_00_2677.mp4,[1361, 481, 2171, 933]
010WA011101_24_173449_260520000715_00_00_5100.mp4,[985, 7, 1115, 217]
010WA011102_28_294259_260520155418_00_02_4639.mp4,[294, 511, 541, 746]
010WA011106_27_11686039_260519030334_00_00_9812.mp4,[1370, 201, 1632, 520]
010WA011180_67_1546149_260523015418_00_00_2332.mp4,[628, 201, 841, 371]
010WA011214_81_11580369_260518221611_00_00_6598.mp4,[835, 179, 1135, 488]
010WA011271_37_236409_260522131456_00_00_5351.mp4,[508, 665, 691, 884]
010WA011273_34_279769_260522151526_00_00_8607.mp4,[347, 823, 555, 1002]
010WA011273_34_730239_260523120738_00_00_5029.mp4,[170, 789, 326, 991]
010WA011469_43_5055949_260519004707_00_00_8241.mp4,[1122, 331, 1340, 530]
010WA011513_09_400969_260520205124_00_00_5966.mp4,[784, 238, 1046, 505]
010WA011518_02_498939_260523024139_00_00_1354.mp4,[814, 312, 1054, 559]
010WA011519_101_1889049_260520174256_00_02_5670.mp4,[673, 55, 1506, 699]
010WA01166_95_5304069_260520233648_00_00_4875.mp4,[1243, 572, 1920, 1060]
010WA01166_95_5315869_260521000936_00_02_6384.mp4,[1396, 634, 1918, 1074]
010WA01166_95_6167279_260522153621_00_02_4990.mp4,[1257, 721, 1567, 1072]
010WA01166_95_6169189_260522154139_00_02_5914.mp4,[1254, 728, 1564, 1072]
010WA01166_95_6170489_260522154516_00_02_6575.mp4,[1260, 725, 1535, 1068]
010WA01492_126_1836609_260520152151_00_02_2158.mp4,[916, 669, 1140, 994]
010WB011129_395_757849_260520131513_00_00_7714.mp4,[1435, 315, 1703, 458]
010WB011339_270_8812159_260521020650_00_00_5889.mp4,[1442, 407, 1612, 767]
010WB011340_271_8370559_260520054021_00_00_5936.mp4,[988, 164, 1291, 497]
010WB011469_129_14295399_260523043004_00_02_4604.mp4,[344, 365, 639, 674]
010WB011579_287_11449729_260521043717_00_00_2652.mp4,[569, 411, 1078, 740]
010WB011602_298_12744779_260523163826_00_02_9982.mp4,[854, 69, 1123, 323]
010WB011614_304_3384819_260522065425_00_02_2261.mp4,[1129, 86, 1426, 427]
010WB011669_280_12102349_260522105227_00_00_7565.mp4,[840, 274, 1392, 542]
010WB01536_229_12826569_260520083307_00_02_6674.mp4,[32, 502, 411, 822]
010WB01537_112_14775709_260522061701_00_02_2174.mp4,[359, 102, 623, 438]
010WB01543_222_12142869_260519005134_00_02_2507.mp4,[745, 337, 1053, 579]
010WB01557_199_11781199_260518080651_00_02_5055.mp4,[232, 382, 380, 583]
010WB01560_249_56879_260519044810_00_00_5335.mp4,[83, 420, 545, 1072]
010WB01687_258_13499_260521030715_00_00_1432.mp4,[1001, 498, 1918, 1045]
010WB01705_308_9315779_260522013803_00_00_7190.mp4,[550, 187, 859, 412]
010WB01715_351_10315339_260523235506_00_00_2385.mp4,[974, 27, 1354, 248]
010WB01765_116_13850069_260521061332_00_00_3437.mp4,[724, 513, 1263, 1075]
010WB01958_32_10121679_260523042801_00_02_8990.mp4,[705, 766, 951, 1049]
010WD021002_265_3992149_260522011129_00_00_8303.mp4,[842, 471, 1227, 608]
010WD021141_303_775169_260518220740_00_02_8193.mp4,[1140, 154, 1322, 371]
010WD021176_298_895159_260519033954_00_00_6675.mp4,[174, 451, 453, 707]
010WD021231_285_2059229_260521093251_00_02_2257.mp4,[767, 335, 1045, 637]
010WD021242_296_1889889_260521014108_00_00_1100.mp4,[867, 335, 1149, 759]
010WD02136_308_589569_260518133309_00_00_5436.mp4,[144, 401, 400, 638]
010WD02137_309_682189_260518175023_00_02_6171.mp4,[1016, 131, 1253, 435]
010WD021484_299_2181039_260521151128_00_02_9821.mp4,[957, 81, 1224, 277]
010WD021484_299_2181669_260521151313_00_00_9362.mp4,[1128, 63, 1347, 242]
010WD02151_323_2294789_260521203002_00_02_6802.mp4,[0, 713, 533, 1075]
010WD021882_600_968199_260519070758_00_02_7493.mp4,[544, 82, 830, 303]
010WD022004_328_28459_260520071232_00_00_5507.mp4,[751, 0, 1426, 324]
010WD02211_131_1459869_260520054823_00_00_1994.mp4,[896, 393, 1190, 711]
010WD02217_134_1108819_260519133312_00_02_3627.mp4,[831, 305, 1105, 584]
010WD02230_219_2897489_260523002631_00_02_1696.mp4,[703, 334, 1074, 664]
010WD02284_220_1652859_260520144619_00_00_5704.mp4,[1394, 234, 1572, 379]
010WD02285_221_647149_260518161043_00_00_4377.mp4,[685, 189, 903, 367]
010WD02285_221_936319_260519053432_00_00_2185.mp4,[135, 351, 402, 475]
010WD02286_222_2502759_260522060909_00_02_2753.mp4,[1355, 267, 1561, 441]
010WD02458_167_1385889_260519052716_00_00_9525.mp4,[625, 231, 897, 511]
010WD02475_292_2562459_260522085846_00_02_8169.mp4,[893, 205, 1902, 1075]
010WD02475_292_2564019_260522090306_00_02_7721.mp4,[1029, 185, 1872, 1073]
010WD02539_146_1549149_260519125652_00_00_6758.mp4,[569, 475, 839, 771]
010WD02556_252_1815049_260520221958_00_00_1676.mp4,[960, 553, 1420, 1070]
010WD02732_142_2168389_260521144146_00_02_1978.mp4,[835, 624, 1057, 1077]
010WD02788_286_858209_260519015520_00_02_7469.mp4,[63, 558, 391, 854]
010WD02805_260_2129819_260521125050_00_00_8818.mp4,[1334, 443, 1730, 828]
010WD02836_275_842559_260519011523_00_02_8839.mp4,[801, 455, 1099, 725]
010WD02849_281_2913329_260520191444_00_02_4683.mp4,[523, 582, 989, 1044]
010WD02876_174_1281529_260519213552_00_02_8404.mp4,[363, 384, 491, 553]
010WD02880_245_62529_260521131453_00_00_5698.mp4,[777, 344, 999, 588]
010WD02885_249_348379_260522022858_00_00_9216.mp4,[436, 425, 960, 661]
010WD02887_181_890709_260519033021_00_02_3933.mp4,[238, 485, 608, 818]
010WD02947_238_722539_260518193909_00_00_2585.mp4,[285, 486, 824, 707]
010WD02981_153_821339_260519001628_00_00_4668.mp4,[1250, 608, 1554, 1018]
010WD02982_154_2358159_260521232901_00_00_9485.mp4,[313, 160, 713, 491]
010WD02984_508_7655879_260522053707_00_00_6065.mp4,[771, 350, 980, 875]
010WD02993_253_2392229_260521035817_00_00_1579.mp4,[840, 288, 1097, 557]
010X011576_51_5340589_260519022317_00_00_1086.mp4,[146, 110, 410, 458]
010X011903_41_5093059_260522203552_00_02_2764.mp4,[442, 479, 1015, 1073]
010X011922_32_23750699_260522141913_00_02_3217.mp4,[441, 87, 646, 291]
010X011922_32_23934189_260522192503_00_02_6724.mp4,[177, 137, 479, 378]
010X011945_40_13233339_260519065337_00_02_7978.mp4,[1502, 414, 1657, 569]
010X011964_38_8268219_260519093452_00_00_4032.mp4,[1032, 139, 1157, 335]
010X011998_69_1640959_260520211819_00_02_7092.mp4,[933, 37, 1239, 277]
010X012070_113_282179_260521152010_00_00_9734.mp4,[816, 166, 1052, 484]
010X012188_17_14980999_260522154634_00_00_3297.mp4,[837, 195, 1042, 460]
010X012188_17_14981039_260522154641_00_00_5529.mp4,[827, 203, 1017, 470]
010X012248_36_1204159_260520010556_00_00_3123.mp4,[323, 245, 721, 712]
010X012266_125_8024109_260523094631_00_00_2181.mp4,[586, 603, 1247, 856]
010X012283_17_4184509_260521223104_00_02_2121.mp4,[1127, 408, 1377, 606]
010X012373_82_22672009_260520002614_00_02_5162.mp4,[1384, 127, 1750, 449]
010X02310_105_14880929_260522111119_00_00_3349.mp4,[540, 152, 871, 397]
010X02310_105_15279239_260523053745_00_00_2942.mp4,[1049, 156, 1390, 402]
010X02332_26_5838619_260521021236_00_02_6556.mp4,[961, 530, 1105, 931]
010X02332_26_6400129_260522041223_00_02_5702.mp4,[1135, 686, 1470, 1025]
010X02337_116_13104259_260519005355_00_00_8336.mp4,[475, 204, 806, 432]
010X02410_80_5803439_260519025937_00_00_7348.mp4,[724, 362, 932, 531]
010X02410_80_7610129_260522143816_00_02_1546.mp4,[1033, 347, 1220, 595]
010X0276_40_3168349_260519032214_00_02_9791.mp4,[960, 232, 1237, 588]
020R02139_150_7312999_260522153153_00_00_9817.mp4,[1586, 348, 1801, 558]
020R02146_155_3627779_260521043527_00_00_2627.mp4,[486, 573, 719, 956]
020R0241_119_3029399_260520002839_00_02_8562.mp4,[1171, 109, 1301, 297]
020R0245_121_2859209_260519163558_00_00_8623.mp4,[1030, 518, 1492, 1009]
020R0269_146_4120929_260522033013_00_02_9138.mp4,[133, 383, 287, 554]
020R0269_146_4369979_260522150305_00_02_9242.mp4,[31, 461, 319, 700]
020RD01111_279_568179_260518201034_00_02_5828.mp4,[725, 602, 1007, 880]
020RD01112_331_1383219_260522163528_00_02_9208.mp4,[1548, 527, 1765, 811]
020RD01112_414_101059_260523124844_00_00_3177.mp4,[168, 502, 655, 1024]
020RD01114_340_1380509_260521212700_00_02_4616.mp4,[776, 497, 1199, 815]
020RD01114_340_1696039_260522112809_00_02_7143.mp4,[1088, 561, 1363, 841]
020RD01114_340_2029959_260523021810_00_02_1828.mp4,[1040, 466, 1193, 755]
020RD01119_339_1120589_260522071056_00_02_5179.mp4,[972, 349, 1120, 578]
020RD01122_334_460039_260520233524_00_02_6029.mp4,[116, 236, 327, 475]
020RD01123_288_2726119_260522200407_00_00_7240.mp4,[1348, 559, 1530, 918]
020RD011328_257_1633219_260520223622_00_02_8891.mp4,[691, 169, 1404, 596]
020RD01137_308_2278109_260522044554_00_00_3877.mp4,[998, 812, 1307, 1073]
020RD01137_308_2332619_260522071746_00_00_6389.mp4,[73, 836, 364, 1073]
020RD011428_350_598939_260521065643_00_00_8364.mp4,[359, -2, 1320, 1082]
020RD011431_174_4273849_260521005001_00_00_3616.mp4,[1496, 373, 1686, 557]
020RD011445_178_5454739_260523073245_00_00_8461.mp4,[1531, 380, 1895, 854]
020RD0115_277_772899_260519064508_00_00_6841.mp4,[760, 110, 1084, 328]
020RD01163_270_1740579_260521032834_00_00_8166.mp4,[877, 49, 1204, 322]
020RD01167_272_2806009_260523044625_00_00_8207.mp4,[717, 66, 946, 351]
020RD01170_275_1253059_260520045514_00_00_4603.mp4,[543, 51, 1003, 455]
020RD01173_277_688149_260519024659_00_00_6792.mp4,[424, 178, 744, 614]
020RD01174_278_1387719_260520110847_00_00_1173.mp4,[845, 247, 1225, 612]
020RD01223_297_2139969_260521220349_00_02_3977.mp4,[456, 359, 715, 605]
020RD01246_302_3016609_260523143626_00_02_9001.mp4,[1228, 267, 1480, 666]
020RD01252_306_3250269_260524012509_00_02_6473.mp4,[48, 308, 391, 754]
020RD01292_47_2202789_260520140704_00_02_5558.mp4,[499, 134, 736, 374]
020RD01308_55_1155769_260518134023_00_00_3118.mp4,[1221, 602, 1749, 1074]
020RD01358_257_2359859_260522081046_00_02_7160.mp4,[294, 717, 594, 903]
020RD01361_259_1050879_260519194939_00_02_1324.mp4,[1127, 469, 1264, 678]
020RD01371_264_2449699_260522081529_00_00_3524.mp4,[1157, 737, 1380, 1031]
020RD01403_218_4331799_260523162313_00_00_2752.mp4,[0, 3, 740, 637]
020RD01426_85_1854499_260521052046_00_00_8650.mp4,[281, 380, 933, 1035]
020RD01499_368_345189_260520001035_00_02_5887.mp4,[1535, 259, 1786, 538]
020RD01501_397_1115769_260522070504_00_00_3320.mp4,[424, 548, 621, 772]
020RD01544_310_67069_260519111643_00_00_5698.mp4,[659, 420, 810, 709]
020RD01553_355_260909_260520151642_00_02_3367.mp4,[758, 362, 951, 588]
020RD01553_355_308309_260520172827_00_02_1058.mp4,[464, 397, 719, 614]
020RD01554_361_207659_260519174951_00_02_5439.mp4,[250, 238, 408, 412]
020RD01573_395_2347449_260524162122_00_00_7700.mp4,[124, 562, 533, 921]
020RD01598_323_324309_260519231423_00_02_3862.mp4,[570, 604, 1043, 1009]
020RD0238_322_28239_260520042953_00_00_3801.mp4,[46, 22, 492, 359]
020RD0245_267_1803599_260521032309_00_00_9704.mp4,[563, 724, 755, 1040]
020VM03233_164_9384099_260519154251_00_02_9730.mp4,[636, 333, 810, 586]
020VM03233_164_9941189_260520173100_00_02_6022.mp4,[699, 275, 918, 538]
020VM03233_164_9942039_260520173322_00_02_4827.mp4,[649, 305, 899, 551]
020VM03239_200_5991189_260519035411_00_00_4843.mp4,[1345, 319, 1541, 483]
020VM03244_203_6531149_260520045652_00_02_6083.mp4,[274, 528, 484, 750]
020W011176_25_2419479_260521123625_00_00_7921.mp4,[738, 413, 925, 668]
020W011310_108_777089_260520141036_00_00_5781.mp4,[404, 130, 620, 417]
020W011310_69_148109_260518223351_00_02_2826.mp4,[1493, 208, 1664, 375]
020W011326_91_234199_260518123444_00_00_1509.mp4,[94, 178, 290, 493]
020W011327_119_859069_260520175847_00_00_3696.mp4,[662, 63, 1038, 746]
020W011348_21_10229_260518161117_00_00_6051.mp4,[857, 781, 1121, 1078]
020W011348_21_872299_260520080557_00_02_8257.mp4,[457, 848, 702, 1076]
020W013088_69_216719_260519013853_00_02_1179.mp4,[584, 528, 858, 780]
020W013097_127_77989_260519054859_00_00_9213.mp4,[1435, 486, 1922, 874]
020W013124_83_3639_260518155300_00_02_1491.mp4,[897, 495, 1074, 684]
020W013340_148_260019_260518134814_00_00_6664.mp4,[1158, 173, 1322, 321]
020W01992_05_1042559_260518131308_00_00_3035.mp4,[1233, 74, 1454, 566]
020WE03100_03_21247119_260519015320_00_02_9695.mp4,[187, 541, 390, 715]
020WE03113_06_14134709_260521173641_00_00_7292.mp4,[1646, 559, 1810, 842]
020WE03114_07_15311389_260524000436_00_02_3815.mp4,[147, 478, 325, 693]
020WE03115_08_14715489_260522202926_00_02_7083.mp4,[1542, 609, 1688, 837]
020WE03116_09_12728389_260519002908_00_02_1098.mp4,[1591, 649, 1823, 842]
020WE03222_157_4953469_260518223823_00_00_3177.mp4,[1570, 409, 1788, 627]
020WE03286_520_5139269_260519120911_00_02_6814.mp4,[126, 263, 312, 518]
020WE0330_101_20384709_260518230342_00_00_9586.mp4,[1084, 217, 1314, 684]
020WE03310_221_2962239_260523023522_00_02_6180.mp4,[359, 603, 559, 840]
020WE03345_633_287059_260520173830_00_02_4208.mp4,[1551, 863, 1741, 1076]
020WE03501_613_1395089_260519030543_00_02_1166.mp4,[1110, 540, 1278, 739]
020WE03502_614_1854279_260520002118_00_00_5430.mp4,[525, 265, 770, 466]
020WE03504_616_1245369_260518200700_00_00_9877.mp4,[70, 641, 327, 851]
020WE03506_201_1327369_260518235450_00_00_5479.mp4,[1192, 700, 1372, 954]
020WE03531_62_12582039_260518181112_00_00_1700.mp4,[164, 272, 441, 447]
020WE03545_00_13326089_260520043854_00_00_8694.mp4,[670, 213, 1057, 614]
020WE0373_227_2338209_260521215408_00_00_2332.mp4,[780, 245, 1029, 666]
020WE0387_237_2307209_260520014743_00_02_6827.mp4,[106, 834, 287, 1072]
020WM011156_76_4295139_260523003909_00_00_7272.mp4,[213, 22, 507, 252]
020WM011215_30_3713079_260521213737_00_02_3645.mp4,[353, 2, 791, 457]
020WM011232_47_2497559_260519131651_00_00_1480.mp4,[454, 274, 1679, 923]
020WM011238_53_3772359_260522001940_00_02_5134.mp4,[-1, 598, 584, 1073]
020WM011260_72_2348029_260519062348_00_02_5238.mp4,[94, 65, 466, 379]
020WM011273_389_2643439_260519200605_00_02_5183.mp4,[769, 15, 1100, 243]
020WM011278_390_2378039_260519075258_00_00_1535.mp4,[1074, 226, 1227, 406]
020WM011297_407_2138699_260518204450_00_00_4144.mp4,[360, 213, 534, 342]
020WM011299_04_3303779_260522100448_00_02_5077.mp4,[590, 234, 806, 473]
020WM011454_26_3217769_260520164434_00_02_2191.mp4,[601, 64, 998, 395]
020WM011456_28_2074769_260518135645_00_02_6042.mp4,[1095, 14, 1917, 911]
020WM011456_28_4708619_260523110029_00_02_3966.mp4,[1320, 222, 1784, 702]
020WM011456_28_4710239_260523110448_00_02_5151.mp4,[966, 1, 1921, 987]
020WM011458_30_2847059_260520001601_00_02_2790.mp4,[995, 263, 1921, 1045]
020WM011463_34_2307479_260519001701_00_02_7736.mp4,[1304, 543, 1920, 1075]
020WM011465_35_1932839_260518073756_00_02_5105.mp4,[1253, 180, 1920, 891]
020WM011467_37_4670369_260523091854_00_02_5114.mp4,[1266, 278, 1885, 1072]
020WM011473_43_2927919_260520035128_00_00_2954.mp4,[1424, 2, 1673, 244]
020WM011473_43_3778119_260521173843_00_02_2062.mp4,[1250, 365, 1920, 1072]
020WM011474_44_4521849_260523024259_00_02_1600.mp4,[1403, 611, 1919, 1076]
020WM011476_46_2890499_260520021215_00_02_9352.mp4,[1458, 665, 1921, 1076]
020WM011477_47_2957859_260520051204_00_02_3819.mp4,[1287, 40, 1504, 235]
020WM011477_47_3480429_260521042537_00_02_4726.mp4,[1419, 435, 1918, 1074]
020WM011477_47_4007079_260522035011_00_02_9242.mp4,[1315, 393, 1920, 1074]
020WM011483_34_92219_260523050832_00_02_6793.mp4,[1500, 287, 1920, 697]
020WM011589_54_3618799_260520053521_00_00_7627.mp4,[288, 765, 1304, 1071]
020WM011593_58_3552649_260520034443_00_00_6955.mp4,[854, 424, 1174, 1060]
020WM011634_80_4391799_260521030337_00_02_7570.mp4,[1588, 40, 1789, 256]
020WM011641_48_593799_260519172307_00_02_4975.mp4,[1387, 316, 1538, 736]
020WM011650_91_5754409_260522165433_00_02_9342.mp4,[1422, 526, 1919, 898]
020WM01870_05_2898309_260520074717_00_02_3036.mp4,[772, 479, 1005, 725]
020WM01978_15_792619_260522153758_00_02_1285.mp4,[1176, 244, 1434, 540]
020WT0195_59_8935569_260519143726_00_00_6394.mp4,[147, 562, 352, 851]
021R0201_23_6884759_260521112406_00_00_9219.mp4,[898, 0, 1092, 424]
021R0229_82_1093159_260518124123_00_00_6373.mp4,[294, 2, 611, 292]
021R0230_83_2429599_260521023346_00_00_8765.mp4,[834, 421, 976, 621]
021R0230_83_2602729_260521103441_00_02_2158.mp4,[229, 610, 360, 809]
021R0232_88_2408319_260521013446_00_00_7148.mp4,[1351, 80, 1671, 240]
021R0232_88_2446439_260521032039_00_00_7040.mp4,[529, 328, 735, 712]
021WD021034_40_2239669_260519010815_00_02_4313.mp4,[934, 558, 1136, 781]
021WD021306_14_3300159_260520211944_00_00_7066.mp4,[729, 69, 841, 277]
021WD021592_09_3225649_260520225231_00_00_1393.mp4,[-1, 233, 572, 993]
021WD02735_09_2131749_260518200749_00_02_4821.mp4,[766, 524, 901, 725]
021WD02750_20_3753969_260521231305_00_02_4470.mp4,[174, 280, 483, 627]
021WE021019_354_1646959_260521165416_00_00_1109.mp4,[21, 592, 396, 966]
021WE021019_354_1647159_260521165449_00_00_2729.mp4,[22, 600, 452, 1008]
021WE021019_354_2414299_260523042734_00_00_3655.mp4,[112, 522, 372, 800]
021WE021020_353_1271599_260520232853_00_02_9312.mp4,[731, 551, 865, 835]
021WE021020_353_1647959_260521165420_00_00_4485.mp4,[1577, 496, 1765, 699]
021WE021027_351_216929_260518223934_00_00_2391.mp4,[121, 770, 375, 1006]
021WE021027_351_306289_260519024757_00_00_5981.mp4,[208, 733, 394, 1049]
021WE021028_355_176179_260518204620_00_02_9860.mp4,[1189, 683, 1338, 887]
021WE021028_355_1847079_260522021101_00_00_7541.mp4,[1511, 643, 1764, 985]
021WE021034_364_713809_260519213936_00_00_1361.mp4,[710, 333, 899, 534]
021WE021035_380_730449_260519222712_00_02_1681.mp4,[734, 273, 922, 564]
021WE021045_360_250419_260519001220_00_00_5548.mp4,[972, 249, 1153, 510]
021WE021170_277_2410169_260521155242_00_00_6332.mp4,[545, 319, 788, 546]
021WE021290_15_6421589_260521023952_00_02_1546.mp4,[534, 550, 759, 804]
021WE021303_17_5844979_260520000818_00_02_8033.mp4,[1207, 86, 1367, 317]
021WE021303_17_6971199_260522041829_00_00_5260.mp4,[1567, 574, 1879, 917]
021WE021304_18_6342619_260520230036_00_00_6302.mp4,[1559, 164, 1727, 445]
021WE021382_47_5422299_260519042235_00_00_6900.mp4,[84, 619, 1815, 1067]
021WE021391_53_6840449_260521220204_00_02_1801.mp4,[1126, 818, 1308, 945]
021WE021481_336_1124489_260518194746_00_02_4816.mp4,[485, 340, 691, 519]
021WE021505_78_7562529_260523073009_00_00_4175.mp4,[284, 2, 690, 236]
021WE021531_61_13009769_260523190034_00_02_2395.mp4,[458, 159, 721, 368]
021WE021613_131_8151619_260518231800_00_02_1312.mp4,[9, 330, 946, 1074]
021WE021642_94_11695099_260523014630_00_00_8737.mp4,[582, 663, 1072, 1071]
021WE021652_136_5424999_260520230031_00_00_6425.mp4,[1526, 339, 1673, 570]
021WE021658_140_4501749_260519041554_00_02_2463.mp4,[1037, 382, 1162, 576]
021WE021659_141_5033559_260520045312_00_00_7338.mp4,[1263, 668, 1472, 1066]
021WE021690_129_7929249_260519161542_00_02_2972.mp4,[409, 448, 709, 723]
021WE021693_130_8391989_260520050746_00_00_8604.mp4,[479, 417, 1222, 917]
021WE021782_150_110969_260519171727_00_00_2260.mp4,[691, 242, 1029, 572]
021WE021816_252_372229_260519055112_00_00_1420.mp4,[621, 594, 789, 836]
021WE021822_398_236909_260520162540_00_02_1967.mp4,[1383, 380, 1613, 733]
021WE021824_432_683869_260523002204_00_00_3572.mp4,[178, 108, 640, 565]
021WE021828_203_143759_260520135019_00_02_9035.mp4,[1060, 334, 1388, 726]
021WE021842_116_8413299_260519063315_00_02_9488.mp4,[830, 3, 1223, 432]
021WE021843_117_8570759_260519105559_00_00_6710.mp4,[617, 226, 1079, 578]
021WE021864_115_7893009_260518160532_00_00_3151.mp4,[667, 43, 1356, 922]
021WE021874_42_3241859_260520081854_00_02_5685.mp4,[403, 111, 623, 297]
021WE021895_53_4280839_260521131107_00_02_7576.mp4,[1155, 570, 1267, 738]
021WE021898_55_10286749_260520151727_00_02_5065.mp4,[547, 465, 800, 743]
021WE021923_192_1459059_260523030000_00_00_3126.mp4,[668, 576, 1254, 905]
021WE02800_249_1142119_260523130624_00_02_9354.mp4,[573, 204, 1245, 1015]
021WF011023_27_1091049_260520051128_00_00_6350.mp4,[171, 370, 795, 1073]
021WF011042_42_579869_260519053147_00_02_6745.mp4,[1455, 648, 1635, 966]
021WF011043_43_773349_260519142914_00_00_1745.mp4,[935, 202, 1134, 563]
021WF011044_61_309329_260521072239_00_02_1899.mp4,[190, 811, 476, 1075]
021WF011044_61_747719_260522034025_00_02_4178.mp4,[741, 122, 1022, 351]
021WF011045_45_1258379_260520125642_00_00_9994.mp4,[758, 281, 1071, 833]
021WF011045_62_821519_260522070529_00_00_6315.mp4,[523, 77, 789, 317]
021WF011046_46_568789_260519050104_00_00_3923.mp4,[410, 130, 819, 342]
021WF011066_53_739239_260519125440_00_02_5768.mp4,[871, 25, 1033, 202]
021WF011104_69_1312909_260520152828_00_00_1966.mp4,[1059, 6, 1229, 228]
021WF011104_69_215589_260518124019_00_02_8750.mp4,[363, 61, 509, 305]
021WF011104_98_478149_260521151212_00_02_3294.mp4,[283, 108, 455, 313]
021WF011104_98_894999_260522103008_00_02_7451.mp4,[360, 128, 509, 304]
021WF011114_29_745239_260519131140_00_00_9547.mp4,[1030, 11, 1284, 473]
021WF011135_35_395489_260523125745_00_02_8228.mp4,[434, 47, 617, 237]
021WF011180_42_537969_260519033512_00_00_4784.mp4,[256, 426, 419, 655]
021WF011198_71_229119_260523132050_00_00_3236.mp4,[834, 17, 1075, 233]
021WF011227_10_228149_260521125030_00_02_4904.mp4,[863, 771, 1073, 1024]
021WF011380_353_1607539_260521050214_00_00_4453.mp4,[1339, 356, 1900, 1075]
021WF011399_15_222689_260523045908_00_02_8985.mp4,[500, 490, 767, 710]
021WF011425_365_5462999_260519152129_00_02_9687.mp4,[628, 927, 838, 1183]
021WF011426_340_1462679_260520215514_00_00_1312.mp4,[483, 305, 912, 751]
021WF011428_341_1495869_260520235155_00_00_3403.mp4,[46, 7, 290, 271]
021WF011468_501_1107879_260520055414_00_00_9653.mp4,[525, 109, 876, 473]
021WF011474_261_419739_260518220609_00_00_7294.mp4,[842, 467, 1263, 655]
021WF011492_12_534219_260521174627_00_02_1590.mp4,[70, 633, 452, 1073]
021WF011497_13_434559_260521130728_00_00_4073.mp4,[416, 120, 698, 585]
021WF011715_39_156659_260521130623_00_02_7031.mp4,[393, 114, 647, 489]
021WF011716_355_689669_260522101725_00_02_7448.mp4,[619, 631, 966, 955]
021WF011716_68_94939_260523070645_00_02_8724.mp4,[612, 102, 810, 268]
021WF01309_77_128579_260520061007_00_02_6280.mp4,[309, 4, 533, 289]
021WF01319_03_761369_260524055247_00_00_7976.mp4,[1476, 16, 1806, 412]
021WF0135_108_219129_260523125311_00_02_8130.mp4,[389, 214, 771, 602]
021WF01418_492_1481489_260520230834_00_02_2364.mp4,[574, 824, 808, 1074]
021WF01440_503_1501979_260521000710_00_02_2367.mp4,[611, 635, 890, 956]
021WF0145_118_74889_260523061022_00_02_6456.mp4,[603, 520, 1086, 1024]
021WF01756_182_2804199_260521120318_00_00_2055.mp4,[718, 479, 1024, 809]
021WF01763_389_626809_260520061745_00_02_2374.mp4,[540, 432, 701, 577]
021WF01765_388_444359_260519230211_00_02_1781.mp4,[41, 581, 242, 842]
021WF01774_08_945199_260519222646_00_00_2027.mp4,[996, 285, 1515, 622]
021WF01774_08_946609_260519223041_00_02_7921.mp4,[1005, 401, 1175, 597]
021WF01812_55_430519_260523143708_00_00_8963.mp4,[794, 65, 1007, 417]
021WF01823_352_316149_260520153849_00_00_9231.mp4,[289, 504, 445, 725]
021WF01823_46_21669_260522153235_00_00_3196.mp4,[111, 457, 403, 751]
021WF01825_353_586839_260521041044_00_00_7938.mp4,[310, 210, 661, 415]
021WF01839_302_1252899_260520123455_00_00_7817.mp4,[156, 449, 725, 816]
021WF01861_320_1502209_260521000815_00_00_2790.mp4,[155, 718, 445, 1052]
021WF01880_88_111159_260522235032_00_02_6599.mp4,[1218, 134, 1453, 422]
021WF01883_244_509649_260519020901_00_02_7377.mp4,[460, 770, 705, 1072]
021WF01915_63_662839_260519092249_00_02_1615.mp4,[252, 353, 568, 608]
021WF01915_63_943969_260519222349_00_00_8557.mp4,[813, 236, 1108, 505]
021WF01915_92_65399_260520200534_00_02_2383.mp4,[1151, 246, 1378, 457]
021WF01925_68_551389_260519041306_00_00_4960.mp4,[1509, 81, 1819, 418]
021WF01925_97_62989_260520195857_00_00_6746.mp4,[1525, 88, 1852, 375]
021WF01925_97_73429_260520202757_00_00_3164.mp4,[1155, 140, 1378, 360]
021WF01927_64_270069_260523071704_00_00_3842.mp4,[965, 164, 1283, 426]
021WF01934_44_959519_260524151103_00_00_4329.mp4,[803, 1, 1912, 767]
021WF01937_306_1498969_260521000011_00_00_7788.mp4,[1277, 204, 1531, 399]
021WF0193_525_143889_260520225048_00_00_7293.mp4,[549, 358, 706, 660]
021WF01941_174_1568079_260519032633_00_00_1217.mp4,[313, 183, 640, 729]
021WF01951_53_960089_260524151304_00_02_7371.mp4,[1521, 183, 1723, 369]
021WF01953_315_770549_260519141649_00_00_7904.mp4,[678, 166, 900, 365]
021WF01967_259_1137989_260520071501_00_02_6225.mp4,[1183, 427, 1920, 1075]
021WF01967_259_1822289_260521145554_00_02_3489.mp4,[594, 616, 1083, 1074]
021WF01967_259_841019_260519173004_00_02_6957.mp4,[554, 669, 1066, 1071]
021WG04101_03_1504019_260523115845_00_02_2405.mp4,[1018, 435, 1349, 803]
021WG04101_03_1504259_260523115925_00_02_4719.mp4,[1065, 448, 1364, 735]
021WG04102_04_1504359_260523115941_00_02_1285.mp4,[435, 352, 702, 675]
021WG04105_90_833299_260520100423_00_02_2922.mp4,[378, 21, 926, 416]
021WG04244_66_24539_260520153234_00_02_1940.mp4,[1598, 252, 1811, 435]
021WG04248_67_415749_260524081403_00_02_4643.mp4,[1200, 336, 1473, 672]
021WG04629_07_287789_260521034233_00_00_2155.mp4,[488, 246, 775, 441]
021WG04629_07_778989_260522022611_00_00_1728.mp4,[489, 248, 767, 415]
021WG04682_18_1960219_260520073420_00_00_5356.mp4,[971, 599, 1229, 892]
021WG04736_06_1401029_260523071528_00_00_1400.mp4,[447, 398, 763, 619]
021WG061007_136_1322029_260522071145_00_02_9653.mp4,[829, 727, 966, 969]
021WG061007_136_917759_260521131342_00_00_3830.mp4,[89, 537, 736, 1052]
021WG061100_69_3235139_260523000403_00_02_6968.mp4,[1231, 508, 1358, 764]
021WG061140_19_1321809_260519050110_00_00_9204.mp4,[938, 246, 1478, 866]
021WG061140_19_1806249_260520023305_00_00_8013.mp4,[731, 264, 1245, 672]
021WG061140_19_2292089_260521000844_00_00_9043.mp4,[779, 243, 1091, 648]
021WG061140_19_2427299_260521060919_00_00_2114.mp4,[796, 278, 1321, 649]
021WG061143_22_1362349_260519064912_00_00_2916.mp4,[1294, 97, 1448, 318]
021WG061149_103_363809_260521063101_00_00_9883.mp4,[1496, 406, 1796, 648]
021WG061174_42_969589_260518151159_00_02_8955.mp4,[844, 104, 1261, 580]
021WG06134_57_1861089_260524043408_00_02_2902.mp4,[119, 374, 321, 709]
021WG06228_92_1056709_260522151813_00_02_2750.mp4,[481, 190, 846, 638]
021WG06246_90_268399_260521024813_00_00_8078.mp4,[299, 241, 595, 429]
021WG06300_01_2419179_260521044042_00_02_3148.mp4,[544, 87, 671, 265]
021WG06357_44_402249_260519022353_00_02_2567.mp4,[595, 3, 744, 163]
021WG06362_46_1119459_260518220820_00_02_4760.mp4,[947, 668, 1335, 1072]
021WG06571_16_1626719_260519213403_00_02_1493.mp4,[526, 480, 702, 908]
021WG06571_16_2130649_260520205352_00_02_6885.mp4,[200, 493, 533, 858]
021WG06583_17_1859969_260520045249_00_02_2003.mp4,[863, 571, 1159, 824]
021WG06707_11_957489_260518143757_00_00_8469.mp4,[233, 177, 834, 943]
021WG06816_63_848479_260522053914_00_00_8616.mp4,[576, 2, 1498, 590]
021WG06863_72_6283359_260524004919_00_00_2963.mp4,[-2, 404, 512, 1070]
021WG06870_78_1856489_260520080955_00_02_3305.mp4,[735, 541, 911, 823]
021WG06872_80_3579319_260523155245_00_02_5314.mp4,[560, 635, 901, 924]
021WG06943_22_2693049_260521225256_00_00_4477.mp4,[490, 417, 990, 951]
021WG06943_22_939689_260518134525_00_02_3543.mp4,[673, 389, 975, 831]
021WG06970_24_822019_260521033656_00_00_4691.mp4,[532, 256, 857, 444]
021WJ011130_81_8313429_260523143012_00_02_3883.mp4,[341, 5, 755, 377]
021WJ011139_90_6610799_260520073759_00_02_3769.mp4,[335, 245, 1163, 1073]
021WJ011147_97_3406819_260521045053_00_02_9642.mp4,[239, 4, 920, 741]
021WJ011164_13_2378799_260518181827_00_00_5366.mp4,[264, 74, 484, 612]
021WJ011177_27_409689_260521070953_00_02_7255.mp4,[1494, 682, 1920, 1057]
021WJ011196_44_101069_260521212501_00_02_3986.mp4,[1057, 256, 1750, 1074]
021WJ011196_44_264639_260521002623_00_02_1534.mp4,[986, 239, 1815, 1075]
021WJ011200_12_1215759_260519002552_00_02_2801.mp4,[620, 602, 984, 1078]
021WJ011228_34_572459_260523173941_00_02_9801.mp4,[1, 28, 1017, 1071]
021WJ011238_09_357989_260521044300_00_02_2241.mp4,[298, 33, 784, 590]
021WJ011238_77_174159_260522004811_00_02_4217.mp4,[329, 4, 682, 365]
021WJ011238_77_393179_260522105635_00_02_4724.mp4,[381, 259, 537, 426]
021WJ011245_15_292539_260521014218_00_02_9474.mp4,[378, 0, 1781, 1071]
021WJ011245_49_722279_260524003518_00_02_7674.mp4,[1348, 285, 1919, 785]
021WJ011247_13_1270209_260519025856_00_02_5917.mp4,[630, 341, 1290, 1074]
021WJ011247_13_1531569_260519150529_00_02_3030.mp4,[272, 3, 1116, 1044]
021WJ011249_14_1071359_260518174102_00_02_1534.mp4,[816, 215, 1690, 1071]
021WJ011253_18_1536059_260519151034_00_02_9035.mp4,[355, 1, 949, 482]
021WJ011264_01_957099_260523130342_00_00_7098.mp4,[130, 849, 565, 1076]
021WJ011285_37_1844909_260520053208_00_02_5461.mp4,[514, 7, 1204, 716]
021WJ011290_14_368969_260522095009_00_02_6172.mp4,[525, 1, 689, 164]
021WJ011290_14_435399_260522125544_00_02_3797.mp4,[0, 1, 303, 335]
021WJ011290_41_1282459_260519032701_00_02_8317.mp4,[484, -1, 630, 160]
021WJ011290_41_1840029_260520052345_00_02_4793.mp4,[342, 9, 563, 155]
021WJ011292_16_1528939_260524153622_00_00_6455.mp4,[513, 378, 661, 626]
021WJ011384_100_2514209_260520040340_00_02_1033.mp4,[997, 674, 1432, 1073]
021WJ011416_32_7451409_260520041628_00_00_8004.mp4,[528, 86, 784, 262]
021WJ011425_39_7483579_260520054553_00_00_9385.mp4,[380, 144, 861, 474]
021WJ021381_32_3459879_260520071627_00_00_6949.mp4,[668, 230, 956, 655]
021WJ02294_58_3566299_260522043336_00_02_9548.mp4,[224, 96, 1005, 1074]
021WJ02300_64_4214229_260523103310_00_00_3261.mp4,[241, 402, 689, 716]
021WJ02301_65_2240849_260519151245_00_00_6691.mp4,[451, 209, 782, 476]
021WJ02336_109_2826109_260521041819_00_00_8454.mp4,[429, 271, 700, 612]
021WJ02337_110_2333429_260520033650_00_00_8233.mp4,[668, 250, 1061, 451]
021WJ02346_117_2537669_260520042203_00_00_7927.mp4,[818, 257, 1225, 612]
021WJ02346_117_3558969_260522032358_00_00_4156.mp4,[795, 343, 1309, 699]
021WJ02519_45_6128079_260518164007_00_00_9255.mp4,[472, 211, 672, 412]
021WJ02528_52_5899169_260519200536_00_00_1007.mp4,[562, 21, 776, 194]
021WJ02538_61_8339479_260522215518_00_02_5594.mp4,[782, 254, 1279, 675]
021WJ02538_61_8401129_260523004631_00_02_8057.mp4,[826, 107, 1280, 688]
021WJ02614_82_122369_260519231426_00_02_3717.mp4,[817, 480, 1043, 716]
021WJ02714_47_747289_260518102958_00_02_7983.mp4,[686, 456, 1340, 1075]
021WJ02723_56_964249_260519161535_00_00_1844.mp4,[610, 65, 886, 251]
021WJ0290_69_7765719_260520044042_00_00_2143.mp4,[445, 196, 575, 451]
021WS021134_86_186969_260518170251_00_00_9452.mp4,[695, 3, 1390, 727]
021WS021221_24_40489_260522154511_00_02_7195.mp4,[190, 334, 615, 717]
021WS021221_27_34759_260519143427_00_00_3436.mp4,[369, 226, 550, 559]
021WS021221_27_69289_260519184957_00_02_1806.mp4,[1049, 148, 1273, 378]
021WS021234_29_37979_260523025325_00_00_8801.mp4,[227, 104, 555, 387]
021WS021234_32_132589_260519013939_00_00_9848.mp4,[502, 17, 750, 382]
021WS021234_32_132809_260519014016_00_00_4750.mp4,[467, 12, 745, 380]
021WS021284_08_369829_260521051647_00_00_6844.mp4,[908, 221, 1564, 975]
021WS021294_26_406679_260518194342_00_00_3872.mp4,[424, 80, 553, 332]
021WS021297_29_213629_260520055604_00_00_1834.mp4,[937, 622, 1436, 1041]
021WS021314_18_1177539_260519030920_00_00_3130.mp4,[725, 157, 1081, 343]
021WS021336_23_145359_260520040317_00_02_9714.mp4,[1258, 81, 1571, 319]
021WS021387_77_31479_260521032143_00_00_3371.mp4,[149, 278, 391, 437]
021WS021387_81_148129_260520014355_00_00_9787.mp4,[127, 308, 550, 597]
021WS021634_07_4036279_260524152951_00_00_9572.mp4,[939, 212, 1161, 410]
021WS021658_02_284129_260522044848_00_02_9948.mp4,[1377, 546, 1811, 996]
021WS021661_06_357219_260519004130_00_02_6240.mp4,[182, 325, 317, 541]
021WS021674_17_2176999_260521013432_00_02_8798.mp4,[691, 363, 939, 657]
021WS021674_17_2197279_260521023036_00_00_1796.mp4,[795, 359, 1051, 608]
021WS021674_17_3268369_260523035323_00_02_8995.mp4,[747, 458, 978, 658]
021WS02180_88_468659_260521075735_00_02_8288.mp4,[231, 510, 437, 761]
021WS02858_17_85739_260518080550_00_02_4535.mp4,[463, 266, 778, 548]
02200002581314000136_44101_1889_260514072511_00_00_6417.mp4,[878, 132, 1146, 612]
02201011581314000008_80737_9_260512163000_00_00_6049.mp4,[1493, 480, 1766, 796]
02202022581314000030_84446_3479_260513194918_00_00_9593.mp4,[517, 76, 891, 386]
022W01160_76_10057329_260519172752_00_02_4102.mp4,[1533, 440, 1840, 790]
022W01259_02_13991739_260520175930_00_02_2146.mp4,[-1, 3, 457, 534]
022W0170_63_12221549_260520212603_00_02_8559.mp4,[267, 476, 772, 1076]
022W0171_64_11600449_260519164107_00_00_7258.mp4,[141, 2, 818, 773]
022W0172_52_12738239_260520213127_00_02_6712.mp4,[358, 99, 1254, 1072]
022W0174_54_11801499_260519020915_00_00_1065.mp4,[1286, 0, 1920, 658]
022W01841_135_1877689_260522233210_00_00_7088.mp4,[750, 240, 1143, 584]
022WB02114_411_2302509_260520144614_00_00_5764.mp4,[182, 157, 443, 477]
022WB021470_451_348209_260520025649_00_00_2754.mp4,[1195, 0, 1479, 342]
022WB021477_452_324239_260520015001_00_00_5774.mp4,[125, 1, 331, 328]
022WB021481_453_33049_260519121958_00_00_8116.mp4,[1153, 795, 1917, 1073]
022WB021814_477_729819_260522132726_00_00_1393.mp4,[1502, 669, 1887, 1077]
022WB021815_478_613519_260522080518_00_02_6717.mp4,[1222, 10, 1586, 390]
022WB021816_479_544409_260522045222_00_00_5945.mp4,[418, 388, 966, 911]
022WB021816_479_604409_260522073903_00_00_3144.mp4,[399, 279, 617, 446]
022WB021818_485_409759_260523233117_00_02_9401.mp4,[863, 322, 1119, 831]
022WB021821_488_452009_260524012832_00_02_3307.mp4,[653, 684, 803, 945]
022WB022065_458_577659_260520132929_00_02_8573.mp4,[1050, 408, 1300, 670]
022WB02474_464_764749_260522145734_00_00_7074.mp4,[169, 448, 365, 882]
022WB02487_470_251209_260521144224_00_00_4650.mp4,[1006, 384, 1765, 826]
022X0319_336_473359_260523235331_00_00_8648.mp4,[668, 584, 1009, 973]
022X03284_04_11433149_260518230848_00_00_3714.mp4,[1244, 643, 1665, 928]
022X03479_81_12188699_260520084528_00_00_7502.mp4,[1087, 359, 1269, 478]
022X03827_95_8332399_260522050857_00_00_9968.mp4,[355, 299, 537, 447]
023R01417_62_14078169_260519202652_00_00_7232.mp4,[1560, 202, 1751, 365]
023R01499_11_13601149_260518215553_00_02_4343.mp4,[472, 285, 657, 637]
023R01500_12_14013299_260519170245_00_00_9738.mp4,[93, 324, 243, 540]
023R01505_33_15452979_260521073207_00_02_8400.mp4,[243, 167, 411, 327]
023R01506_34_14653479_260520224004_00_00_5659.mp4,[142, 324, 285, 590]
023R01507_35_10180559_260521074335_00_02_4796.mp4,[842, 160, 1270, 514]
023R01507_35_9664289_260520075020_00_02_7421.mp4,[101, 333, 236, 484]
023R01551_241_1398759_260520104334_00_00_4094.mp4,[713, 344, 1281, 712]
023R01575_265_714409_260519030436_00_00_9407.mp4,[1048, 810, 1349, 1066]
023R01849_187_2896979_260521035156_00_00_7245.mp4,[850, 143, 1122, 389]
023R03127_171_2186309_260521231205_00_00_5899.mp4,[1467, 133, 1799, 472]
023R03154_221_1127199_260519221031_00_00_3650.mp4,[195, 0, 584, 379]
023R03198_149_10198909_260521104017_00_02_2797.mp4,[583, 396, 863, 729]
023R03198_149_9808309_260520163511_00_02_3690.mp4,[521, 317, 1048, 933]
023R03254_204_1358419_260520085241_00_00_4841.mp4,[1474, 381, 1723, 623]
023R03254_204_1358609_260520085313_00_00_6931.mp4,[1446, 369, 1740, 708]
023R03254_204_1358989_260520085416_00_00_2236.mp4,[1530, 441, 1793, 624]
023R03271_48_4171299_260520021841_00_00_2967.mp4,[802, 64, 1037, 472]
023R03271_48_4727919_260521035342_00_00_8272.mp4,[831, 112, 1139, 359]
023VA02189_00_5637789_260520145117_00_00_1615.mp4,[1237, 234, 1481, 466]
023VA02249_03_5620219_260520140230_00_00_8262.mp4,[802, 173, 1016, 468]
023VA02263_02_6268789_260521200423_00_02_7326.mp4,[878, 347, 1040, 551]
023VA02275_204_3401019_260519223550_00_02_9417.mp4,[1338, 766, 1551, 1067]
023VA02352_186_4914449_260519052203_00_00_9480.mp4,[876, 298, 1048, 511]
023W0208_05_1233339_260523035723_00_00_8605.mp4,[609, 533, 813, 733]
023W021785_1621_515289_260519045730_00_00_9594.mp4,[874, 490, 1147, 627]
023W021797_1656_22509_260519210748_00_00_9992.mp4,[1207, 69, 1820, 838]
023W021797_48_1019399_260523041151_00_00_2025.mp4,[1220, 54, 1652, 591]
023W021807_50_1004439_260523033429_00_00_7705.mp4,[1096, 376, 1688, 836]
023W021810_1669_74469_260520035757_00_00_3005.mp4,[497, 403, 1025, 867]
023W0218_1617_872609_260519213419_00_02_3606.mp4,[569, 170, 780, 393]
023W021937_45_49719_260521071322_00_00_7359.mp4,[423, 663, 913, 1068]
023W021937_45_504999_260522041857_00_00_2073.mp4,[470, 563, 921, 1075]
023W021937_45_965979_260523014021_00_00_5854.mp4,[913, 234, 1496, 743]
023W02567_12_185529_260521032810_00_00_9372.mp4,[577, 407, 975, 811]
023W02578_1613_863799_260519211504_00_00_4297.mp4,[854, 730, 1291, 957]
02400305581314000017_97155_99_260512115013_00_02_9659.mp4,[373, 178, 590, 349]
02400344581314000082_104515_1899_260514151455_00_00_7427.mp4,[806, 365, 1126, 882]
02400389581314000096_133959_2079_260514071542_00_00_6651.mp4,[2, 175, 433, 321]
02400389581314000096_133959_2139_260514071552_00_00_8066.mp4,[126, 164, 482, 334]
02400397581314000004_102950_149_260514072020_00_00_6929.mp4,[437, 206, 806, 460]
02400399581314003906_84163_449_260513112054_00_00_5357.mp4,[-1, 327, 655, 676]
02400399581314004372_125578_489_260512092101_00_00_5564.mp4,[518, 174, 810, 563]
024W031087_44_1211519_260520231214_00_00_2578.mp4,[1292, 545, 1878, 835]
024W031088_45_1167479_260520211000_00_02_2995.mp4,[1, 443, 721, 1073]
024W031091_36_2537609_260518092429_00_02_3504.mp4,[572, 73, 833, 315]
024W031606_77_690419_260519230705_00_00_1117.mp4,[910, 75, 1074, 351]
024W031608_79_1443599_260521095823_00_02_2932.mp4,[952, 345, 1119, 490]
024W032357_36_4559909_260518131300_00_00_3135.mp4,[1387, 417, 1834, 711]
024W032359_27_706009_260520051357_00_02_9566.mp4,[1261, 355, 1419, 524]
024W032410_60_676839_260519223233_00_02_4856.mp4,[362, 232, 539, 438]
024W03553_47_1273509_260521020959_00_00_4944.mp4,[883, 313, 1011, 473]
024W03553_47_233839_260519020147_00_00_7134.mp4,[395, 335, 512, 575]
024W03670_21_75219_260518183645_00_00_3339.mp4,[773, 664, 1204, 1043]
024W03674_24_902109_260520085242_00_02_5162.mp4,[844, 11, 1041, 354]
024W03812_16_180939_260518233536_00_00_5471.mp4,[1030, 696, 1922, 1074]
024W03814_35_1321489_260521041658_00_02_5927.mp4,[31, 594, 404, 1037]
024W03818_19_753579_260520020523_00_00_1879.mp4,[1217, 832, 1913, 1074]
025R0120_26_9580739_260521020723_00_00_3241.mp4,[197, 248, 335, 391]
025R0133_11_10269109_260521174530_00_00_1033.mp4,[265, 138, 768, 460]
025WA02119_389_100989_260519044837_00_02_1428.mp4,[1395, 183, 1830, 580]
025WA02167_190_4181779_260519005937_00_02_2840.mp4,[779, 433, 1080, 778]
025WA02339_20_1095639_260523181212_00_02_9627.mp4,[135, 128, 323, 292]
025WA02451_262_4582169_260519191340_00_00_4498.mp4,[1182, 395, 1496, 560]
025WA02454_18_514279_260522142908_00_02_4022.mp4,[807, 495, 991, 691]
025WA041018_23_184279_260522015016_00_00_9679.mp4,[351, 273, 627, 471]
025WA041019_309_337489_260519024658_00_00_6115.mp4,[696, 156, 1036, 379]
025WA041060_302_3551849_260519045755_00_00_7404.mp4,[644, 416, 1029, 593]
025WA041079_211_4581839_260520030346_00_02_7267.mp4,[1129, 2, 1681, 672]
025WA0410_46_783149_260523035234_00_02_6055.mp4,[1176, 547, 1357, 721]
025WA041111_81_45469_260522031336_00_00_6314.mp4,[566, 136, 1061, 298]
025WA041123_355_149049_260519202353_00_02_9508.mp4,[726, 364, 924, 520]
025WA041189_221_2799629_260519233605_00_00_7150.mp4,[318, 218, 1181, 1003]
025WA041201_220_3182249_260519060533_00_00_9940.mp4,[255, 742, 683, 1070]
025WA0413_295_4993819_260520223257_00_02_2213.mp4,[814, 116, 1051, 309]
025WA04174_350_1804499_260519193410_00_00_6528.mp4,[203, 478, 469, 662]
025WA04176_269_5133999_260521045430_00_00_9874.mp4,[716, 445, 986, 588]
025WA04182_36_204399_260522010300_00_00_4841.mp4,[624, 380, 865, 502]
025WA04183_273_6553989_260520184656_00_00_8123.mp4,[1149, 332, 1283, 523]
025WA04185_275_4401079_260519190108_00_02_5461.mp4,[464, 418, 760, 605]
025WA04224_52_1174719_260523215839_00_02_5962.mp4,[769, 536, 938, 779]
025WA04232_232_4323569_260519152649_00_02_7971.mp4,[634, 288, 874, 641]
025WA04275_453_18489_260520055816_00_02_6029.mp4,[98, 278, 497, 592]
025WA04302_14_10509_260521140939_00_00_4179.mp4,[112, 728, 305, 1010]
025WA04306_306_2585819_260518214109_00_02_5662.mp4,[1608, 192, 1820, 445]
025WA04307_307_3164599_260520002124_00_02_3639.mp4,[742, 522, 912, 718]
025WA04324_321_3247869_260520040324_00_02_6602.mp4,[1233, 11, 1439, 255]
025WA04330_17_119509_260520214105_00_02_4928.mp4,[1567, 409, 1795, 592]
025WA04330_329_3114109_260519215535_00_02_7658.mp4,[1593, 444, 1766, 661]
025WA0433_394_13449_260520041241_00_00_7077.mp4,[609, 2, 1477, 602]
025WA04429_443_548789_260521045440_00_02_7094.mp4,[734, 188, 1013, 510]
025WA04469_360_656879_260518235157_00_00_5664.mp4,[95, 363, 456, 591]
025WA04527_438_938029_260520023705_00_02_3954.mp4,[1441, 629, 1704, 814]
025WA04527_80_150329_260521221910_00_02_5496.mp4,[1106, 583, 1395, 911]
025WA04562_336_1042499_260519155228_00_02_7936.mp4,[1581, 543, 1694, 699]
025WA0456_244_4615379_260520045247_00_02_2286.mp4,[1464, 410, 1921, 1004]
025WA04598_407_42429_260520052621_00_02_4422.mp4,[148, 837, 386, 1074]
025WA0468_368_1210039_260520013042_00_00_2746.mp4,[1275, 1, 1920, 457]
025WA04698_404_170199_260521045721_00_00_2229.mp4,[-3, 38, 953, 1071]
025WA04795_374_1210909_260520013221_00_02_6004.mp4,[1492, 837, 1727, 1070]
025WA04800_93_66439_260521183537_00_00_2018.mp4,[1107, 138, 1402, 256]
025WA04802_485_429699_260520224134_00_02_7739.mp4,[1566, 530, 1802, 857]
025WA04823_404_726769_260519030725_00_02_8517.mp4,[265, 443, 640, 835]
025WA04834_131_145799_260521222347_00_02_1442.mp4,[214, 324, 357, 531]
025WA04835_132_38429_260521172518_00_02_6085.mp4,[747, 496, 956, 679]
025WA04899_467_49129_260520172252_00_02_5139.mp4,[610, 323, 750, 660]
025WA05105_351_2211419_260520054316_00_00_9700.mp4,[1246, 480, 1922, 1066]
025WA05110_298_4011219_260521055324_00_00_3223.mp4,[531, 127, 676, 439]
025WA05123_302_3630019_260520053548_00_00_5961.mp4,[590, 361, 969, 682]
025WA0529_35_695389_260522234640_00_02_3035.mp4,[361, 6, 1096, 710]
025WA0557_394_686979_260518235335_00_02_4694.mp4,[287, 460, 530, 644]
025WA0584_03_1306949_260524040234_00_02_6321.mp4,[36, 363, 453, 842]
025WD011000_72_2245679_260524121756_00_00_3885.mp4,[121, 1295, 707, 1891]
025WD011007_01_340199_260520200659_00_02_4237.mp4,[1033, 63, 1213, 268]
025WD011009_78_865189_260521042223_00_02_3112.mp4,[788, 243, 990, 551]
025WD011054_82_1574049_260523051404_00_02_8110.mp4,[947, 544, 1154, 759]
025WD011054_82_601059_260521081117_00_00_7608.mp4,[743, 542, 1051, 739]
025WD011056_97_222019_260520143839_00_00_1369.mp4,[948, 543, 1481, 1076]
025WD011058_85_896559_260521215211_00_02_6135.mp4,[205, 529, 371, 643]
025WD011061_87_2059019_260524034120_00_02_1711.mp4,[641, 458, 818, 682]
025WD011062_88_1091979_260522065505_00_00_5876.mp4,[887, 510, 1241, 724]
025WD011080_01_813439_260521175951_00_00_2212.mp4,[1218, 444, 1459, 952]
025WD011095_41_2799589_260519010203_00_02_2124.mp4,[150, 399, 351, 636]
025WD011098_03_1300289_260522163359_00_02_6204.mp4,[1118, 638, 1270, 1077]
025WD011101_04_1627499_260523074524_00_00_7273.mp4,[573, 674, 812, 1057]
025WD011113_50_1573689_260518201137_00_00_4588.mp4,[200, 1, 769, 628]
025WD011125_59_1455359_260523045442_00_00_3295.mp4,[1162, 467, 1473, 874]
025WD011125_59_1515179_260523074053_00_00_2393.mp4,[1013, 583, 1433, 1076]
025WD011137_53_4124149_260524224938_00_02_9095.mp4,[1089, 506, 1359, 821]
025WD011158_41_234829_260520151316_00_00_2141.mp4,[1257, 456, 1533, 678]
025WD01126_07_211539_260521024059_00_00_3050.mp4,[504, 632, 770, 877]
025WD01246_56_23189_260521074905_00_00_4186.mp4,[694, 52, 1087, 551]
025WD01395_29_1963069_260519101313_00_02_5685.mp4,[88, 388, 210, 548]
025WD01400_57_649409_260522113904_00_02_5671.mp4,[213, 277, 434, 513]
025WD0156_86_104169_260521112527_00_00_3019.mp4,[384, 96, 635, 296]
025WD0174_67_31799_260523081038_00_00_1700.mp4,[504, 693, 824, 1075]
025WD01778_36_250359_260520152756_00_00_4586.mp4,[186, 600, 587, 1067]
025WD01898_60_2269869_260524132458_00_02_6949.mp4,[766, 441, 1074, 764]
025WD01906_64_1004199_260522024912_00_02_9066.mp4,[1584, 514, 1814, 736]
025WD01906_99_1512669_260518171939_00_00_3408.mp4,[899, 372, 1148, 733]
025WD01908_01_1427649_260518132330_00_02_3919.mp4,[1193, 256, 1530, 563]
025WD01909_67_1885059_260523193606_00_02_7543.mp4,[1464, 375, 1649, 563]
025WD01910_68_2384989_260524184450_00_00_1192.mp4,[1340, 191, 1647, 450]
025WD01918_90_1932099_260519124124_00_02_2276.mp4,[399, 0, 931, 462]
025WD01956_30_505599_260521101532_00_02_7524.mp4,[190, 254, 373, 475]
025WD01974_37_841229_260522022717_00_02_8818.mp4,[889, 454, 1234, 730]
025WD01975_38_1154479_260522165930_00_00_4797.mp4,[629, -2, 1041, 343]
025WD01975_38_1306609_260523000206_00_00_3783.mp4,[569, 192, 950, 355]
025WD01982_80_543859_260521053040_00_00_3842.mp4,[1116, 647, 1336, 878]
025WD01987_84_3271149_260523231455_00_02_2211.mp4,[910, 159, 1239, 443]
025WD01994_90_339779_260520200355_00_02_6502.mp4,[570, 622, 1080, 1074]
025WD01996_26_1798159_260519063302_00_02_4541.mp4,[530, 912, 814, 1209]
02720001001310006118_18084_2189_260512163544_00_00_7658.mp4,[586, 202, 767, 692]
02720001001310006118_19524_879_260513073206_00_00_9112.mp4,[686, 243, 1010, 525]
02720001001310009321_21301_2809_260513135743_00_02_6848.mp4,[826, 409, 945, 581]
02720001001310014534_24760_2789_260514145735_00_00_5755.mp4,[1037, 298, 1204, 479]
02720001001310015446_17631_2379_260512144631_00_00_2186.mp4,[674, 147, 1022, 418]
02720001001310015446_17631_2479_260512144648_00_00_4432.mp4,[664, 184, 1012, 412]
02720001001310016332_32522_2249_260514172609_00_02_1680.mp4,[222, 81, 409, 323]
02720001001310016430_29104_2259_260514070611_00_02_8961.mp4,[246, 163, 459, 451]
02720001001310016432_32286_309_260514071047_00_02_4727.mp4,[41, 145, 446, 577]
02720001581314000543_30007_2459_260513142644_00_00_5920.mp4,[779, 49, 1068, 436]
02720001581314001757_17914_1829_260512122455_00_00_9728.mp4,[773, 22, 1028, 179]
02720001581314001763_22846_1879_260514070503_00_00_3867.mp4,[682, 197, 1087, 582]
02720001581314002250_17230_899_260512080208_00_00_3211.mp4,[-2, 91, 328, 247]
02720001581314003588_24730_2769_260514153736_00_00_7667.mp4,[236, 119, 489, 478]
02720001581314004351_24269_2499_260512075636_00_00_8041.mp4,[7, 148, 190, 388]
02720001581314005081_21298_1039_260513135232_00_00_7363.mp4,[907, 379, 1467, 805]
02720001581314005832_25942_629_260513114124_00_00_3834.mp4,[1539, 477, 1898, 1074]
02720001581314006427_22886_3419_260514071907_00_00_9371.mp4,[551, 203, 1042, 1062]
02720001581314006427_32333_189_260514072011_00_00_4248.mp4,[77, 152, 400, 483]
02720001581314006601_21988_2209_260513165558_00_00_8200.mp4,[630, 165, 1026, 561]
02720001581314006601_21988_3229_260513165848_00_00_7918.mp4,[644, 236, 1093, 584]
02720001581314007344_34154_1239_260514140305_00_02_2261.mp4,[1001, 424, 1193, 671]
02720001581314009169_24556_669_260513065146_00_00_9594.mp4,[682, 243, 1053, 508]
02720001581314009674_32264_1009_260514161227_00_00_6029.mp4,[1131, 212, 1455, 499]
02720001581314009679_24210_2099_260514133528_00_00_2020.mp4,[1204, 216, 1467, 447]
02720001581314010692_35434_2579_260514180649_00_00_6768.mp4,[1165, 249, 1436, 517]
02720001581314012398_28281_129_260513182001_00_00_1715.mp4,[1287, 180, 1478, 347]
02720001581314014096_20041_929_260513072213_00_00_8999.mp4,[1344, 354, 1573, 575]
02720001581314014552_31089_6899_260514133912_00_00_6042.mp4,[1071, 224, 1227, 560]
02720001581314014552_32314_3709_260514162456_00_02_1822.mp4,[1545, 517, 1707, 720]
02720001581314014557_29181_4609_260514070611_00_02_8542.mp4,[1335, 292, 1567, 598]
02720001581314015533_25161_2849_260514162347_00_00_2245.mp4,[45, 136, 394, 366]
02720110581314023023_30354_199_260514112023_00_00_6933.mp4,[296, 2, 717, 295]
02720110581314025080_29982_589_260514085117_00_02_7049.mp4,[97, 487, 503, 1062]
02720110581314025830_34677_3959_260514153414_00_00_1339.mp4,[502, 170, 1017, 545]
02720110581314026888_24822_3239_260512101840_00_00_9195.mp4,[250, 239, 631, 667]
02720110581314026888_25726_609_260513102123_00_00_6620.mp4,[323, 66, 590, 475]
02720110581314027125_18830_1279_260511172312_00_02_3912.mp4,[424, 84, 703, 380]
02720110581314027149_32860_3059_260514082807_00_02_4122.mp4,[1458, 102, 1624, 385]
02720110581314029781_30417_3099_260513152826_00_00_1781.mp4,[412, 15, 725, 212]
02720110581314031575_21012_2719_260512100712_00_00_3108.mp4,[100, 472, 664, 1059]
02720110581314032294_23231_1039_260514080232_00_00_9278.mp4,[1100, 524, 1296, 783]
02720110581314032323_17397_2229_260512084550_00_00_9093.mp4,[500, 623, 774, 776]
02720110581314032323_23481_2689_260514084705_00_02_7173.mp4,[888, 640, 1051, 843]
02720110581314032379_34648_1379_260514152147_00_00_7652.mp4,[747, 495, 1036, 699]
02720110581314032411_23331_579_260514081127_00_00_3647.mp4,[520, 44, 783, 245]
02720110581314032942_35198_3259_260514170853_00_00_7240.mp4,[791, 158, 1083, 616]
02720810581314000040_16852_1939_260512071513_00_00_9240.mp4,[540, 331, 708, 588]
02729900581314006294_32344_699_260514072146_00_00_8487.mp4,[850, 151, 1103, 548]
02729900581314008461_33101_2429_260514094640_00_00_7269.mp4,[86, 24, 411, 661]
02729900581314010114_19388_669_260513071142_00_00_4371.mp4,[28, 9, 979, 715]
02729900581314010761_31931_2019_260514063527_00_02_3367.mp4,[90, 55, 399, 532]
02729900581314010789_30473_1809_260513154451_00_00_9899.mp4,[404, 477, 689, 701]
02729900581314016633_22931_359_260514071055_00_00_1919.mp4,[278, 48, 656, 340]
02729900581314017304_22015_449_260512132110_00_00_7564.mp4,[357, 4, 831, 474]
02729900581314017821_22238_2629_260512141657_00_00_1146.mp4,[385, 631, 747, 1042]
02729999581314000077_21765_2649_260512130711_00_02_6470.mp4,[243, 185, 542, 438]
027R0229_06_894879_260522142421_00_02_8209.mp4,[949, 5, 1162, 175]
027R0234_11_6575639_260520000942_00_00_6037.mp4,[1116, 4, 1496, 594]
027W02110_139_173049_260519191355_00_02_9517.mp4,[1228, 390, 1431, 613]
027W02111_140_1756889_260522174734_00_00_5814.mp4,[2133, 650, 2292, 823]
027W021220_08_1594369_260522074957_00_02_3725.mp4,[704, 252, 1192, 650]
027W021723_05_229679_260519220947_00_02_7478.mp4,[1229, 281, 1458, 540]
027W021729_33_10429_260519034315_00_02_3375.mp4,[1189, 366, 1400, 543]
027W021729_33_6069_260519033137_00_02_4411.mp4,[1122, 402, 1294, 575]
027W021732_121_345609_260520025241_00_02_8772.mp4,[832, 957, 961, 1250]
027W021733_122_286309_260520001440_00_00_5581.mp4,[263, 440, 506, 773]
027W021734_123_617329_260520145737_00_02_4622.mp4,[1139, 432, 1429, 728]
027W021734_37_22869_260519041629_00_02_3226.mp4,[1086, 525, 1235, 685]
027W021734_66_247649_260521124715_00_02_3739.mp4,[1197, 504, 1661, 970]
027W02196_101_471369_260522011552_00_00_3529.mp4,[817, 532, 1084, 784]
027W02624_46_684879_260522093352_00_02_3942.mp4,[853, 375, 1280, 697]
027WA011620_118_187789_260520110756_00_00_5763.mp4,[1489, 429, 1921, 898]
027WA011779_113_791549_260521150645_00_02_9860.mp4,[648, 233, 1230, 862]
027WA01182_78_812849_260521064910_00_00_2838.mp4,[193, 689, 525, 867]
027WA012411_60_108749_260520004130_00_02_9611.mp4,[110, 3, 675, 701]
027WA012413_175_542119_260522074827_00_02_3874.mp4,[736, 271, 1132, 1008]
027WA012435_83_25529_260519185500_00_00_7043.mp4,[199, 163, 1161, 1053]
027WA012444_21_1360079_260522081148_00_00_7866.mp4,[1371, 39, 1734, 307]
027WA012453_22_68899_260519202007_00_00_4362.mp4,[87, 121, 936, 997]
027WA012461_26_68169_260519201838_00_02_3177.mp4,[605, 2, 908, 283]
027WA012464_108_12769_260520030330_00_00_1718.mp4,[1302, 383, 1668, 690]
027WA012465_30_67329_260519201620_00_02_8260.mp4,[210, 667, 582, 1035]
027WA012507_189_133589_260521125424_00_00_6643.mp4,[846, 182, 1144, 339]
027WA012521_118_102129_260520071109_00_00_6226.mp4,[1181, 76, 1615, 344]
027WA012528_208_743509_260522170938_00_00_7255.mp4,[1124, 444, 1383, 695]
027WA01384_139_724049_260521120034_00_00_6726.mp4,[327, 159, 635, 471]
027WA01689_75_192819_260520014309_00_00_1130.mp4,[367, 35, 657, 299]
027WA01703_11_479579_260520151851_00_00_5742.mp4,[772, 493, 1039, 610]
027WA01717_23_1156759_260521224054_00_02_4948.mp4,[668, 681, 1072, 1074]
027WA01717_23_152429_260520001103_00_02_6527.mp4,[653, 687, 1073, 1075]
027WA01744_64_777779_260521051007_00_02_1802.mp4,[1278, 689, 1465, 1026]
027WA01745_65_92759_260519212717_00_00_3351.mp4,[793, 0, 1150, 210]
027WA01751_71_395589_260520112754_00_00_3349.mp4,[705, 214, 956, 476]
027WA0186_20_901119_260521105744_00_02_5171.mp4,[1325, 552, 1547, 781]
027WA0190_24_309189_260520072919_00_02_9447.mp4,[451, 669, 664, 926]
027WA02257_44_281479_260520005720_00_00_5607.mp4,[0, 2, 764, 460]
028R0155_04_1423279_260520220553_00_02_2875.mp4,[735, 289, 872, 517]
028R0198_38_4595609_260518213655_00_00_4788.mp4,[427, 402, 569, 618]
028W0401_35_2116109_260523080738_00_00_7128.mp4,[1312, 314, 1514, 633]
028W061021_02_90789_260521051450_00_00_4808.mp4,[539, 259, 802, 471]
028W06113_59_1905889_260522222133_00_00_9350.mp4,[304, 262, 722, 552]
028W06113_59_41669_260519080228_00_00_2539.mp4,[260, 130, 500, 442]
028W06121_63_197599_260519144829_00_00_6922.mp4,[526, 335, 1028, 827]
028W061221_01_60889_260519055055_00_00_7920.mp4,[1248, 191, 1474, 416]
028W061277_77_952399_260521021249_00_02_9082.mp4,[1262, 410, 1491, 686]
028W061289_06_178829_260519142227_00_00_7121.mp4,[856, 486, 1060, 647]
028W061294_04_1394449_260521223927_00_02_6436.mp4,[433, 554, 560, 719]
028W061308_27_3623579_260519055318_00_00_8291.mp4,[755, 378, 1042, 703]
028W061319_10_558789_260520080112_00_02_5440.mp4,[1017, 501, 1195, 682]
028W061321_12_1610029_260522084128_00_00_8517.mp4,[989, 571, 1416, 806]
028W061329_18_209559_260519155113_00_00_7709.mp4,[244, 480, 391, 643]
028W061338_06_1320509_260521164602_00_02_2291.mp4,[382, 174, 597, 375]
028W061430_27_33629_260518223309_00_00_5705.mp4,[895, 252, 1197, 616]
028W06166_59_1587699_260522074509_00_02_1385.mp4,[648, 356, 1029, 803]
028W06178_71_3462849_260518223710_00_00_4028.mp4,[427, 294, 723, 548]
028W061853_65_1848099_260521100307_00_02_7013.mp4,[252, 116, 579, 422]
028W062037_54_738239_260520123014_00_00_9585.mp4,[8, 730, 406, 1067]
028W062116_07_3482609_260518232703_00_00_6069.mp4,[1310, 804, 1561, 918]
028W062142_17_54159_260519082759_00_02_6393.mp4,[560, 562, 862, 903]
028W062179_44_954709_260521031752_00_00_7389.mp4,[1030, 476, 1297, 668]
028W062181_38_1289209_260521184655_00_00_9293.mp4,[320, 333, 1013, 815]
028W0621_29_1624229_260522092608_00_02_5494.mp4,[1027, 401, 1190, 596]
028W062259_23_1575779_260522071104_00_00_4918.mp4,[1190, 326, 1584, 909]
028W062298_17_3311159_260518152453_00_02_4205.mp4,[747, 198, 864, 576]
028W062304_24_3614379_260518224320_00_00_6531.mp4,[591, 310, 772, 527]
028W062311_29_3616379_260519053726_00_02_8698.mp4,[664, 90, 928, 364]
028W062344_11_1229819_260521150845_00_00_9117.mp4,[1548, 538, 1755, 851]
028W062345_12_449009_260520025951_00_00_6589.mp4,[1596, 478, 1802, 655]
028W062433_28_378089_260519233930_00_00_8691.mp4,[554, 403, 914, 795]
028W062464_10_7929_260519032240_00_02_3259.mp4,[0, 244, 704, 897]
028W062465_93_525059_260520071545_00_02_2645.mp4,[223, 401, 666, 784]
028W062465_93_945759_260521023750_00_02_3444.mp4,[249, 390, 822, 838]
028W062466_102_139629_260523151151_00_02_9696.mp4,[210, 399, 692, 770]
028W0626_33_1682839_260522051833_00_00_9844.mp4,[154, 245, 379, 474]
028W06272_05_149109_260523052702_00_00_1834.mp4,[492, 408, 718, 814]
028W06273_06_52469_260521184744_00_00_6829.mp4,[196, 220, 724, 994]
028W06273_06_52519_260521184752_00_00_9883.mp4,[333, 337, 984, 1064]
028W06273_06_52579_260521184802_00_00_9735.mp4,[86, 343, 965, 1041]
028W06273_06_52609_260521184808_00_00_6261.mp4,[284, 215, 720, 830]
028W06330_141_181859_260518230334_00_00_4851.mp4,[597, 139, 748, 328]
028W06422_92_26299_260521002359_00_02_2711.mp4,[953, 362, 1333, 683]
028W06422_92_7059_260521053429_00_02_9215.mp4,[782, 451, 1299, 1071]
028W06428_138_291829_260519040843_00_00_6579.mp4,[279, 633, 789, 1035]
028W06663_52_25989_260520212230_00_00_8696.mp4,[351, 610, 691, 941]
028W06663_52_26019_260520212234_00_00_4136.mp4,[336, 620, 592, 957]
028W06681_82_1054279_260521065555_00_00_5002.mp4,[131, 493, 695, 783]
028W0669_118_301229_260519043224_00_00_2494.mp4,[208, 288, 426, 455]
028W06733_68_11819_260521014944_00_00_9260.mp4,[1445, 400, 1918, 806]
028W06739_39_1553399_260522060435_00_00_7996.mp4,[274, 411, 910, 729]
028W0673_27_24509_260520212332_00_00_4166.mp4,[1121, 347, 1466, 636]
028W06740_40_126179_260519115955_00_02_7885.mp4,[811, 131, 1028, 338]
028W06740_40_544619_260520072219_00_00_2303.mp4,[1349, 170, 1587, 330]
028W06770_145_281069_260519033930_00_02_8364.mp4,[-1, 482, 679, 1069]
028W06814_10_1523499_260522044604_00_00_9278.mp4,[1427, 208, 1747, 600]
028W06821_17_2122999_260523083211_00_02_2978.mp4,[1159, 593, 1595, 1076]
028W06866_73_1750069_260522151001_00_00_1654.mp4,[1105, 2, 1362, 345]
028W06926_32_13289_260518113306_00_02_7156.mp4,[504, 287, 704, 433]
028W06950_40_15139_260522091043_00_02_2031.mp4,[681, 620, 1218, 1073]
028W06950_40_7359_260523035600_00_02_7404.mp4,[572, 563, 1196, 1074]
028W06955_42_28419_260520153257_00_00_6388.mp4,[487, 366, 719, 747]
028W06965_81_2154179_260523095834_00_00_8075.mp4,[377, 51, 683, 210]
028W06975_79_1680059_260522120050_00_02_9763.mp4,[994, 8, 1224, 210]
028W0697_70_460069_260520023143_00_02_1811.mp4,[591, 1, 891, 250]
028WA011560_26_222389_260520105145_00_02_7573.mp4,[894, 535, 1081, 714]
028WA011560_78_12749_260521164534_00_02_3366.mp4,[909, 535, 1122, 796]
028WA011560_81_53729_260520175503_00_02_9169.mp4,[900, 538, 1048, 708]
028WA011561_27_78539_260520041200_00_00_8745.mp4,[92, 485, 447, 776]
028WA011581_86_43419_260521180929_00_00_7359.mp4,[852, 236, 1223, 636]
028WA011680_04_1123529_260523200610_00_02_8604.mp4,[572, 338, 869, 550]
028WA011680_395_5533369_260520205917_00_02_8750.mp4,[518, 304, 693, 511]
028WA011702_00_663759_260522224703_00_02_5303.mp4,[597, 334, 789, 604]
028WA01503_51_91409_260520195734_00_00_1778.mp4,[694, 79, 836, 327]
028WA01683_94_108499_260520204902_00_00_7494.mp4,[830, 239, 1014, 549]
028WA0352_48_263339_260521033703_00_02_5561.mp4,[203, 393, 625, 919]
028WK0117_197_15328219_260523071513_00_00_3518.mp4,[1093, 557, 1451, 705]
029WE0165_20_3173559_260521054118_00_00_9691.mp4,[55, 539, 1554, 1072]
029WE0331_48_329019_260518233958_00_00_9289.mp4,[443, 121, 733, 248]
03160001581314002891_138233_1519_260512173408_00_00_2916.mp4,[120, 1, 402, 220]
03160001581314003543_21078_1779_260514185446_00_00_3750.mp4,[709, 173, 917, 306]
03160001581314004599_148531_1429_260514074353_00_02_4980.mp4,[463, 494, 614, 714]
03160001581314005210_149671_219_260514125032_00_02_3932.mp4,[759, 354, 1110, 654]
03160001581314005232_21020_1239_260513183321_00_02_3361.mp4,[545, 280, 825, 571]
03160001581314005645_24891_309_260514193047_00_02_2661.mp4,[239, 1, 461, 179]
03160001581314006932_147574_989_260514191235_00_02_8030.mp4,[411, 328, 585, 571]
03161323581314000001_137912_2209_260512155219_00_00_3491.mp4,[873, 86, 1115, 291]
03164792581314000007_19265_1259_260514080324_00_02_7849.mp4,[420, 181, 1111, 829]
03166988581314000008_142390_3459_260512184913_00_00_8731.mp4,[152, 299, 474, 565]
03168283581314000040_22535_2389_260514082632_00_02_2472.mp4,[241, 40, 383, 197]
03169499581314000015_24552_539_260514185109_00_02_9398.mp4,[278, 328, 530, 717]
03169999581314002045_142560_9_260512190000_00_02_8577.mp4,[496, 325, 630, 481]
03180001001310012059_15674_1289_260512082330_00_02_9858.mp4,[268, 118, 429, 338]
03180001001310012881_142664_3529_260512191942_00_00_5874.mp4,[546, 3, 863, 425]
03180001001310012881_14660_3409_260511191922_00_00_5369.mp4,[668, 74, 922, 355]
03180001001310013596_135701_1809_260512072457_00_00_5691.mp4,[297, 146, 665, 569]
03180001001310015126_19439_1489_260513105404_00_00_1163.mp4,[666, 0, 1278, 243]
03180001001310016049_147536_1549_260514191413_00_02_2658.mp4,[115, 169, 351, 477]
03180001001310016049_147536_1889_260514191510_00_02_6805.mp4,[356, 119, 641, 445]
03180001001310017237_149860_3379_260514134918_00_00_6775.mp4,[193, 256, 451, 470]
03180799581314000003_141289_559_260513135128_00_00_9912.mp4,[904, 2, 1319, 240]
03183950581314000006_24936_169_260514194019_00_00_3075.mp4,[0, 145, 271, 444]
03186566581314000008_152166_3429_260514194921_00_00_4244.mp4,[257, 16, 537, 350]
03186566581314000008_152166_3499_260514194933_00_00_4933.mp4,[262, 17, 469, 240]
03189999581314007314_13475_4599_260512081458_00_02_2812.mp4,[1351, 163, 1519, 379]
03189999581314009649_147236_219_260513191027_00_00_2150.mp4,[273, 140, 468, 347]
03189999581314012310_139049_3009_260512192815_00_00_7000.mp4,[543, 184, 722, 498]
03510001001310008303_126678_609_260512145136_00_00_5847.mp4,[784, 135, 975, 497]
03510001001310010804_133870_1769_260514080434_00_00_3122.mp4,[516, 1, 805, 375]
03510001001310011338_126473_2249_260514144554_00_00_9090.mp4,[144, 187, 311, 499]
03510001001310012495_105630_1359_260514180342_00_00_8929.mp4,[0, 38, 312, 381]
03510001001310016384_102389_3359_260513184914_00_00_4052.mp4,[72, 58, 329, 345]
03510001001310016515_105817_3309_260514182906_00_00_2607.mp4,[-1, 217, 419, 706]
03510001001310016515_105817_3339_260514182911_00_00_8664.mp4,[1, 124, 498, 716]
03510001001310016840_129647_649_260513080143_00_00_8767.mp4,[823, 309, 1153, 524]
03510001001310017383_122724_3009_260513151811_00_02_3409.mp4,[553, 472, 919, 717]
03510001001310017668_122789_3019_260513152818_00_00_8802.mp4,[345, 81, 573, 195]
03510001001310017715_101409_1729_260513144439_00_00_5980.mp4,[567, 201, 727, 373]
03510001001310017716_81393_1139_260512143300_00_02_2180.mp4,[763, 245, 915, 454]
03510001001310017765_116792_589_260512074133_00_00_3961.mp4,[705, 139, 1059, 330]
03510001001310018824_80463_779_260512075205_00_00_7562.mp4,[227, 312, 589, 713]
03510001001310018828_106224_3299_260514192904_00_00_9639.mp4,[431, 94, 668, 690]
03512230581314000008_98161_1479_260512151345_00_00_1507.mp4,[489, 318, 890, 522]
03512999581314000089_120939_2179_260513075558_00_02_2064.mp4,[672, 152, 879, 353]
03518485581314000032_134672_729_260514114040_00_02_7927.mp4,[775, 2, 1159, 351]
03518586581314000047_117004_2049_260512081521_00_00_5591.mp4,[1025, 267, 1277, 574]
03518993581314000003_135283_2179_260514144553_00_02_3922.mp4,[0, 15, 316, 369]
03519999581314003434_104905_1929_260514144500_00_00_8633.mp4,[291, 331, 768, 530]
03519999581314009238_135544_1429_260514151348_00_02_4127.mp4,[137, 2, 592, 554]
03519999581314015268_99871_3109_260513072816_00_00_6761.mp4,[590, 188, 1044, 395]
03519999581314015566_125948_259_260514115023_00_00_5787.mp4,[717, 219, 1022, 382]
03519999581314015817_105110_2229_260514151124_00_00_7996.mp4,[814, 130, 1244, 323]
03519999581314015817_122646_4909_260513150311_00_00_1511.mp4,[690, 56, 1282, 542]
03519999581314016760_124072_2499_260511195651_00_02_5312.mp4,[777, 278, 897, 537]
03519999581314018684_83085_909_260513072210_00_02_5686.mp4,[163, 674, 591, 1064]
03519999581314018783_118203_679_260512143133_00_00_4442.mp4,[92, 624, 431, 1073]
03710001001310010140_65098_669_260513163147_00_00_5301.mp4,[421, 1, 776, 268]
03710001001310011673_66559_79_260514075008_00_00_3635.mp4,[534, 196, 820, 470]
03710001001310012502_125168_409_260513074049_00_00_7784.mp4,[748, 261, 1184, 714]
03710001001310016382_120859_359_260512075055_00_00_9112.mp4,[123, 215, 409, 443]
03710001001310017472_66107_2429_260514065639_00_00_8102.mp4,[279, 130, 554, 335]
03710001001310018642_63604_279_260513073037_00_00_4823.mp4,[393, 295, 677, 605]
03710001001310018642_66542_2079_260514075536_00_00_3949.mp4,[84, 301, 444, 687]
03713399581314000050_133904_2359_260513190305_00_02_6249.mp4,[388, 1, 649, 255]
03719499581314000066_62066_3429_260512150926_00_00_5745.mp4,[1, 409, 454, 915]
03719925581314000006_126515_7459_260512090608_00_00_9564.mp4,[672, 663, 1091, 1070]
03719999581314002018_132689_1489_260513153404_00_00_3763.mp4,[859, 4, 1057, 263]
03719999581314002018_132689_2389_260513153634_00_00_7943.mp4,[858, 1, 1068, 213]
03719999581314004158_129095_3039_260514071816_00_00_4921.mp4,[749, 147, 908, 466]
03719999581314006335_105157_2319_260514072622_00_02_5055.mp4,[234, 194, 488, 527]
03719999581314017426_123044_1899_260512162512_00_02_5671.mp4,[468, 484, 678, 716]
03719999581314036173_105224_1799_260514073440_00_00_7590.mp4,[453, 182, 1045, 717]
03719999581314036601_66741_349_260514084053_00_00_9393.mp4,[268, 141, 539, 263]
03719999581314038816_134609_3319_260514071908_00_00_6943.mp4,[265, 332, 526, 571]
03719999581314040421_61888_1299_260512140315_00_00_8222.mp4,[259, 354, 622, 1012]
03719999581314043704_128277_1129_260513184247_00_02_3142.mp4,[0, 195, 361, 515]
04320009581314000739_128161_2209_260512072136_00_00_2091.mp4,[682, 157, 1052, 575]
04320009581314001758_86834_2099_260514073544_00_00_4922.mp4,[285, 1, 1379, 384]
04323500581314000004_137160_2849_260514064734_00_00_6635.mp4,[310, 163, 517, 526]
04324951581314000032_130513_2439_260512154625_00_00_4211.mp4,[1342, 27, 1648, 324]
04325499581314000017_100191_3089_260513121829_00_00_7808.mp4,[1083, -2, 1407, 618]
04328089581314000008_117898_2789_260512154720_00_02_6489.mp4,[575, 344, 883, 804]
04329914581314000021_118373_2479_260512174751_00_00_6648.mp4,[613, 0, 725, 225]
04329999581314000165_83702_1069_260513071254_00_00_5280.mp4,[895, 253, 1147, 593]
04329999581314006065_85254_5789_260513154932_00_00_7262.mp4,[571, 254, 1036, 542]
04329999581314006193_132836_5559_260513072910_00_00_2365.mp4,[246, 676, 397, 880]
04329999581314006447_124789_3549_260514092946_00_00_9936.mp4,[1241, 60, 1519, 484]
04329999581314006480_128808_139_260512085018_00_00_5376.mp4,[239, 499, 580, 834]
04329999581314006480_128808_2849_260512085749_00_02_4485.mp4,[326, 592, 465, 826]
04329999581314006480_128808_3039_260512085821_00_00_5975.mp4,[243, 428, 525, 754]
04329999581314006480_96241_1599_260512084421_00_00_6919.mp4,[206, 336, 441, 757]
04329999581314006480_96241_209_260512084030_00_00_5650.mp4,[245, 517, 581, 908]
04329999581314006480_96241_2309_260512084619_00_02_9142.mp4,[208, 343, 553, 792]
04329999581314006480_96241_429_260512084106_00_00_7878.mp4,[214, 424, 543, 843]
04329999581314006480_96241_89_260512084010_00_00_2324.mp4,[222, 336, 415, 819]
04329999581314006480_99667_279_260513084042_00_00_5354.mp4,[310, 384, 517, 652]
04329999581314006480_99667_479_260513084115_00_00_3912.mp4,[264, 381, 597, 620]
04510001001310010033_86766_2669_260514072704_00_00_6299.mp4,[199, 70, 447, 281]
04510001001310010598_86885_1919_260514074514_00_00_3099.mp4,[457, 73, 697, 298]
04510001001310011467_84718_2899_260513125742_00_00_5344.mp4,[817, 213, 1135, 490]
04510001001310011481_103680_3459_260514105931_00_00_8056.mp4,[2, 19, 1278, 668]
04510001001310011495_138660_3509_260514105939_00_00_9097.mp4,[418, -2, 1278, 712]
04510001001310013002_120005_2989_260513073813_00_00_2275.mp4,[97, 37, 525, 241]
04510001001310014999_116159_529_260512081107_00_00_6969.mp4,[691, 458, 1836, 722]
04510001001310016295_120155_919_260513075224_00_00_1310.mp4,[485, 125, 1025, 416]
04510001001310016295_128454_129_260512075012_00_00_7380.mp4,[431, 126, 1135, 394]
04510001001310016307_119012_1799_260512200449_00_00_1355.mp4,[540, 1, 1192, 673]
04510001001310016307_119012_2049_260512200531_00_00_2883.mp4,[385, 1, 1114, 481]
04510001001310016307_140952_1759_260514200443_00_00_9020.mp4,[356, -1, 1098, 505]
04510001001310016307_140952_1799_260514200450_00_00_1523.mp4,[287, 3, 1117, 497]
04510001001310016307_140952_1879_260514200503_00_00_3612.mp4,[301, -1, 1070, 563]
04510001001310016307_140952_1969_260514200518_00_00_8162.mp4,[342, 2, 1131, 500]
04510001001310016307_140952_2059_260514200533_00_00_4762.mp4,[352, 4, 1196, 529]
04510001001310016307_140952_2089_260514200539_00_00_7773.mp4,[260, 3, 1162, 523]
04510001001310016307_140952_2189_260514200555_00_00_8059.mp4,[299, 1, 1186, 516]
04510001581314001529_81749_2209_260512125558_00_00_6890.mp4,[483, 5, 766, 612]
04511100581314000011_88494_909_260514165222_00_02_2976.mp4,[862, 2, 1010, 224]
04511100581314000020_96941_2889_260512130752_00_00_5420.mp4,[182, 269, 1100, 710]
04512100581314000008_126878_2429_260514180624_00_00_3157.mp4,[603, 109, 897, 287]
04512501581314000014_88571_1089_260514171241_00_02_5375.mp4,[262, 5, 693, 529]
04514399581314000002_100603_699_260513141151_00_00_6457.mp4,[1024, 434, 1345, 796]
04514399581314000002_139173_1909_260514140513_00_00_6081.mp4,[728, 49, 1172, 537]
04519900581314011986_84671_179_260513121009_00_00_5160.mp4,[770, 185, 1018, 375]
04519900581314013069_129256_3299_260512111859_00_00_8484.mp4,[496, 29, 1085, 594]
04519999581314003364_100267_2499_260513123646_00_00_5163.mp4,[663, 2, 921, 338]
04519999581314018011_100755_369_260513145041_00_00_3319.mp4,[938, 220, 1473, 678]
04519999581314018678_136174_1519_260513191353_00_02_1491.mp4,[1136, 0, 1755, 584]
04519999581314019669_133882_1569_260513112401_00_02_4742.mp4,[811, 308, 938, 744]
04519999581314021621_117817_1359_260512154341_00_02_6140.mp4,[642, 38, 1063, 616]
04519999581314024978_121089_2089_260513122324_00_02_9415.mp4,[629, 795, 822, 1070]
04519999581314025168_99532_2599_260513081415_00_00_3051.mp4,[935, 183, 1217, 488]
04519999581314025515_135240_6359_260513160423_00_00_6141.mp4,[705, 446, 1128, 866]
04519999581314025746_115869_5219_260512073837_00_02_3578.mp4,[73, 540, 480, 869]
04519999581314025762_133611_6339_260513095832_00_00_7240.mp4,[1488, 124, 1766, 332]
04519999581314025766_95860_4979_260512073813_00_02_8657.mp4,[634, 315, 814, 652]
04519999581314025857_98344_13059_260512191838_00_00_1300.mp4,[1306, 295, 1827, 884]
04519999581314026140_125567_5039_260514122818_00_02_6765.mp4,[1049, 356, 1340, 706]
04710001001310006947_123633_2429_260512075639_00_00_8539.mp4,[249, 432, 831, 701]
04710001001310007659_125630_869_260514155204_00_00_8316.mp4,[201, 46, 446, 226]
04710001001310008230_88272_1639_260514184428_00_00_8686.mp4,[710, 0, 933, 252]
04710001001310009313_121076_2309_260513145615_00_00_4484.mp4,[264, 1, 495, 143]
04710001001310009313_121076_2899_260513145753_00_00_8175.mp4,[257, 2, 477, 147]
04710001001310009540_85921_2449_260514070643_00_02_7142.mp4,[604, 158, 1026, 591]
04710001001310009676_123432_649_260514075127_00_00_3539.mp4,[1136, -2, 1893, 254]
04710001001310010852_86422_2449_260514081643_00_00_8424.mp4,[557, 122, 845, 471]
04710001001310011096_88217_3519_260514182941_00_00_6242.mp4,[677, 6, 1065, 167]
04710001001310011894_87256_2799_260514140741_00_00_6070.mp4,[293, 111, 535, 326]
04710001001310012204_83159_289_260513073038_00_02_8725.mp4,[211, 303, 431, 554]
04710001001310012247_116737_1519_260512140403_00_00_7918.mp4,[678, 253, 1178, 522]
04710001001310012321_123558_2989_260512074808_00_00_7551.mp4,[138, 250, 649, 650]
04710001001310012494_103467_3549_260514122941_00_00_1895.mp4,[0, 109, 526, 417]
04710001001310012494_124421_3119_260514120829_00_00_2555.mp4,[148, 62, 672, 358]
04710001001310012532_81337_2129_260512133545_00_02_3166.mp4,[256, 2, 531, 223]
04710001001310012764_116508_3089_260512122830_00_00_9066.mp4,[424, 72, 696, 492]
04710001581314000858_102726_1999_260514082513_00_02_2386.mp4,[1190, 120, 1372, 324]
04710001581314001238_87910_269_260514164035_00_00_9624.mp4,[367, 238, 644, 547]
04710001581314001611_86099_2549_260514073654_00_00_7520.mp4,[31, 83, 369, 226]
04710001581314002001_105121_3119_260514191818_00_02_1962.mp4,[65, 123, 349, 370]
04710607581314000101_124726_2469_260514133646_00_00_8973.mp4,[374, 125, 617, 386]
04710607581314000101_124726_3019_260514133818_00_02_8411.mp4,[430, 293, 621, 637]
04710607581314000101_124726_3439_260514133928_00_00_6234.mp4,[442, 170, 615, 400]
04710607581314000101_124726_3539_260514133945_00_00_5799.mp4,[449, 188, 625, 403]
04711400581314000030_103384_1349_260514120335_00_00_1442.mp4,[312, 1, 521, 281]
04719099581314000054_86370_2359_260514080611_00_00_9523.mp4,[529, 396, 752, 648]
04719400581314000065_99143_1099_260513075253_00_02_6887.mp4,[764, 56, 891, 431]
04719999581314002917_96480_2439_260512121636_00_00_2589.mp4,[253, 22, 490, 179]
04719999581314017837_125561_1359_260514153325_00_00_3446.mp4,[149, 115, 292, 295]
04719999581314019120_123335_2479_260514074407_00_00_8284.mp4,[1432, 213, 1780, 366]
04719999581314019427_115662_2499_260512081655_00_00_6811.mp4,[932, 135, 1163, 329]
04719999581314021689_120805_619_260513142033_00_02_4269.mp4,[390, 130, 771, 625]
05121199581314000007_2634_3389_260514155915_00_02_9011.mp4,[302, 243, 605, 503]
05121199581314000028_6764_379_260514101053_00_00_1526.mp4,[540, 74, 662, 362]
05123399581314000129_2820_3529_260514171943_00_00_6284.mp4,[560, 92, 826, 224]
05123701581314000002_6626_3189_260514165847_00_02_1550.mp4,[534, 90, 711, 451]
05126799581314000050_56827_1809_260512090441_00_00_1355.mp4,[1270, 276, 1463, 486]
05127699581314000012_5965_589_260514070133_00_00_3862.mp4,[662, 134, 1048, 315]
05128399581314000008_3110_6309_260514183825_00_02_5001.mp4,[1522, 711, 1826, 907]
05129699581314000004_6890_729_260514173141_00_02_7922.mp4,[1176, 427, 1530, 890]
05129918581314000008_1463_599_260513064135_00_00_1464.mp4,[690, 325, 952, 607]
05129999581314003803_1355_2479_260513061643_00_00_5051.mp4,[329, 219, 835, 697]
05129999581314003878_2523_1419_260513063346_00_02_2968.mp4,[95, 140, 231, 332]
05129999581314004673_2845_3509_260513073940_00_00_4530.mp4,[19, 364, 435, 682]
05129999581314006460_327_779_260513075206_00_00_8391.mp4,[468, 334, 778, 776]
05129999581314012717_955_1889_260513182454_00_00_6011.mp4,[842, 105, 1240, 483]
05129999581314014955_3722_2939_260514190759_00_02_3356.mp4,[707, 96, 926, 378]
05129999581314016090_3010_1879_260514174452_00_00_9086.mp4,[1085, 212, 1220, 578]
05129999581314016090_8171_109_260514175001_00_00_3902.mp4,[1008, 213, 1211, 595]
05129999581314016092_7919_2329_260514171607_00_02_5742.mp4,[1629, 558, 1776, 744]
05129999581314018027_4269_379_260514074059_00_00_8609.mp4,[224, 110, 468, 347]
05129999581314018027_563_3109_260514073833_00_00_1823.mp4,[286, 153, 544, 350]
05129999581314018027_563_3209_260514073850_00_00_9385.mp4,[279, 163, 537, 414]
05129999581314019556_83710_3259_260511181853_00_00_7395.mp4,[86, 1, 379, 232]
05129999581314020771_1024_2829_260512145742_00_00_1748.mp4,[420, 71, 649, 306]
05129999581314023027_6999_3019_260514174818_00_00_7984.mp4,[712, 284, 1054, 502]
05129999581314026025_85065_1769_260512072444_00_02_2604.mp4,[482, 498, 636, 714]
05129999581314026165_56666_3409_260512074906_00_00_4228.mp4,[142, 395, 601, 825]
05129999581314027159_1174_3329_260513121853_00_00_9343.mp4,[162, 230, 302, 485]
05129999581314027159_1202_799_260513122152_00_00_3553.mp4,[133, 194, 350, 450]
05129999581314027857_1464_1619_260513192408_00_00_8690.mp4,[888, 43, 1278, 385]
05129999581314028510_3241_3229_260514180836_00_02_9542.mp4,[930, 622, 1082, 782]
05129999581314028510_7166_209_260514181014_00_02_3900.mp4,[457, 300, 626, 472]
05129999581314029939_2585_739_260513184158_00_00_8958.mp4,[735, 2, 984, 403]
05129999581314033401_57002_13359_260512095851_00_00_9592.mp4,[545, 138, 808, 377]
05129999581314034810_2770_4379_260514164548_00_02_6208.mp4,[936, 294, 1241, 630]
05130001581314000403_602_149_260514073015_00_00_1683.mp4,[207, 14, 557, 341]
05130001581314000403_602_2039_260514073529_00_00_2382.mp4,[344, 40, 793, 543]
05130001581314000403_602_569_260514073124_00_00_1085.mp4,[90, 122, 419, 424]
05130001581314000403_602_99_260514073006_00_00_5715.mp4,[307, 5, 580, 236]
05160001001310010230_70380_3069_260514173826_00_00_3132.mp4,[425, 59, 781, 435]
05160001001310015227_63422_3529_260512132927_00_00_6582.mp4,[339, 110, 527, 282]
05160001001310016100_36649_1559_260512170359_00_00_1599.mp4,[599, 240, 851, 417]
05160001581314000402_106135_2949_260514184806_00_00_4331.mp4,[613, 177, 758, 305]
05161500581314000052_122381_1879_260513154503_00_00_7642.mp4,[483, 47, 685, 444]
05166099581314000030_98068_1269_260512140328_00_00_1671.mp4,[647, 205, 775, 335]
05167400581314000057_104802_10939_260514135710_00_00_9280.mp4,[110, 119, 399, 407]
05168900581314000031_105613_2419_260514170638_00_02_8799.mp4,[308, 173, 449, 441]
05169900581314000349_42389_2359_260514071623_00_02_6249.mp4,[1449, 247, 1879, 764]
05169900581314004883_45114_139_260514164002_00_00_8048.mp4,[522, -2, 1576, 980]
05169900581314004924_63521_3369_260512134916_00_00_2838.mp4,[648, 50, 792, 362]
05169900581314005342_43800_59_260514131000_00_00_3409.mp4,[701, 3, 1112, 570]
05169900581314005833_44591_1449_260514150356_00_00_1794.mp4,[99, 479, 279, 655]
05169900581314007181_122984_3549_260513171929_00_00_6950.mp4,[128, 104, 424, 348]
05169900581314008056_127681_469_260514184057_00_00_5017.mp4,[818, 150, 1207, 568]
05169900581314008056_45925_3009_260514183759_00_00_5399.mp4,[1443, 150, 1779, 391]
05169900581314008059_46000_469_260514184057_00_00_1342.mp4,[680, 331, 1305, 739]
052W01356_01_500869_260520003837_00_00_8711.mp4,[481, 356, 759, 642]
052W01363_08_764989_260520134845_00_00_6076.mp4,[337, 620, 620, 942]
052W01457_31_689589_260522090003_00_02_3671.mp4,[1, 617, 400, 1073]
052W01549_84_10449_260521025517_00_02_4422.mp4,[1242, 9, 1561, 398]
05319999581314016301_138114_1729_260514140438_00_00_2386.mp4,[417, 212, 724, 491]
05319999581314018562_128755_839_260512134159_00_00_7444.mp4,[383, 282, 929, 664]
05319999581314018672_47985_3039_260514142816_00_02_1648.mp4,[153, 375, 459, 674]
05319999581314021126_30669_1879_260513183503_00_00_1934.mp4,[317, 109, 440, 282]
05319999581314022419_46677_2979_260514071806_00_00_1047.mp4,[18, 0, 182, 172]
05319999581314024427_22754_1049_260512071233_00_00_8298.mp4,[1236, 195, 1857, 614]
05319999581314024427_22754_1129_260512071247_00_00_2355.mp4,[1243, 178, 1750, 536]
05319999581314024623_129107_1619_260512142421_00_00_6051.mp4,[210, 204, 1055, 1072]
05319999581314024705_23590_199_260512095012_00_00_2682.mp4,[460, 276, 766, 529]
05319999581314025976_28898_3159_260513134841_00_00_9088.mp4,[433, 62, 1055, 713]
05319999581314029483_63509_1179_260512095306_00_00_9157.mp4,[567, 1, 1076, 547]
05319999581314030083_47241_2689_260514102718_00_00_6927.mp4,[557, 188, 740, 397]
05319999581314030301_46729_3159_260514072836_00_00_9605.mp4,[600, 41, 911, 372]
05319999581314031214_130056_2769_260512173736_00_00_5853.mp4,[315, 163, 507, 279]
05319999581314031661_22673_2389_260512070628_00_00_7730.mp4,[393, 153, 789, 465]
05319999581314036396_68575_2819_260513173728_00_00_5946.mp4,[466, 462, 859, 903]
05319999581314036536_71205_3509_260514133939_00_00_5519.mp4,[164, 536, 505, 849]
05319999581314036630_23162_39_260512074002_00_00_9058.mp4,[1560, 736, 1801, 1071]
05320127581314000032_126411_1169_260513165304_00_00_6896.mp4,[715, 17, 952, 473]
05320130581314000033_105923_1349_260514160335_00_00_9444.mp4,[290, 0, 534, 116]
05320130581314000033_105923_1919_260514160509_00_00_9865.mp4,[261, 0, 606, 118]
05320156581314000013_132856_979_260513183239_00_00_9231.mp4,[507, 1, 682, 270]
05320166581314000026_130944_109_260514170013_00_00_5429.mp4,[369, 260, 531, 407]
05320167581314000033_102333_1679_260513163430_00_00_9967.mp4,[342, 108, 716, 507]
05320175581314000079_136486_209_260514160025_00_02_5047.mp4,[444, 270, 672, 477]
05320199581314003574_89215_3459_260514171926_00_00_8023.mp4,[481, 1, 865, 174]
05320199581314003584_105382_1339_260514142333_00_02_5595.mp4,[741, 106, 960, 339]
05320199581314004025_134058_1259_260514073325_00_00_1853.mp4,[1, 359, 428, 571]
05320199581314004025_134058_1399_260514073348_00_00_6164.mp4,[0, 241, 423, 570]
05320199581314004025_134058_1739_260514073445_00_00_1626.mp4,[1, 348, 404, 570]
05320199581314005435_130417_729_260514155140_00_00_2333.mp4,[399, 4, 1033, 606]
05320199581314005438_137321_3419_260514180908_00_00_5687.mp4,[770, 31, 1630, 470]
05320199581314005658_129640_329_260514134049_00_02_6447.mp4,[130, 2, 371, 259]
05320199581314005899_126770_1119_260512161257_00_00_7096.mp4,[481, 97, 788, 407]
05320199581314006919_100621_809_260513092218_00_00_4304.mp4,[401, 39, 608, 362]
05320199581314007377_127636_589_260514063128_00_00_9379.mp4,[335, 84, 648, 396]
05320199581314008594_123276_1599_260513064413_00_00_1460.mp4,[19, 178, 245, 353]
05320199581314008594_123276_1639_260513064420_00_00_3639.mp4,[76, 177, 274, 317]
05320199581314008594_123276_899_260513064217_00_00_4461.mp4,[88, 174, 275, 324]
05320199581314009541_131687_2679_260513160722_00_00_9266.mp4,[433, 13, 793, 217]
05320199581314010521_136171_1659_260514152431_00_00_7757.mp4,[658, 249, 1131, 717]
05320199581314010521_136171_1999_260514152528_00_00_9858.mp4,[637, 205, 1178, 716]
05320199581314010521_136171_2039_260514152534_00_00_5364.mp4,[676, 210, 1157, 714]
05320199581314010899_131122_89_260513143005_00_00_8513.mp4,[420, 382, 922, 572]
05320199581314012525_104985_949_260514131217_00_00_2891.mp4,[329, 264, 640, 484]
05320199581314014885_104305_2879_260514092738_00_00_5004.mp4,[96, 386, 537, 716]
05320199581314016056_136042_3019_260514145802_00_02_3046.mp4,[1154, 364, 1567, 847]
05320199581314016345_128165_1839_260514072445_00_02_6846.mp4,[1303, 722, 1490, 1064]
05320199581314016518_127660_879_260514064205_00_00_2445.mp4,[623, 99, 960, 374]
05320199581314017020_105598_2019_260514150515_00_00_2108.mp4,[71, 524, 631, 826]
05320199581314017020_105598_2769_260514150720_00_00_9467.mp4,[1114, 642, 1896, 1055]
05320199581314017080_129617_1369_260514134327_00_00_8409.mp4,[695, 448, 1451, 1020]
05320199581314019053_130014_1779_260514143435_00_00_8345.mp4,[267, 538, 517, 687]
05510010001310014844_1397_3129_260514070837_00_00_9491.mp4,[448, 402, 644, 717]
05510010001310015122_211_3499_260512161933_00_00_2553.mp4,[571, 0, 943, 168]
05510010001310015867_1937_979_260514065233_00_00_9535.mp4,[289, 248, 618, 421]
05512599581314000011_5829_759_260512153201_00_02_4162.mp4,[801, 362, 1043, 645]
05513800581314000008_54_2139_260514151546_00_00_5581.mp4,[189, 119, 475, 443]
05519900581314000578_638_1229_260514085306_00_00_2884.mp4,[517, 189, 810, 450]
05519900581314001731_3808_3059_260512140809_00_00_7888.mp4,[680, 215, 1123, 620]
05519900581314004458_983_3099_260514182815_00_00_5212.mp4,[1441, 706, 1627, 962]
05519900581314007797_9512_3009_260514164816_00_00_5493.mp4,[569, 25, 888, 391]
05519900581314008373_2936_129_260512104001_00_00_8319.mp4,[812, 4, 1161, 317]
05519900581314009109_2083_2959_260513071808_00_02_3092.mp4,[648, 26, 941, 396]
05519900581314009560_2187_2509_260513071637_00_00_9869.mp4,[728, 241, 1110, 462]
05519900581314009560_88_9_260514070000_00_00_9774.mp4,[1469, 260, 1870, 676]
05519900581314012266_3162_1189_260513110257_00_00_1175.mp4,[840, 280, 1725, 631]
05519900581314012266_3162_1269_260513110310_00_00_1128.mp4,[800, 267, 1673, 612]
05519900581314014508_9305_7419_260514161804_00_00_7513.mp4,[1414, 455, 1781, 854]
05519900581314015763_2086_2569_260513070646_00_00_3157.mp4,[850, 274, 1100, 488]
05519900581314019217_1850_269_260512070024_00_00_5590.mp4,[131, 308, 626, 666]
05519900581314019334_641_1239_260512134306_00_00_5955.mp4,[437, 400, 731, 839]
05519900581314019794_620_1839_260512134456_00_00_6605.mp4,[871, 329, 1117, 458]
05519900581314021607_2834_1969_260512095508_00_00_3771.mp4,[744, 535, 1090, 845]
05519900581314021939_3065_1479_260513100345_00_00_5527.mp4,[1505, 34, 1705, 222]
05519900581314021958_6099_519_260513185106_00_00_4697.mp4,[1300, 379, 1496, 664]
05519900581314026825_2124_2169_260512074556_00_00_1069.mp4,[1324, 400, 1581, 645]
05519900581314026911_910_1459_260512173343_00_00_8932.mp4,[981, 493, 1402, 873]
05519999581314003957_2360_1589_260514124415_00_00_6112.mp4,[163, 245, 630, 464]
05519999581314009411_1998_3219_260513065846_00_02_9263.mp4,[-1, 264, 341, 616]
05519999581314019227_13_2909_260512145755_00_00_3783.mp4,[784, 512, 1279, 716]
05710001001310014941_13982_1439_260514172355_00_02_5503.mp4,[66, 5, 329, 258]
05710001001310015044_140559_3139_260514153823_00_02_5992.mp4,[145, 2, 410, 346]
05710001001310015057_118654_309_260512073032_00_00_6367.mp4,[726, 342, 1278, 713]
05710001001310017884_84836_1469_260513073400_00_00_6590.mp4,[476, 59, 674, 293]
05710001581314000454_128258_1469_260512063400_00_02_4069.mp4,[36, 313, 203, 478]
05710001581314000458_11761_109_260514073013_00_00_7543.mp4,[170, 1, 283, 255]
05710015001310001479_128416_1079_260514125255_00_02_6791.mp4,[587, 414, 961, 714]
05710015001310001893_140110_2569_260514142703_00_02_9591.mp4,[541, 2, 832, 320]
05710015001310002975_127297_579_260514074127_00_00_4815.mp4,[964, 36, 1136, 334]
05710015001310003005_140423_2319_260514152616_00_00_7073.mp4,[660, 246, 902, 433]
05710015001310003454_84562_2569_260513065658_00_00_6858.mp4,[102, 436, 393, 617]
05710015001310003665_141377_3059_260514175819_00_02_3907.mp4,[136, 404, 349, 659]
05710015001310003702_138470_409_260514075103_00_02_2592.mp4,[9, 1, 251, 259]
05710015001310003790_13271_1919_260514143459_00_00_2748.mp4,[741, 346, 1057, 629]
05710015001310003790_13271_2009_260514143514_00_00_3306.mp4,[748, 350, 1047, 619]
05710015581314000162_136291_3359_260513170914_00_00_2809.mp4,[631, 117, 788, 412]
05712300581314000073_130035_2519_260514174639_00_00_8440.mp4,[1074, 266, 1287, 487]
05713300581314000009_121516_69_260512182000_00_00_7789.mp4,[36, 328, 562, 813]
05715100581314000075_86998_1469_260513183344_00_00_9822.mp4,[671, 230, 845, 521]
05718200581314000006_8111_2259_260513071554_00_00_6894.mp4,[686, 272, 1201, 763]
05719900581314000618_11521_2719_260514070723_00_00_9700.mp4,[467, 59, 855, 611]
05719900581314001081_13724_2539_260514163653_00_00_9191.mp4,[579, 159, 1075, 525]
05719900581314004320_137704_1189_260514064308_00_00_5600.mp4,[691, 307, 876, 491]
05719900581314005400_128800_409_260514141047_00_00_3848.mp4,[892, 58, 1192, 301]
05719900581314007440_124427_3489_260513134931_00_02_7918.mp4,[673, 417, 870, 608]
05719900581314007903_7966_3299_260513065850_00_02_6416.mp4,[680, 422, 803, 655]
05719900581314008664_125218_3219_260513162837_00_00_8536.mp4,[597, 40, 796, 516]
05719900581314011034_141062_439_260514171052_00_00_1995.mp4,[78, 2, 533, 681]
05719900581314011132_12627_1149_260514113251_00_02_9562.mp4,[344, 278, 586, 655]
05719900581314012632_129684_1879_260514170453_00_00_1500.mp4,[462, 30, 773, 324]
05719900581314013029_128956_3409_260514144917_00_02_9256.mp4,[1060, 427, 1335, 661]
05719900581314013288_136767_3449_260513181913_00_00_3427.mp4,[135, 2, 549, 371]
05719900581314013351_120393_699_260512150135_00_00_6526.mp4,[762, 467, 1078, 885]
05719900581314014418_8040_2429_260513070624_00_00_5227.mp4,[73, 2, 412, 385]
05719900581314014788_123004_1439_260513074338_00_00_1891.mp4,[201, -1, 631, 333]
05719900581314014860_81893_1329_260512073320_00_00_6648.mp4,[239, 201, 519, 486]
05719900581314014898_139717_1859_260514132448_00_02_2579.mp4,[777, 141, 929, 408]
05719900581314015029_125678_209_260513175014_00_02_6678.mp4,[878, 162, 1066, 394]
05719900581314015469_130765_2979_260512145753_00_00_4378.mp4,[917, 468, 1277, 799]
05719900581314015518_11835_1589_260514074404_00_00_7407.mp4,[663, 288, 936, 411]
05719900581314015518_138263_3129_260514073820_00_00_1280.mp4,[658, 231, 890, 436]
05719900581314016389_10156_2769_260513155720_00_00_5590.mp4,[1010, 252, 1294, 506]
05719900581314016652_138252_1399_260514072333_00_00_6025.mp4,[347, 359, 527, 581]
05719900581314017200_139271_129_260514104001_00_02_2130.mp4,[144, 512, 283, 794]
05719900581314017200_139271_629_260514104124_00_00_6404.mp4,[1156, 437, 1669, 755]
05719900581314017200_139322_2499_260514105635_00_02_7662.mp4,[162, 566, 315, 779]
05719900581314017300_11962_2469_260514075629_00_00_9216.mp4,[956, 794, 1321, 1074]
05719900581314017467_138225_949_260514072217_00_00_4943.mp4,[1368, 419, 1616, 769]
05719900581314017471_9221_909_260513113211_00_00_1844.mp4,[861, 98, 984, 275]
05719900581314017888_12242_2469_260514090631_00_02_5764.mp4,[640, 837, 912, 1074]
05719900581314018185_129677_1849_260514170447_00_00_5186.mp4,[519, 48, 1031, 1003]
05719900581314018444_119907_629_260512133124_00_00_3588.mp4,[103, 74, 296, 220]
05719900581314018444_119907_729_260512133140_00_00_5123.mp4,[123, 66, 262, 236]
05740414581314000018_12175_2629_260512072708_00_00_9743.mp4,[1064, 403, 1230, 646]
05741549581314000016_16990_519_260513065122_00_02_7456.mp4,[124, 244, 290, 408]
05742365581314000018_12567_1719_260512081437_00_00_3794.mp4,[504, 158, 930, 309]
05742865581314000020_39885_1029_260514081242_00_00_4225.mp4,[152, 0, 536, 238]
05746099581314000057_17334_1939_260514073502_00_00_5821.mp4,[1215, 610, 1715, 886]
05747074581314000025_17146_2059_260514071533_00_00_5730.mp4,[415, 146, 757, 619]
05748199581314000025_26163_709_260514192148_00_00_2087.mp4,[187, 236, 379, 412]
05749397581314000034_19571_159_260514174017_00_00_8730.mp4,[828, 1, 1025, 195]
05749599581314000085_21630_189_260514074022_00_00_7331.mp4,[437, 89, 594, 390]
05749999581314000630_16262_1789_260512190448_00_00_9982.mp4,[549, 68, 667, 251]
05749999581314001897_11074_1529_260511185354_00_00_6088.mp4,[157, 34, 409, 276]
05749999581314001916_18987_1899_260514152456_00_00_1292.mp4,[0, 3, 197, 282]
05749999581314001922_14836_259_260512173023_00_00_7922.mp4,[505, 32, 766, 224]
05749999581314004219_14385_2649_260512135700_00_00_7462.mp4,[1251, 265, 1488, 592]
05749999581314005472_23966_499_260514132113_00_02_7171.mp4,[746, 8, 903, 192]
05749999581314006576_23841_1329_260514165332_00_00_4532.mp4,[689, 122, 965, 487]
05749999581314007291_12231_1069_260512072248_00_00_8484.mp4,[487, 139, 891, 349]
05749999581314010078_24242_1989_260514140511_00_00_1769.mp4,[1047, 105, 1298, 782]
05749999581314010393_13439_2109_260513080529_00_00_7645.mp4,[802, 48, 1107, 316]
05749999581314012403_13143_2139_260513072552_00_00_2090.mp4,[0, 246, 397, 713]
05749999581314012462_16299_2479_260513071643_00_00_4673.mp4,[576, 172, 834, 456]
05749999581314012532_17443_3049_260514074807_00_00_8548.mp4,[1190, 254, 1792, 1068]
05749999581314015206_24754_719_260514153149_00_00_3408.mp4,[630, 280, 913, 401]
05749999581314015344_17415_399_260513073045_00_00_2189.mp4,[1428, 257, 1919, 933]
05749999581314015400_16757_1979_260513075509_00_00_1479.mp4,[1208, 3, 1658, 434]
05749999581314015973_33390_1809_260512075440_00_00_9560.mp4,[817, 1, 1210, 272]
05749999581314017685_22279_899_260514070219_00_00_3465.mp4,[543, 508, 860, 717]
05749999581314018558_20543_939_260513154216_00_00_7970.mp4,[520, 2, 1035, 543]
05749999581314019362_10972_1169_260512141305_00_00_7416.mp4,[517, 192, 684, 482]
05749999581314019704_21537_289_260514073039_00_00_3241.mp4,[312, 80, 611, 446]
05749999581314019710_17863_69_260513082001_00_00_5349.mp4,[704, 120, 943, 532]
05749999581314020433_21786_919_260514075228_00_02_2105.mp4,[888, 1, 1040, 175]
05749999581314020449_22769_1909_260514074513_00_00_1162.mp4,[478, 57, 752, 298]
05749999581314022048_23401_1329_260514144331_00_02_4981.mp4,[635, 288, 899, 635]
05749999581314022733_16911_1989_260513080509_00_00_8088.mp4,[1321, 146, 1510, 409]
05749999581314022827_39669_2869_260514073748_00_00_6929.mp4,[90, 391, 277, 628]
05749999581314023355_11878_2269_260512070613_00_00_6470.mp4,[607, 4, 853, 268]
05749999581314023355_12991_2839_260513071748_00_00_4377.mp4,[179, 1, 371, 216]
05749999581314023360_33194_619_260512072139_00_00_3980.mp4,[498, 2, 759, 161]
05749999581314023710_36515_499_260513082102_00_00_5269.mp4,[1337, 302, 1863, 519]
05749999581314024186_34254_2599_260512135651_00_00_5659.mp4,[170, 65, 431, 433]
05749999581314024398_18758_2409_260514141631_00_00_2838.mp4,[203, 182, 504, 521]
05749999581314024826_17501_3109_260513074828_00_00_7768.mp4,[657, 37, 962, 255]
05749999581314025373_11982_2629_260512070708_00_00_4761.mp4,[1012, 231, 1279, 520]
05749999581314025373_34510_3479_260512153929_00_02_7399.mp4,[1050, 314, 1253, 497]
05749999581314025396_16343_119_260513071010_00_00_3381.mp4,[654, 314, 866, 566]
05749999581314025592_9648_2339_260512072620_00_02_9556.mp4,[961, 240, 1237, 514]
05749999581314026274_14106_889_260512132207_00_00_7955.mp4,[744, 161, 1187, 538]
05749999581314026643_20733_3029_260513185804_00_02_2331.mp4,[968, 365, 1185, 651]
05749999581314027030_17020_2559_260513070644_00_02_6475.mp4,[16, 480, 575, 969]
05749999581314027247_16093_1929_260513064501_00_00_3782.mp4,[755, 5, 1358, 515]
05749999581314027247_39328_1169_260514065254_00_02_3765.mp4,[1014, 347, 1468, 708]
05749999581314027476_16348_2059_260513193533_00_00_2942.mp4,[259, 231, 560, 548]
05749999581314027632_33293_3209_260512074845_00_00_1021.mp4,[371, 0, 1211, 680]
05790001581314000133_1010_1639_260513101428_00_00_4760.mp4,[87, 260, 273, 483]
05794899581314000078_4873_4069_260514163526_00_00_8382.mp4,[1361, 3, 1473, 282]
05798299581314000014_510_3029_260513084804_00_00_5839.mp4,[973, 568, 1361, 862]
05799999581314002636_126218_1789_260512080448_00_00_4660.mp4,[64, 2, 300, 210]
05799999581314003135_119950_2129_260512145549_00_00_4238.mp4,[665, 307, 1003, 693]
05799999581314009166_607_2079_260513081526_00_00_1351.mp4,[1448, 237, 1724, 537]
05799999581314010797_6739_2779_260514160738_00_00_7745.mp4,[0, 85, 202, 293]
05799999581314011101_7717_3509_260514182935_00_02_7119.mp4,[777, 11, 910, 179]
05799999581314011318_13_939_260513071226_00_00_7427.mp4,[108, 171, 349, 320]
05799999581314011331_2364_229_260513144029_00_00_2579.mp4,[252, 159, 447, 376]
05799999581314011610_434_2169_260513082557_00_02_4663.mp4,[492, 1, 795, 343]
05799999581314011911_121722_359_260513063055_00_00_8846.mp4,[395, 3, 536, 146]
05799999581314012971_121077_2779_260512180737_00_00_9311.mp4,[787, 216, 1081, 550]
05799999581314013847_129940_9_260513070000_00_02_3813.mp4,[481, 185, 767, 447]
05799999581314013886_129857_9_260513070000_00_02_8186.mp4,[-1, 320, 316, 694]
05799999581314014114_118665_1829_260512095455_00_00_3198.mp4,[249, 32, 452, 214]
05799999581314014537_120911_259_260512174033_00_00_3688.mp4,[387, 170, 669, 478]
05799999581314014537_120911_3129_260512174831_00_00_8723.mp4,[384, 164, 689, 506]
05799999581314015497_5296_1289_260514181330_00_00_5614.mp4,[261, 36, 444, 202]
05799999581314016079_126012_2719_260512074728_00_02_5600.mp4,[765, 309, 935, 478]
05799999581314016079_126246_1149_260512081306_00_02_2821.mp4,[711, 265, 928, 476]
05799999581314016095_185_249_260513072037_00_00_1044.mp4,[49, 110, 594, 560]
05799999581314016103_4601_849_260514072216_00_02_7862.mp4,[701, 69, 907, 240]
05799999581314016746_130237_1259_260513070329_00_02_1947.mp4,[131, 346, 309, 537]
05799999581314018188_2421_1079_260513145255_00_00_7861.mp4,[950, 246, 1279, 666]
05799999581314018188_2421_1339_260513145338_00_00_2048.mp4,[937, 247, 1161, 544]
05799999581314018199_4846_1439_260514075355_00_00_7729.mp4,[580, 283, 926, 476]
05799999581314019148_4780_59_260514161000_00_02_7090.mp4,[1557, 852, 1754, 1077]
05799999581314019850_345_399_260513082045_00_00_4760.mp4,[1244, 185, 1922, 574]
05799999581314019951_3763_3049_260514095403_00_00_8058.mp4,[679, 40, 812, 286]
05799999581314019954_4105_3379_260514091429_00_00_2827.mp4,[703, 259, 1145, 645]
05799999581314020003_3031_989_260514071234_00_00_1533.mp4,[678, 217, 910, 605]
05799999581314020863_127722_6399_260512140834_00_00_3585.mp4,[631, 10, 835, 337]
05799999581314021197_6009_6689_260514173858_00_02_5986.mp4,[633, 661, 861, 928]
05910001581314000855_3610_2789_260513191740_00_00_9903.mp4,[575, 146, 898, 431]
05910001581314000923_76650_439_260513184109_00_00_2529.mp4,[400, 10, 672, 281]
05910001581314001385_72009_359_260512065055_00_00_8900.mp4,[544, 37, 752, 225]
05910001581314001427_77584_819_260514074212_00_02_1612.mp4,[625, 55, 749, 205]
05914500581314000021_1197_119_260513133015_00_00_5049.mp4,[672, 102, 913, 338]
05915800581314000014_78995_179_260514171020_00_00_3864.mp4,[373, 107, 671, 289]
05916400581314000014_154376_2449_260514061638_00_00_4936.mp4,[876, 118, 1036, 279]
05918000581314000024_77593_539_260514071124_00_02_5817.mp4,[694, 385, 1167, 1020]
05919900581314000175_1897_329_260513152045_00_00_6926.mp4,[1017, 3, 1252, 563]
05919900581314000771_3628_129_260513191016_00_00_6878.mp4,[313, 1, 697, 315]
05919900581314001312_156254_1919_260514125514_00_00_6488.mp4,[132, 184, 383, 475]
05919900581314001312_9014_9_260514190000_00_00_1119.mp4,[381, 219, 562, 431]
05919900581314001449_522_239_260513103030_00_00_1387.mp4,[669, 96, 849, 408]
05919900581314001523_155712_389_260514101055_00_00_1536.mp4,[216, 0, 865, 718]
05919900581314001523_155712_419_260514101100_00_00_7981.mp4,[240, 1, 709, 357]
05919900581314001523_155712_459_260514101106_00_00_6298.mp4,[-1, 0, 872, 711]
05919900581314001523_5876_1439_260514100350_00_00_2162.mp4,[307, 4, 555, 401]
05919900581314001523_5876_3309_260514100901_00_00_8777.mp4,[276, 9, 921, 719]
05919900581314001523_5876_499_260514100113_00_00_8789.mp4,[492, 4, 1059, 388]
05919900581314002067_77899_1049_260514102234_00_02_1496.mp4,[715, 634, 1007, 888]
05919900581314003618_147392_1239_260512171306_00_00_2092.mp4,[592, 5, 885, 309]
05919900581314003618_72212_99_260512074001_00_00_7336.mp4,[627, 330, 1057, 717]
05919900581314003836_157214_979_260514151238_00_00_2829.mp4,[519, 226, 817, 407]
05919900581314004275_156394_2939_260514131749_00_02_4814.mp4,[0, 363, 210, 573]
05919900581314004290_157322_3019_260514153802_00_00_5403.mp4,[326, 1, 647, 368]
05919900581314005018_78299_2669_260514132719_00_00_7748.mp4,[426, 380, 644, 706]
05919900581314005253_1717_1099_260513145254_00_00_2018.mp4,[138, 231, 367, 640]
05919900581314005352_78946_59_260514171005_00_00_4195.mp4,[373, 48, 541, 271]
05919934581314000014_153469_19_260513191000_00_00_9244.mp4,[762, 101, 1498, 479]
05919958581314000002_147394_3219_260512173833_00_00_6002.mp4,[898, 329, 1225, 704]
05919961581314000012_152610_549_260513174110_00_00_5300.mp4,[285, 199, 597, 410]
05919961581314000012_79025_2169_260514173540_00_00_1763.mp4,[257, 329, 608, 499]
05919999581314000516_152532_2609_260513173653_00_02_9142.mp4,[905, 1, 1177, 248]
05919999581314001084_145374_2899_260512115740_00_00_6232.mp4,[1419, 247, 1760, 628]
05920001581314000566_158362_899_260514181220_00_02_4411.mp4,[370, 107, 498, 358]
05920001581314000665_144829_1789_260512085437_00_02_7157.mp4,[919, 274, 1107, 453]
05920001581314001207_157360_1949_260514153520_00_00_9422.mp4,[411, 214, 960, 488]
05920001581314001611_73437_3059_260512154825_00_00_1482.mp4,[273, 268, 653, 637]
05920001581314001620_74855_1369_260513074343_00_02_7299.mp4,[663, 0, 858, 169]
05920001581314001775_8566_1849_260514181448_00_02_1836.mp4,[626, 345, 966, 649]
05920001581314001811_8180_3399_260514172916_00_02_1506.mp4,[173, 213, 361, 424]
05920001581314001851_6930_5169_260514135322_00_00_4160.mp4,[-1, 214, 274, 453]
05920001581314003039_149450_3079_260513065828_00_02_6072.mp4,[764, 136, 1036, 478]
05920001581314003119_157078_3239_260514145854_00_00_3710.mp4,[287, 66, 521, 474]
05920001581314003394_4855_2339_260514070619_00_00_4710.mp4,[125, 0, 326, 198]
05920899581314000009_73259_1939_260512150502_00_02_1928.mp4,[1351, 561, 1586, 782]
05921151581314000002_146888_1929_260512152511_00_02_7925.mp4,[299, 205, 756, 654]
05925556581314000023_74741_2809_260513070738_00_02_5954.mp4,[132, 131, 530, 467]
05925802581314000030_158113_1519_260514174408_00_00_2899.mp4,[196, 692, 430, 896]
05928889581314000035_7843_2639_260514163700_00_00_9323.mp4,[596, 357, 901, 534]
05928889581314000035_7878_1329_260514164322_00_00_4946.mp4,[870, 358, 1168, 550]
05929900581314001199_151169_329_260513135035_00_00_8045.mp4,[436, 8, 559, 367]
05929900581314001474_156625_2739_260514134731_00_00_4757.mp4,[455, 296, 666, 505]
05929900581314001474_156625_3049_260514134822_00_00_8566.mp4,[464, 250, 691, 497]
05929900581314001603_1392_2309_260513135603_00_00_8700.mp4,[904, 139, 1100, 322]
05929999581314000012_154535_499_260514064045_00_02_7004.mp4,[378, 207, 571, 453]
05950001001310011471_147414_1219_260512173318_00_02_4495.mp4,[148, 327, 314, 470]
05950001001310011471_5495_2859_260514081751_00_02_5554.mp4,[150, 275, 323, 499]
05950001001310011472_75770_2739_260513145731_00_00_3894.mp4,[181, 1, 306, 214]
05950001001310012097_153416_2839_260513191748_00_00_7620.mp4,[56, 69, 285, 333]
05950001001310012449_73756_239_260512175030_00_00_7589.mp4,[83, 108, 590, 598]
05950701581314000057_156767_3189_260514135841_00_00_6533.mp4,[525, 24, 813, 265]
05950701581314000134_73170_2829_260512143746_00_02_8885.mp4,[128, 122, 343, 310]
05950701581314001129_76093_1229_260513163303_00_00_1541.mp4,[332, 337, 567, 634]
05950701581314001556_151405_3129_260513143320_00_00_7989.mp4,[1461, 4, 1638, 283]
05953242581314000022_145833_1269_260512130322_00_02_2439.mp4,[195, 136, 405, 440]
05953403581314000005_74894_519_260513074158_00_00_1015.mp4,[312, 23, 738, 524]
05954555581314000029_78483_1519_260514135408_00_00_5134.mp4,[188, 241, 365, 361]
05959192581314000007_145673_1299_260512130331_00_02_4398.mp4,[458, 262, 655, 593]
05959999581314000778_147948_439_260512181108_00_02_8794.mp4,[153, 38, 418, 262]
07310001001310001526_132244_2709_260514184710_00_00_1483.mp4,[909, 522, 1278, 712]
07310001001310004823_137224_2599_260513150652_00_00_3345.mp4,[818, 153, 1223, 404]
07310001001310004827_137420_1259_260513153309_00_02_8615.mp4,[268, 4, 566, 446]
07310001001310006333_129298_939_260514073232_00_00_6758.mp4,[863, 4, 1099, 393]
07310001001310006336_89730_2539_260514150658_00_00_5250.mp4,[527, 3, 1101, 364]
07310001001310007248_87604_2969_260513190809_00_02_3711.mp4,[567, 127, 683, 317]
07310001001310012076_142935_1589_260514175420_00_02_1534.mp4,[526, 345, 696, 633]
07310001001310016774_136817_2959_260513133803_00_00_1492.mp4,[217, 143, 601, 494]
07310001581314000798_129613_2259_260514083606_00_02_4912.mp4,[853, 248, 1124, 493]
07310800581314000012_129665_179_260514085020_00_00_9355.mp4,[515, 2, 933, 155]
07311500581314000020_87413_13899_260513182911_00_00_5616.mp4,[859, 46, 1010, 164]
07314772581314000005_106399_2899_260514154753_00_00_9104.mp4,[938, 62, 1186, 442]
07314772581314000030_100482_2579_260512195700_00_00_1986.mp4,[0, 0, 441, 340]
07318200581314000025_89560_3279_260514140901_00_00_1977.mp4,[207, 5, 557, 440]
07319900581314002741_122437_2699_260512153720_00_00_7477.mp4,[48, 158, 356, 400]
07319900581314003035_141302_3509_260514125934_00_00_5534.mp4,[579, 2, 899, 309]
07319900581314004184_107412_3099_260514191826_00_00_5833.mp4,[204, 63, 452, 295]
07319900581314004367_90020_1949_260514160515_00_02_3964.mp4,[981, 196, 1214, 518]
07319900581314004633_123303_2679_260512181705_00_00_3706.mp4,[557, 99, 823, 565]
07319900581314004670_100992_3309_260513072850_00_00_3612.mp4,[364, 431, 759, 640]
07319900581314004721_86790_2749_260513154717_00_00_7803.mp4,[142, 107, 309, 600]
07319900581314005417_129522_49_260514081001_00_00_1235.mp4,[769, 524, 1135, 913]
07319900581314005449_131559_819_260514163156_00_00_6660.mp4,[1393, 206, 1563, 536]
07319900581314005697_98690_1889_260512131505_00_00_7439.mp4,[202, 20, 484, 293]
07319900581314005896_88318_2019_260514073526_00_00_5729.mp4,[19, 334, 307, 714]
07319900581314006352_132582_159_260514192021_00_02_4237.mp4,[320, 86, 900, 714]
07319900581314010743_130675_3529_260512073937_00_00_3361.mp4,[409, 1, 768, 181]
07319900581314011041_104813_1319_260514072330_00_02_6216.mp4,[127, 358, 295, 536]
07319900581314011436_130779_3019_260514135359_00_00_6186.mp4,[1344, 3, 1667, 415]
07319900581314011542_86982_13229_260513162845_00_00_4104.mp4,[8, 0, 284, 258]
07520001001310005901_136475_1359_260514073337_00_00_9768.mp4,[369, 186, 624, 539]
07520001001310006073_85559_199_260513135023_00_00_4617.mp4,[335, 66, 622, 367]
07520001001310006190_101156_1169_260512165305_00_00_8214.mp4,[341, 357, 524, 581]
07520001001310006343_81356_2249_260512072605_00_00_2114.mp4,[995, 15, 1245, 526]
07520001001310006640_106724_2059_260514080533_00_00_2891.mp4,[934, 17, 1154, 228]
07520001001310006769_133734_1729_260513134438_00_00_2178.mp4,[491, 94, 921, 657]
07520001001310006769_133734_1829_260513134455_00_00_3067.mp4,[612, 45, 1132, 697]
07520001581314000349_84513_3139_260513073833_00_02_4495.mp4,[239, 0, 458, 215]
07520178581314000008_128901_719_260513075150_00_02_8281.mp4,[425, 80, 689, 373]
07521600581314000002_138352_419_260514134100_00_00_3496.mp4,[706, 249, 909, 441]
07522700581314000014_135160_819_260514152206_00_00_3136.mp4,[897, 24, 1151, 500]
07522800581314000006_82614_2209_260512134558_00_02_2027.mp4,[-1, 4, 295, 304]
07523302581314000140_128510_2819_260513072745_00_00_5788.mp4,[972, 355, 1278, 717]
07523322581314000118_88280_2679_260514123716_00_02_7178.mp4,[-1, 310, 332, 715]
07523323581314000070_129564_219_260512154032_00_00_8263.mp4,[489, 3, 676, 274]
07523323581314000070_88826_1329_260514154336_00_00_4353.mp4,[206, 387, 567, 714]
07523332581314000218_106438_1339_260514074339_00_00_2091.mp4,[988, 520, 1279, 714]
07523346581314000137_127484_1999_260512190530_00_02_3392.mp4,[455, 225, 757, 554]
07523352581314000137_129898_3169_260513122844_00_00_8459.mp4,[408, 560, 808, 952]
07523354581314000071_123923_249_260512072021_00_00_3505.mp4,[898, 25, 1168, 457]
07523357581314000071_85360_859_260513125213_00_00_3627.mp4,[36, 204, 337, 577]
07523359581314000079_106696_2499_260514080651_00_00_9122.mp4,[1049, 531, 1923, 1057]
07523359581314000079_106696_3179_260514080844_00_00_2826.mp4,[1010, 550, 1921, 1051]
07523363581314000080_133415_269_260514081040_00_02_4527.mp4,[241, 388, 652, 573]
07523363581314000082_134071_2049_260513153536_00_00_6510.mp4,[590, 61, 822, 197]
07523363581314000082_134071_2329_260513153623_00_00_2810.mp4,[641, 68, 958, 185]
07523363581314000083_130694_639_260513153142_00_02_4664.mp4,[513, 3, 658, 164]
07523371581314000114_132233_329_260513075050_00_00_6268.mp4,[1042, 252, 1211, 465]
07523372581314000072_126979_539_260512070109_00_00_2659.mp4,[982, -8, 1915, 1074]
07523372581314000076_104532_19_260513155000_00_00_2488.mp4,[1311, 16, 1920, 504]
07523372581314000076_134688_139_260514131002_00_00_7650.mp4,[1330, 2, 1902, 541]
07523399581314004700_134257_1929_260513161516_00_00_7784.mp4,[655, 1, 843, 184]
07523399581314005237_129424_1939_260512151519_00_00_4103.mp4,[696, 20, 1102, 360]
07523399581314005237_82819_299_260512152046_00_02_5406.mp4,[495, 126, 661, 299]
07523399581314008174_128912_1469_260513080401_00_02_6147.mp4,[411, 387, 700, 713]
07523399581314008246_136511_2319_260514073621_00_02_5876.mp4,[112, 6, 495, 429]
07523399581314009998_125684_2749_260512130717_00_00_4858.mp4,[842, 1, 1297, 367]
07523399581314010680_87240_749_260514072144_00_00_9155.mp4,[922, 2, 1323, 641]
07523399581314011449_127039_249_260512070021_00_00_4840.mp4,[1, 26, 1428, 1067]
07523399581314011449_127039_349_260512070038_00_00_4047.mp4,[1, 5, 1362, 667]
07523399581314011449_84187_2939_260513070748_00_00_9634.mp4,[507, 46, 1435, 520]
07523399581314011584_81769_489_260512082101_00_00_2917.mp4,[257, 158, 1243, 1040]
07523399581314013944_135109_549_260514151111_00_02_3066.mp4,[196, 2, 437, 241]
07523399581314013944_138647_3349_260514152857_00_00_7137.mp4,[757, 1, 945, 296]
07523399581314014132_135096_4339_260514151548_00_02_5474.mp4,[532, 643, 775, 966]
07527677581314000029_81136_2489_260512065645_00_00_8750.mp4,[618, 181, 836, 451]
07529900581314000301_134911_89_260514135000_00_00_5334.mp4,[1157, 133, 1530, 455]
07529900581314000342_138796_9_260514155000_00_00_5887.mp4,[1301, 3, 1659, 474]
07529900581314000581_87580_1289_260514075313_00_00_1320.mp4,[624, 390, 1019, 796]
07529900581314000748_134739_4819_260514132512_00_00_9966.mp4,[1008, 390, 1429, 796]
07529900581314001637_87868_219_260514090031_00_00_8068.mp4,[818, 195, 1239, 576]
07529900581314001700_134134_2189_260513155559_00_02_2849.mp4,[987, 308, 1305, 684]
07529900581314001820_133748_789_260514085206_00_02_7079.mp4,[71, 521, 653, 1076]
07529900581314002604_82420_2419_260512130637_00_00_3755.mp4,[1374, 30, 1678, 443]
07529900581314002701_86134_2069_260513173539_00_00_2291.mp4,[614, 5, 1570, 388]
07529900581314002839_130135_2959_260512173750_00_00_2231.mp4,[1527, 370, 1916, 704]
07529999581314001327_138601_1109_260514151255_00_00_5403.mp4,[284, 97, 528, 428]
07554001581314071916_259394_829_260513195208_00_00_5564.mp4,[863, 201, 1113, 324]
07554001581314074897_258093_1829_260513133500_00_00_7693.mp4,[922, 2, 1279, 392]
07554001581314076423_259666_1179_260514002306_00_00_2649.mp4,[642, 26, 917, 355]
07554001581314079922_251214_1789_260512062453_00_02_1011.mp4,[566, 218, 755, 421]
07554001581314080317_261810_3249_260514091856_00_00_6874.mp4,[328, 34, 491, 233]
07554001581314080892_259040_1219_260513182313_00_00_1032.mp4,[913, 436, 1126, 652]
07554001581314082144_270261_619_260513154134_00_00_6900.mp4,[859, 71, 1204, 553]
07554001581314083678_263595_2089_260514184538_00_00_7579.mp4,[0, 70, 321, 388]
07554001581314083714_57560_299_260513185040_00_00_1927.mp4,[481, 2, 771, 175]
07554001581314084030_262621_1419_260514132351_00_00_6267.mp4,[672, 197, 919, 398]
07554001581314084050_272154_2409_260514050636_00_02_6648.mp4,[377, 226, 720, 526]
07554001581314084101_275317_1009_260514190047_00_00_1720.mp4,[27, 355, 580, 723]
07554001581314085021_52472_3049_260512100818_00_00_9216.mp4,[320, 130, 673, 577]
07554001581314085453_261914_709_260514100154_00_00_3863.mp4,[334, 1, 715, 295]
07554001581314085542_274962_3269_260514175901_00_00_3750.mp4,[426, 128, 795, 519]
07554001581314085612_263644_3939_260514184233_00_00_2004.mp4,[1523, 253, 1861, 476]
07554001581314085671_261966_2269_260514095612_00_00_2362.mp4,[963, 421, 1213, 714]
07554001581314086438_272940_1659_260514071435_00_00_8954.mp4,[734, 238, 866, 490]
07554001581314087972_274525_1909_260514153513_00_00_5973.mp4,[456, 359, 962, 662]
07554001581314088709_273294_1239_260514080316_00_00_9697.mp4,[184, 404, 436, 708]
07554001581314088821_273617_3459_260514101926_00_00_6960.mp4,[350, 188, 561, 403]
07554001581314089656_262772_3129_260514141832_00_00_3573.mp4,[74, 375, 414, 716]
07554001581314091198_273853_2009_260514114205_00_02_1189.mp4,[616, 220, 859, 445]
07554001581314091300_273606_2979_260514100812_00_00_3238.mp4,[208, 1, 504, 206]
07554001581314091973_252448_2679_260512102721_00_00_9443.mp4,[428, 0, 840, 199]
07554001581314093587_273157_239_260514073030_00_00_1635.mp4,[1, 269, 577, 692]
07554001581314093980_136703_2879_260513163754_00_00_8257.mp4,[666, 83, 1223, 716]
07554001581314095277_273690_739_260514104159_00_00_3831.mp4,[399, 322, 631, 624]
07554001581314095277_273690_829_260514104215_00_00_1379.mp4,[409, 326, 609, 617]
07554001581314095581_265107_569_260512133114_00_00_1353.mp4,[1080, 192, 1368, 347]
07554001581314095948_261021_1729_260514064438_00_00_3448.mp4,[488, 1, 739, 195]
07554001581314096876_263209_1039_260512055249_00_00_4200.mp4,[591, 437, 830, 719]
07554001581314096896_273447_1329_260514091337_00_00_2287.mp4,[292, 194, 482, 505]
07554001581314096967_139173_319_260514133043_00_02_3896.mp4,[674, 264, 1183, 713]
07554001581314097120_131861_899_260512055226_00_00_6366.mp4,[103, -2, 407, 231]
07554001581314098882_258536_2439_260513161641_00_00_8692.mp4,[951, 273, 1125, 418]
07554001581314099155_265784_3869_260512170409_00_00_1122.mp4,[128, 353, 555, 708]
07554001581314099155_265784_3909_260512170412_00_00_9026.mp4,[89, 319, 525, 704]
07554001581314099155_265784_4969_260512170522_00_00_9383.mp4,[98, 356, 410, 626]
07554001581314100186_274377_2479_260514150649_00_00_4188.mp4,[927, 1, 1274, 407]
07554001581314100870_270447_539_260513164120_00_00_2722.mp4,[1023, 14, 1191, 311]
07554001581314100870_270489_569_260513165125_00_02_7503.mp4,[980, 32, 1223, 322]
07554001581314101323_275019_1529_260514182353_00_00_1272.mp4,[46, 436, 217, 716]
07554001581314101323_275019_3179_260514182826_00_00_4512.mp4,[425, 292, 644, 527]
07554001581314102123_270237_139_260513153002_00_00_8191.mp4,[207, 323, 547, 641]
07554001581314102166_60533_319_260514152032_00_00_2215.mp4,[831, 178, 1344, 686]
07554001581314102166_60533_479_260514152059_00_00_2727.mp4,[825, 175, 1312, 724]
07554001581314102166_60533_609_260514152120_00_00_4195.mp4,[417, 184, 1013, 834]
07554001581314102587_274719_6699_260514162020_00_02_4532.mp4,[454, 809, 705, 1053]
07554001581314102653_253232_2809_260512144743_00_00_2298.mp4,[452, 140, 625, 531]
07554001581314104108_258080_3469_260513133916_00_00_8225.mp4,[45, 6, 423, 446]
07554001581314108235_139295_709_260514150153_00_02_7019.mp4,[264, 115, 435, 231]
07554001581314108286_136524_1219_260513153043_00_00_1984.mp4,[52, 269, 391, 570]
07554001581314108286_274536_2939_260514153152_00_00_2874.mp4,[115, 394, 340, 713]
07554001581314108568_251927_219_260512074032_00_00_2461.mp4,[404, 570, 1042, 1063]
07554001581314108643_259062_829_260513184209_00_00_6652.mp4,[814, 41, 992, 273]
07554001581314109142_261579_2129_260514075545_00_00_9500.mp4,[122, 48, 263, 322]
07554001581314109352_264181_1219_260512080318_00_00_8052.mp4,[556, 266, 953, 572]
07554001581314110447_59844_329_260514101045_00_02_6367.mp4,[731, 156, 896, 317]
07554001581314113089_52252_979_260512075238_00_02_6681.mp4,[1354, 559, 1564, 765]
07554001581314114672_133729_1079_260512175239_00_00_4119.mp4,[1431, 363, 1574, 611]
07554001581314114672_258800_2539_260513174642_00_00_3726.mp4,[1211, 314, 1557, 648]
07554001581314114726_264065_1239_260512074304_00_00_3953.mp4,[738, 470, 1136, 745]
07554001581314115117_134028_749_260512191144_00_02_6205.mp4,[1207, 142, 1487, 409]
07554001581314115317_259309_139_260513192018_00_00_1982.mp4,[609, 69, 736, 233]
07554001581314115617_140050_3939_260514195518_00_00_3713.mp4,[1220, 393, 1554, 772]
07554001581314117251_265941_4489_260512165450_00_02_2584.mp4,[406, 377, 790, 791]
07554001581314117262_261283_3619_260514072350_00_00_3745.mp4,[871, 155, 1475, 560]
07554001581314118114_260840_2009_260514062525_00_00_2678.mp4,[118, 234, 519, 573]
07554001581314118114_260840_2369_260514062625_00_00_7993.mp4,[80, 230, 570, 574]
07554001581314118301_268789_869_260513074204_00_00_4549.mp4,[1238, 333, 1921, 782]
07554001581314118315_262310_1429_260514121359_00_02_4041.mp4,[1256, 457, 1432, 837]
07554001581314119920_261476_619_260514074123_00_00_5089.mp4,[1294, 560, 1621, 866]
07554001581314119920_273237_529_260514075108_00_00_3697.mp4,[1141, 732, 1486, 901]
07570001581314003254_4812_1369_260513132343_00_00_3133.mp4,[817, 209, 1158, 540]
07570001581314003312_4117_2459_260513071640_00_02_4633.mp4,[532, 0, 855, 292]
07570299581314000018_907_4819_260514073308_00_00_1302.mp4,[156, 165, 392, 383]
07576469581314000011_709_1909_260514132513_00_02_4099.mp4,[995, 653, 1209, 935]
07576469581314000014_6980_689_260512071149_00_00_3547.mp4,[1450, 443, 1730, 702]
07577899581314000004_11708_2059_260513072537_00_00_4550.mp4,[0, 736, 390, 1076]
07577999581314000032_6470_869_260513163220_00_00_6987.mp4,[335, 2, 766, 309]
07579293581314000034_5393_2439_260513155641_00_00_6401.mp4,[447, 93, 717, 342]
07579999581314004307_885_2339_260512103624_00_00_4698.mp4,[965, 146, 1140, 328]
07579999581314005858_4167_2429_260513072639_00_00_5627.mp4,[1459, 337, 1746, 642]
07579999581314006423_790_5329_260514134706_00_00_7652.mp4,[849, 452, 1092, 711]
07600001001310010968_71214_2309_260514174604_00_00_6954.mp4,[275, 27, 537, 170]
07600001001310015752_18086_1019_260514072229_00_00_8950.mp4,[0, 363, 394, 714]
07600001001310015752_18086_979_260514072222_00_00_8381.mp4,[-1, 336, 352, 689]
07600001001310017576_106117_659_260512083145_00_00_3456.mp4,[244, 40, 604, 470]
07600001001310018873_113168_1519_260514074408_00_00_8220.mp4,[149, 283, 585, 605]
07600001001310018873_113168_1829_260514074500_00_00_6073.mp4,[167, 217, 644, 603]
07600001001310018873_113168_2809_260514074743_00_00_3348.mp4,[128, 208, 486, 595]
07600001581314002835_16946_49_260513192004_00_02_5453.mp4,[911, 55, 1023, 230]
07600001581314004511_113205_2989_260514074813_00_02_4534.mp4,[529, 155, 731, 309]
07600001581314005535_112767_1269_260514070327_00_00_1486.mp4,[299, 30, 674, 453]
07600001581314005973_16224_2359_260513171628_00_00_3226.mp4,[78, 1, 336, 175]
07600001581314005973_16224_829_260513171213_00_00_8546.mp4,[102, 2, 390, 148]
07600017581314000129_19834_1199_260514132310_00_02_2818.mp4,[581, 361, 813, 649]
07600017581314000137_68098_1449_260513171351_00_00_6139.mp4,[200, 258, 802, 707]
07600799581314000133_100784_1259_260512070319_00_00_1885.mp4,[462, 25, 839, 379]
07601299581314000005_18695_299_260514083020_00_02_6171.mp4,[1059, 614, 1436, 1072]
07602356581314000016_18267_5109_260514074531_00_02_4400.mp4,[401, 172, 589, 404]
07602499581314000056_14040_1729_260513083438_00_00_2314.mp4,[110, 82, 441, 258]
07602729581314000054_111654_2389_260514140628_00_00_8047.mp4,[504, 11, 626, 140]
07602899581314000063_100892_2229_260512071601_00_00_1683.mp4,[70, 217, 264, 405]
07603538581314000138_14559_3259_260513103853_00_00_5156.mp4,[395, 146, 733, 372]
07603738581314000053_9341_1749_260512090441_00_00_5422.mp4,[46, 35, 417, 593]
07604299581314000095_102371_759_260512130157_00_00_3223.mp4,[-3, 133, 732, 560]
07604299581314000095_102371_839_260512130210_00_00_9623.mp4,[-1, 158, 677, 670]
07604299581314000095_102371_899_260512130220_00_00_9813.mp4,[0, 117, 484, 439]
07604299581314000095_102371_959_260512130230_00_00_3447.mp4,[-1, 62, 443, 405]
07606869581314000091_69558_1509_260514075351_00_00_9472.mp4,[1029, 280, 1249, 547]
07607577581314000023_63869_2539_260512115653_00_00_2880.mp4,[595, 362, 900, 562]
07608290581314000007_101373_1729_260512075443_00_00_6401.mp4,[975, 16, 1271, 205]
07608290581314000007_101373_1829_260512075500_00_00_8625.mp4,[929, 31, 1269, 276]
07608290581314000007_112926_1729_260514071443_00_00_8866.mp4,[399, 38, 686, 365]
07608290581314000012_114540_2039_260514133535_00_00_7720.mp4,[386, 268, 640, 628]
07608290581314000017_109524_2959_260514071808_00_00_2316.mp4,[729, 310, 989, 570]
07609099581314000017_66886_2779_260513101721_00_00_6005.mp4,[1549, 479, 1886, 968]
07609497581314000019_18156_1529_260514073354_00_00_8058.mp4,[1383, 361, 1698, 675]
07609929581314000030_68351_699_260513175146_00_00_8930.mp4,[305, 139, 676, 389]
07609937581314000021_109990_879_260514075206_00_02_7906.mp4,[842, 342, 1056, 711]
07609999581314003130_66446_2889_260513075741_00_00_1475.mp4,[484, 173, 684, 603]
07609999581314004233_113822_1609_260514093408_00_02_9431.mp4,[136, 603, 339, 855]
07609999581314004565_100896_1559_260512071359_00_00_2810.mp4,[109, 96, 273, 440]
07609999581314004565_105312_2439_260513072625_00_00_8084.mp4,[119, 229, 299, 553]
07609999581314007782_18340_1509_260514074352_00_00_1167.mp4,[294, 91, 439, 418]
07609999581314007783_113059_2119_260514072534_00_00_5879.mp4,[1019, 93, 1220, 305]
07609999581314010338_108243_289_260512190038_00_02_5645.mp4,[0, 243, 230, 533]
07609999581314011571_102273_1659_260512121416_00_00_1006.mp4,[611, 647, 825, 1044]
07609999581314014099_113323_1419_260514075127_00_00_7609.mp4,[620, 305, 975, 521]
07609999581314014285_69855_529_260514092107_00_00_2908.mp4,[886, 332, 1581, 699]
07609999581314015055_107729_2309_260512165615_00_00_7826.mp4,[116, 164, 581, 681]
07609999581314015973_63105_2419_260512072621_00_00_8254.mp4,[1137, 227, 1490, 583]
07609999581314016907_106300_1529_260512095404_00_02_7150.mp4,[332, 124, 749, 583]
07609999581314016919_15097_959_260513131056_00_00_2071.mp4,[924, 389, 1356, 872]
07609999581314017637_105595_3129_260513074831_00_00_4145.mp4,[811, 2, 1157, 392]
07609999581314018117_109640_1069_260514072239_00_02_1850.mp4,[116, 422, 396, 715]
07609999581314019531_100707_1999_260512070512_00_00_1541.mp4,[822, 31, 997, 415]
07609999581314019666_69531_2849_260514075733_00_02_6607.mp4,[778, 372, 1099, 578]
07609999581314019800_110341_1349_260514085326_00_02_6876.mp4,[513, 145, 689, 376]
07609999581314019800_114010_2129_260514095535_00_02_5105.mp4,[781, 450, 1018, 685]
07609999581314020068_11680_1419_260512175346_00_00_4695.mp4,[229, 3, 531, 174]
07609999581314020068_11680_1599_260512175416_00_00_8680.mp4,[275, 1, 540, 143]
07609999581314020645_69373_109_260514073013_00_02_1002.mp4,[769, 305, 920, 509]
07609999581314023097_18675_479_260514082059_00_00_5676.mp4,[906, 76, 1160, 212]
07609999581314023249_115443_839_260514172159_00_00_2561.mp4,[583, 396, 1090, 715]
07609999581314024594_115436_1669_260514172419_00_00_3318.mp4,[458, 356, 793, 672]
07609999581314024778_20037_1369_260514135343_00_00_9901.mp4,[642, 489, 964, 849]
07609999581314025091_115072_4939_260514152634_00_02_5462.mp4,[225, 50, 530, 754]
07690205581314000128_59433_269_260514073010_00_00_6111.mp4,[926, 476, 1246, 804]
07699308581314000036_273218_3159_260514074836_00_00_5988.mp4,[828, 199, 1279, 659]
07699328581314000032_270675_2999_260513180759_00_00_8151.mp4,[1103, 71, 1458, 344]
07699333581314000001_258461_1779_260513155435_00_00_6700.mp4,[636, 0, 980, 363]
07699334581314000009_252353_709_260512095137_00_02_3464.mp4,[425, 4, 981, 578]
07699361581314000026_262260_1589_260511175403_00_00_1596.mp4,[625, 2, 1054, 249]
07699375581314000022_273504_2579_260514092649_00_00_6525.mp4,[638, 292, 839, 459]
07699376581314000032_60478_119_260514150001_00_00_9162.mp4,[1538, 378, 1762, 647]
07699382581314000010_268861_1729_260513075427_00_02_8523.mp4,[974, 177, 1412, 620]
07699384581314000013_135636_279_260513080026_00_00_6839.mp4,[1189, 316, 1542, 541]
07699909581314000096_250096_1109_260511181300_00_02_2277.mp4,[262, 8, 479, 198]
07699909581314000109_254145_2509_260512181648_00_00_6158.mp4,[310, 240, 718, 649]
07699922581314000028_261319_389_260514072100_00_00_4617.mp4,[95, 26, 313, 379]
07699922581314000028_261319_859_260514072219_00_02_3462.mp4,[310, 222, 503, 478]
07699951581314000019_264045_949_260512074219_00_00_1251.mp4,[126, 72, 319, 267]
07699956581314000062_263894_2499_260512072646_00_00_6102.mp4,[592, 1, 830, 354]
07699994581314000082_60616_539_260514155109_00_00_2364.mp4,[180, 73, 640, 555]
07699999581314000023_251202_749_260512062200_00_00_3794.mp4,[435, 53, 930, 440]
07699999581314000614_57420_1669_260513182433_00_00_7233.mp4,[737, 83, 924, 501]
07699999581314000875_250700_2589_260512035701_00_00_9138.mp4,[182, 392, 1275, 711]
07699999581314000875_250700_2709_260512035721_00_00_2944.mp4,[376, 457, 1304, 715]
07699999581314000875_250700_699_260512035146_00_00_4636.mp4,[118, 321, 1276, 712]
07699999581314001348_263953_519_260512073121_00_00_4216.mp4,[441, 276, 678, 477]
07699999581314001375_261535_2309_260514075614_00_00_4285.mp4,[507, 30, 666, 269]
07699999581314002174_137895_709_260514052153_00_00_5367.mp4,[155, 38, 421, 187]
07699999581314003329_275084_2279_260514183614_00_02_3176.mp4,[167, 391, 394, 567]
07699999581314003347_257346_3489_260513094936_00_00_8553.mp4,[631, 400, 882, 523]
07699999581314003841_50924_809_260511184154_00_02_1474.mp4,[158, 402, 506, 717]
07699999581314004060_258457_3439_260513155912_00_00_1485.mp4,[805, 281, 1000, 676]
07699999581314004152_253451_1119_260512152256_00_00_5775.mp4,[323, 56, 594, 335]
07699999581314004363_256729_309_260513071031_00_00_9641.mp4,[926, 276, 1249, 408]
07699999581314005218_272943_349_260514071038_00_00_9135.mp4,[95, 392, 349, 591]
07699999581314005554_263386_2279_260514180559_00_00_7498.mp4,[793, 201, 1018, 620]
07710001001310009512_125702_1969_260514080523_00_02_4625.mp4,[0, 2, 365, 300]
07710001001310009512_125702_2069_260514080539_00_02_4830.mp4,[-1, 1, 396, 367]
07710001001310009512_125702_2689_260514080722_00_00_4906.mp4,[180, 2, 597, 417]
07710001001310022723_127938_3169_260514164827_00_02_9553.mp4,[1086, 312, 1563, 929]
07710001001310022951_97319_79_260512091000_00_00_4324.mp4,[535, 251, 787, 746]
07715759581314000033_120830_219_260514191027_00_00_4912.mp4,[601, 114, 960, 531]
07719911581314000011_658_24468489_260521030323_00_00_1043.mp4,[1391, 273, 1569, 403]
07719999581314001506_104217_49_260514080000_00_00_6817.mp4,[866, 99, 993, 221]
07719999581314032702_110615_469_260512153057_00_02_5001.mp4,[504, 279, 811, 613]
07719999581314033692_81138_1059_260512072236_00_00_3843.mp4,[1493, 174, 1639, 399]
07719999581314034714_124742_2529_260513194640_00_02_8786.mp4,[1280, 225, 1824, 701]
07719999581314039696_119105_3299_260514135904_00_02_5014.mp4,[316, 248, 787, 572]
07719999581314040106_102017_1659_260513145427_00_00_5514.mp4,[715, -1, 1279, 697]
07719999581314040769_120540_1379_260514184340_00_02_5251.mp4,[342, 28, 680, 417]
07719999581314042084_101112_3039_260513110804_00_02_1497.mp4,[720, 568, 991, 912]
07719999581314042993_123285_3309_260513152850_00_00_7539.mp4,[783, 554, 1256, 860]
07719999581314043464_110418_2799_260512145724_00_02_4227.mp4,[964, 336, 1351, 824]
07719999581314044430_97799_2349_260512122609_00_00_1733.mp4,[910, 167, 1231, 679]
07910001001310010417_3768_1159_260512123308_00_00_4623.mp4,[489, 71, 692, 326]
07910001001310014022_3212_2209_260512091603_00_02_2346.mp4,[765, 228, 1034, 509]
07910001001310016166_5148_1449_260513081341_00_00_7030.mp4,[746, 466, 1180, 886]
07910001001310016192_1622_1649_260511111430_00_00_2424.mp4,[394, 452, 714, 928]
07910001001310017055_6553_2529_260514073652_00_00_8871.mp4,[1026, 179, 1225, 447]
07910001581314000346_32881_959_260512075230_00_00_6260.mp4,[595, 138, 763, 342]
07910001581314008886_6706_2819_260514075728_00_00_2113.mp4,[705, 485, 1106, 811]
07910001581314009932_32826_3429_260512075434_00_00_8431.mp4,[966, 438, 1310, 753]
07910001581314010378_6495_579_260514073132_00_02_1358.mp4,[782, 306, 972, 470]
07917600581314000083_7325_1649_260514104429_00_00_6322.mp4,[138, 12, 363, 447]
07919900581314008447_5080_2179_260513080558_00_00_8775.mp4,[376, 147, 574, 412]
07919900581314009224_4148_3419_260512135909_00_02_9637.mp4,[1457, 1, 1740, 277]
07919900581314012224_36478_1949_260514072514_00_02_3235.mp4,[410, 398, 679, 610]
07919900581314016946_6591_2709_260514074727_00_00_3008.mp4,[270, 107, 509, 317]
07919991581314000015_35286_739_260513085143_00_00_8344.mp4,[399, 315, 613, 705]
08510002001310005740_4368_1789_260514092453_00_00_8565.mp4,[672, 346, 974, 588]
08510002001310010097_7003_1099_260514190258_00_00_1655.mp4,[630, 14, 802, 188]
08510002001310012221_81160_2709_260512073727_00_02_6754.mp4,[595, 298, 832, 514]
08510002001310013165_80455_2839_260511200748_00_02_1565.mp4,[466, 537, 623, 715]
08510002001310013234_84076_3449_260513073930_00_02_9888.mp4,[636, 324, 790, 493]
08510002001310014744_7128_339_260514190047_00_02_1998.mp4,[420, 2, 622, 355]
08510002001310015327_3611_3339_260514070906_00_02_8758.mp4,[857, 1, 1069, 241]
08510002001310015870_29163_1639_260512183423_00_00_9789.mp4,[631, 187, 1163, 372]
08510615581314000020_26395_3419_260512073908_00_00_6138.mp4,[602, 47, 1495, 910]
08515399581314000052_7496_2939_260514201759_00_02_2776.mp4,[209, 497, 498, 716]
08515699581314000031_30837_1349_260513082324_00_02_1615.mp4,[758, 85, 990, 361]
08519699581314000005_85590_2139_260513170546_00_00_2780.mp4,[1031, 121, 1205, 289]
08519999581314005466_26520_549_260512074126_00_00_3938.mp4,[171, 2, 531, 334]
08519999581314010048_36971_809_260514172205_00_00_8693.mp4,[342, 142, 630, 390]
08519999581314017238_32000_3379_260513140902_00_00_3835.mp4,[392, 83, 654, 201]
08519999581314019866_125730_1579_260512081413_00_02_7002.mp4,[173, 16, 606, 456]
08519999581314019866_125730_359_260512081050_00_00_8288.mp4,[265, 0, 645, 432]
08519999581314021231_492_3099_260512075815_00_00_6437.mp4,[651, 505, 1007, 1057]
08519999581314023881_81121_2059_260512072538_00_00_6129.mp4,[105, 2, 379, 254]
08519999581314024003_81316_2209_260512081547_00_00_2032.mp4,[111, 453, 966, 1065]
08710002581314003173_746_479_260513182115_00_00_6461.mp4,[116, 142, 359, 268]
08710002581314005597_3224_929_260513080225_00_00_7143.mp4,[4, 305, 370, 679]
08710002581314006036_5850_579_260514074127_00_00_5448.mp4,[442, 1, 589, 263]
08710002581314008348_3359_1269_260513082327_00_00_7733.mp4,[619, 0, 968, 270]
08710002581314008348_3359_1749_260513082447_00_00_1892.mp4,[634, 1, 935, 248]
08710002581314008348_3359_2969_260513082810_00_00_6702.mp4,[656, 0, 969, 342]
08710002581314008348_3517_9_260513080000_00_00_6588.mp4,[567, 3, 967, 354]
08710002581314009155_3273_149_260514153020_00_02_6865.mp4,[287, 137, 437, 342]
08710002581314009226_7827_1739_260512113440_00_02_2978.mp4,[136, 373, 393, 617]
08710002581314009373_2767_909_260514073227_00_02_2299.mp4,[773, 416, 983, 674]
08710708581314000020_4283_2289_260514203611_00_00_1347.mp4,[605, 37, 760, 316]
08710999581314000050_228_1469_260514144355_00_02_1413.mp4,[153, 118, 318, 309]
08714399581314000042_488_1169_260512150254_00_02_5724.mp4,[390, 413, 554, 632]
08718889581314000003_4622_1539_260513183406_00_02_4946.mp4,[907, 268, 1078, 550]
08719900581314001152_7994_2189_260512114600_00_02_6091.mp4,[201, 321, 468, 598]
08719900581314001274_507_839_260512150215_00_00_5356.mp4,[822, 2, 978, 214]
08719999581314008248_2848_2329_260514073618_00_00_9027.mp4,[574, 214, 1055, 673]
08719999581314018549_44394_1349_260512045334_00_00_8385.mp4,[324, 208, 497, 345]
08719999581314018549_44394_3009_260512045811_00_00_5495.mp4,[278, 178, 499, 363]
08719999581314018864_2729_1219_260514131302_00_00_8002.mp4,[-1, 177, 464, 593]
08719999581314019859_4265_1879_260513125451_00_00_3924.mp4,[972, 441, 1573, 786]
08719999581314020519_90_2079_260513145525_00_02_4902.mp4,[1148, 163, 1262, 428]
08719999581314022010_4411_2339_260513133608_00_02_9703.mp4,[1247, 184, 1452, 354]
088VA0235_05_100319_260519235338_00_00_3760.mp4,[121, 313, 317, 488]
088VA0248_30_97659_260519234636_00_00_1780.mp4,[1048, 139, 1200, 482]
088VA0280_01_1424529_260518221258_00_02_7493.mp4,[296, 57, 711, 543]
08980001001310003760_2238_1659_260513074416_00_02_8100.mp4,[187, 154, 621, 548]
08980001001310004924_139125_2069_260514145535_00_00_4169.mp4,[834, 391, 1002, 657]
08980001001310005709_127860_2989_260512070807_00_02_1767.mp4,[76, 323, 244, 524]
08980001001310005723_2530_2989_260513085757_00_00_5860.mp4,[917, 48, 1179, 318]
08980001001310005724_1024_3519_260512133926_00_00_6177.mp4,[570, 634, 876, 1075]
08980001001310005730_104899_2799_260514180725_00_00_2504.mp4,[1366, 4, 1734, 286]
08980001001310005748_1203_989_260514123235_00_00_8497.mp4,[510, 358, 805, 530]
08981011581314000020_128162_3489_260512073931_00_00_4648.mp4,[797, 289, 1209, 652]
08981434581314000012_889_3479_260513154929_00_00_9745.mp4,[649, 41, 1026, 217]
08981899581314000009_130234_2709_260512164711_00_00_9483.mp4,[515, 60, 778, 366]
08982224581314000030_2178_3279_260513073856_00_00_1766.mp4,[34, 368, 288, 613]
08982499581314000055_134079_99_260513131000_00_00_7939.mp4,[1395, 326, 1589, 698]
08982899581314000085_96253_1309_260512082317_00_00_1490.mp4,[741, 46, 1146, 318]
08983133581314000022_1773_2589_260513190701_00_00_2209.mp4,[946, 150, 1167, 628]
08985399581314000034_682_2429_260513151624_00_00_5770.mp4,[194, 323, 1129, 1076]
08985899581314000001_138235_389_260514112044_00_00_3704.mp4,[994, 281, 1280, 553]
08986488581314000033_100988_3119_260513153819_00_02_2897.mp4,[359, 2, 777, 480]
08987071581314000018_99871_469_260513083108_00_00_1596.mp4,[480, 217, 859, 597]
08988182581314000008_134761_1969_260513154518_00_00_3539.mp4,[693, 162, 878, 388]
08988499581314000003_427_199_260513140012_00_00_4677.mp4,[1634, 157, 1755, 339]
08988999581314000005_1688_3369_260512110900_00_00_3551.mp4,[219, 196, 638, 673]
08988999581314000006_1095_3469_260513161916_00_00_4665.mp4,[1429, 148, 1695, 370]
08989999581314000656_95063_1709_260511132435_00_02_7891.mp4,[939, 294, 1193, 505]
08989999581314001636_303_669_260514075131_00_00_5986.mp4,[1143, 191, 1451, 332]
08989999581314002436_1117_1939_260512073503_00_00_1740.mp4,[-1, 483, 572, 999]
08989999581314002889_2976_759_260512162146_00_02_5816.mp4,[1465, 492, 1592, 817]
08989999581314003431_2825_1709_260512155424_00_00_4320.mp4,[683, 29, 970, 332]
08989999581314003905_140133_1869_260514184450_00_02_4343.mp4,[880, 296, 1369, 745]
08989999581314003979_2159_3079_260514164812_00_00_3255.mp4,[1239, 209, 1418, 408]
08989999581314004541_1543_2499_260514141656_00_00_4241.mp4,[563, 295, 992, 485]
08989999581314004542_196_3229_260514074857_00_00_9036.mp4,[547, 358, 1116, 864]
08989999581314004545_101496_1239_260513173324_00_02_7943.mp4,[756, 87, 920, 267]
08989999581314004557_101898_909_260513192210_00_00_1466.mp4,[602, 4, 846, 287]
08989999581314004557_140432_2749_260514192717_00_00_4382.mp4,[641, 111, 842, 322]
08989999581314004735_135440_2939_260513181748_00_00_7795.mp4,[933, 0, 1211, 258]
08989999581314004837_2747_3429_260512153910_00_00_3157.mp4,[743, 203, 1164, 470]
08989999581314004837_2810_39_260512154000_00_00_8613.mp4,[770, 213, 1170, 438]
08989999581314004860_98472_1929_260512204500_00_00_4558.mp4,[1317, 249, 1570, 519]
08989999581314005176_140347_2439_260514191637_00_00_7181.mp4,[0, 2, 265, 249]
08989999581314005481_96301_1459_260512083342_00_00_5770.mp4,[1023, 445, 1187, 726]
09310002001310010456_13206_3039_260514165821_00_02_2162.mp4,[948, 181, 1096, 390]
09310002001310012393_467_2239_260512073608_00_00_2091.mp4,[171, 80, 416, 457]
09315499581314000038_2964_79_260512155006_00_02_3386.mp4,[174, 223, 350, 537]
09316078581314000004_8940_1199_260513185315_00_02_5250.mp4,[1070, 646, 1268, 865]
09316100581314000008_13773_969_260514184236_00_00_6072.mp4,[-1, 430, 402, 716]
09316899581314000049_153_2139_260512092911_00_00_2744.mp4,[1540, 424, 1680, 694]
09316901581314000030_5690_3499_260513080933_00_00_5323.mp4,[218, 163, 410, 377]
09317699581314000002_12863_1729_260514152445_00_02_6161.mp4,[1446, 711, 1815, 1018]
09319799581314000006_40_2139_260514075726_00_02_5213.mp4,[3, 427, 652, 1047]
09319999581314011853_3362_3509_260514203939_00_02_7706.mp4,[307, 146, 1101, 954]
09319999581314014228_886_1199_260514130318_00_00_2276.mp4,[840, 364, 1496, 960]
09319999581314014487_13933_2479_260514190652_00_00_1979.mp4,[166, 463, 357, 822]
09319999581314014859_1721_1499_260514153730_00_00_6047.mp4,[624, 25, 1240, 777]
09319999581314020177_307_2739_260512124730_00_02_4648.mp4,[249, 446, 491, 605]
09319999581314026612_5591_1039_260513074339_00_02_3512.mp4,[875, 239, 1124, 546]
09319999581314027188_1048_549_260513135126_00_02_4970.mp4,[116, 443, 324, 684]
09910002001310013378_10552_2499_260512150636_00_02_8343.mp4,[1509, 779, 1859, 1074]
09910002581314001029_9751_629_260514084124_00_02_4526.mp4,[192, 507, 476, 917]
09910931581314000052_60973_949_260513144233_00_02_7757.mp4,[401, 268, 724, 632]
09915859581314000016_63329_10439_260514085653_00_02_7728.mp4,[437, 450, 672, 751]
09915960581314000005_227_12479_260512144815_00_00_5647.mp4,[881, 56, 1102, 650]
09919999581314000040_20663_13059_260514203837_00_02_4549.mp4,[498, 480, 621, 704]
09919999581314000088_5242_13049_260514203838_00_02_5051.mp4,[1011, 442, 1132, 644]
09919999581314004665_15788_9469_260513185614_00_02_4755.mp4,[1416, 378, 1622, 559]
09919999581314013735_13068_3039_260513082821_00_00_8012.mp4,[1334, 263, 1473, 748]
09919999581314013808_9876_4539_260512120256_00_00_2733.mp4,[293, 104, 623, 466]
09919999581314015299_16037_589_260513193135_00_00_4770.mp4,[437, 467, 802, 920]
25710103581314007312_3310_3279_260514171845_00_02_9174.mp4,[1376, 660, 1585, 965]
25710104581314015453_1278_1779_260520171106_00_02_7710.mp4,[1201, 438, 1409, 689]
25710104581314015453_1298_6049_260520172357_00_02_3172.mp4,[1228, 471, 1395, 693]
25710104581314015453_1298_8219_260520172524_00_02_3256.mp4,[1223, 335, 1389, 627]
25710104581314015453_959_3079_260518172158_00_02_3204.mp4,[1378, 212, 1608, 409]
25710104581314015472_1178_8179_260520172522_00_02_7172.mp4,[484, 135, 627, 332]
25710104581314015472_320_8809_260519171547_00_00_5521.mp4,[513, 237, 903, 520]
25710104581314015472_68_3249_260520170205_00_00_2748.mp4,[498, 225, 831, 515]
25710104581314015481_2114_269_260520170005_00_00_9278.mp4,[1493, 0, 1920, 382]
25710104581314015481_2161_2759_260520172146_00_00_6579.mp4,[1512, 1, 1918, 418]
25710104581314015481_245_2809_260520171148_00_00_1867.mp4,[1519, 1, 1920, 479]
25710104581314015481_245_709_260520171024_00_00_5413.mp4,[1523, 0, 1862, 491]
25710104581314015481_245_8129_260520171521_00_00_6217.mp4,[1534, 1, 1920, 434]
25710104581314015481_52_12319_260518171808_00_00_6688.mp4,[1520, -1, 1920, 363]
25710104581314030667_891_3279_260518171845_00_00_6408.mp4,[941, 160, 1293, 721]
25710104581314031445_2247_969_260520170236_00_00_6556.mp4,[1398, 179, 1627, 382]
25710104581314031527_69_759_260520170202_00_00_4585.mp4,[953, 612, 1364, 1066]
25710104581314031527_69_99_260520170012_00_00_2761.mp4,[925, 630, 1329, 1076]
25710104581314031531_431_1239_260520172322_00_02_8095.mp4,[432, 266, 570, 462]
25710104581314031557_1386_1149_260520170307_00_02_4499.mp4,[1487, 634, 1730, 903]
25710114581314000985_105_1369_260518071327_00_02_1784.mp4,[818, 409, 1104, 756]
25710114581314019593_288_1239_260518070322_00_00_1465.mp4,[561, 486, 803, 772]
310VA02159_231_679759_260518235225_00_02_7376.mp4,[151, 575, 496, 893]
310VA0229_213_1780569_260520055252_00_02_4260.mp4,[426, 599, 591, 751]
310VA02373_198_1382029_260520082448_00_02_5817.mp4,[1277, 307, 1485, 557]
310VA02450_168_411259_260518232733_00_02_1977.mp4,[652, 306, 974, 600]
310VA02529_225_1462599_260519004755_00_02_4621.mp4,[481, 179, 677, 396]
310VA02531_227_2030979_260520030753_00_02_4079.mp4,[459, 789, 654, 996]
310VA02555_25_2621769_260518221822_00_00_6774.mp4,[400, 766, 899, 1030]
310VA02571_80_14269859_260520053256_00_00_7017.mp4,[911, 340, 1113, 587]
310VA02742_145_3275449_260520042853_00_02_6292.mp4,[804, 678, 996, 899]
310VA02800_157_13922319_260519145953_00_00_3610.mp4,[1169, 381, 1382, 525]
310VA02806_163_14035619_260519194248_00_02_5035.mp4,[355, 497, 551, 636]
310VA02808_164_13590169_260518230524_00_02_3626.mp4,[435, 253, 599, 682]
310VA02810_166_14248829_260520053505_00_00_6258.mp4,[844, 277, 1076, 492]
310VA02831_102_3668919_260520224802_00_02_9281.mp4,[473, 858, 658, 1077]
310VA02852_109_11227499_260518202651_00_02_5789.mp4,[437, 242, 603, 467]
311W0137_64_1131859_260520140039_00_00_4711.mp4,[1269, 40, 1464, 365]
311W0138_65_34629_260518110922_00_00_1691.mp4,[1415, 229, 1741, 526]
311W01415_38_1550459_260521092230_00_02_8754.mp4,[312, 513, 739, 1022]
311W01431_39_275409_260518214846_00_02_2220.mp4,[228, 49, 451, 345]
311W0148_74_1129999_260520135540_00_00_6989.mp4,[1482, 545, 1739, 825]
311W03104_118_41569_260519235359_00_02_7635.mp4,[435, 83, 644, 336]
311W03110_120_141559_260520043718_00_00_6068.mp4,[590, 48, 790, 356]
311W03115_98_1201519_260520171451_00_02_9030.mp4,[947, 631, 1199, 829]
311W03115_98_808809_260519230346_00_02_3888.mp4,[967, 530, 1280, 816]
311W03128_128_565599_260522044327_00_02_9040.mp4,[290, 86, 470, 220]
311W03136_122_36659_260519045306_00_02_2633.mp4,[408, 807, 747, 1072]
311W03136_122_759989_260520142220_00_00_3026.mp4,[801, 186, 1037, 519]
311W03139_135_138249_260520042915_00_02_6588.mp4,[222, 527, 712, 1072]
311W03186_61_518149_260520020617_00_00_7398.mp4,[750, 67, 1103, 435]
311W03186_61_585539_260520051329_00_02_3340.mp4,[1108, 485, 1772, 1038]
311W03341_113_226619_260519133536_00_00_7973.mp4,[429, 582, 686, 869]
311W03341_113_426389_260519225031_00_00_8838.mp4,[435, 621, 698, 1059]
311W03343_114_2989_260519031426_00_00_8887.mp4,[1099, 538, 1295, 886]
311W03419_01_669_260518093230_00_02_1391.mp4,[643, 1, 953, 291]
311W03420_21_26419_260518104558_00_00_9023.mp4,[715, 49, 948, 392]
311W03425_02_361839_260519131137_00_02_2851.mp4,[514, 321, 823, 752]
311W03431_53_117459_260518145759_00_02_4256.mp4,[631, 348, 897, 685]
311W03431_53_119489_260518150337_00_02_9078.mp4,[193, 322, 508, 716]
311W03431_53_1323259_260521094558_00_02_6910.mp4,[257, 349, 443, 553]
311W03431_53_407299_260519150354_00_00_5121.mp4,[321, 178, 751, 624]
311W03431_53_410179_260519151154_00_00_2032.mp4,[314, 1, 801, 427]
311W03431_53_820849_260520101851_00_00_8634.mp4,[417, 301, 932, 715]
311W03434_29_721799_260520050854_00_02_3157.mp4,[462, 435, 1034, 1085]
311W0362_12_420879_260519050100_00_00_3839.mp4,[410, 562, 659, 811]
311WA0134_210_1335619_260518210824_00_02_6736.mp4,[693, 110, 814, 375]
311WA01372_202_1631469_260519021505_00_00_9688.mp4,[918, 500, 1920, 1071]
311WA0154_209_1364169_260519003503_00_02_2958.mp4,[222, 383, 481, 692]
311WB0106_201_3246339_260518212631_00_02_9593.mp4,[270, 268, 563, 604]
311WB0108_203_2059719_260518141251_00_02_8453.mp4,[488, 219, 648, 463]
311WB0113_208_3333299_260519012802_00_02_5719.mp4,[-1, 387, 623, 953]
311WB01140_257_3299059_260518175121_00_02_7865.mp4,[1073, 626, 1395, 898]
311WB02295_220_3836169_260519174248_00_00_6622.mp4,[798, 94, 1184, 292]
311WB03169_280_2398659_260519183545_00_02_3926.mp4,[0, 613, 381, 957]
311WB03170_281_2368509_260519171205_00_00_5565.mp4,[333, 101, 1228, 924]
311WB03170_281_3672289_260522053135_00_00_7383.mp4,[477, 183, 1215, 594]
311WB03229_276_2588159_260520032115_00_00_7757.mp4,[596, 144, 719, 328]
311WB03229_276_3845629_260522133212_00_02_2784.mp4,[-1, 291, 637, 955]
311WB03659_286_3113009_260521033829_00_00_6878.mp4,[296, 371, 674, 714]
311WB03695_307_1597039_260519030746_00_00_4613.mp4,[1044, 448, 1224, 782]
312W01512_112_143779_260519135506_00_00_1436.mp4,[455, 325, 870, 761]
312W01515_549_576259_260522052040_00_02_9482.mp4,[304, 294, 548, 607]
312W01572_357_5569739_260518230430_00_00_8067.mp4,[120, 482, 687, 1000]
312W01718_286_5105839_260518114631_00_02_5508.mp4,[837, 278, 1281, 811]
312W01721_520_930089_260521003002_00_00_8478.mp4,[807, 634, 1171, 1020]
312W01743_239_260839_260520104938_00_02_5412.mp4,[867, 408, 1010, 679]
313VA02118_46_5251589_260521140302_00_00_6505.mp4,[644, 312, 1067, 875]
313VA02300_62_109069_260520053607_00_00_4768.mp4,[1068, 444, 1589, 923]
313VA02300_62_109419_260520053706_00_00_9704.mp4,[1097, 430, 1568, 893]
313VA02300_62_263419_260520124437_00_02_8424.mp4,[1253, 389, 1539, 668]
313VA02300_62_404489_260520191615_00_00_3543.mp4,[1343, 402, 1566, 811]
313VA02300_62_404659_260520191644_00_00_1165.mp4,[1071, 447, 1294, 758]
313VA02304_26_12326009_260520210719_00_02_6331.mp4,[197, 114, 1304, 1050]
313VA02427_15_5885539_260518133024_00_00_5936.mp4,[0, 129, 460, 386]
313VA02427_15_7808309_260522062820_00_02_9630.mp4,[808, 489, 1184, 818]
314VA02111_06_4251899_260520072133_00_00_5411.mp4,[367, 187, 503, 302]
314VA02121_02_4447739_260520160303_00_02_4558.mp4,[657, 334, 809, 454]
314VA02145_52_3610699_260519092942_00_00_4185.mp4,[831, 0, 1268, 512]
314VA02150_25_4396249_260520134518_00_02_8413.mp4,[217, 770, 378, 906]
314VA02151_26_4305329_260520094256_00_00_5569.mp4,[1581, 277, 1757, 438]
314VA02153_23_4436939_260520153338_00_02_5526.mp4,[782, 300, 899, 440]
314VA02159_31_4513469_260520185744_00_02_5509.mp4,[1085, 444, 1321, 725]
314VA02202_62_3839049_260519200347_00_00_6809.mp4,[369, 1, 638, 484]
314VA02210_68_3540839_260519062002_00_02_4094.mp4,[916, 482, 1262, 762]
314VA02235_58_3676099_260519054540_00_00_1467.mp4,[901, 327, 1217, 589]
314VA02235_58_3681649_260519060028_00_00_5057.mp4,[946, 328, 1148, 575]
314VA02235_58_3685859_260519061141_00_00_4660.mp4,[944, 337, 1216, 566]
314VA02239_17_4210259_260520052847_00_00_5441.mp4,[1221, 606, 1746, 1023]
314VA02263_19_4055309_260520060142_00_00_5347.mp4,[729, 66, 967, 432]
314VA0228_04_3480409_260519032559_00_02_5682.mp4,[718, 3, 924, 295]
315W03235_85_71019_260519011746_00_00_2423.mp4,[309, 579, 742, 941]
315W0384_118_638099_260520133617_00_02_5524.mp4,[144, 621, 514, 1073]
316W021241_43_97769_260518210322_00_02_9019.mp4,[657, 219, 988, 642]
316WH02194_27_14407479_260520095246_00_00_5812.mp4,[845, 555, 1238, 903]
316WH02247_14_14729289_260522032837_00_00_3306.mp4,[1194, 28, 1378, 441]
316WH02248_21_14729419_260522032841_00_00_1574.mp4,[715, 49, 883, 393]
318VA0407_91_637949_260522105437_00_02_5727.mp4,[1126, 114, 1434, 390]
318VA04166_17_2171939_260518194046_00_02_5216.mp4,[196, 241, 556, 582]
318VA04178_20_314989_260520183021_00_00_3967.mp4,[548, 433, 1172, 1018]
318VA04289_48_21299_260520045320_00_00_8995.mp4,[1278, 409, 1921, 1048]
318VA04327_40_169_260521052412_00_00_7442.mp4,[259, 306, 530, 527]
318VA04337_51_28479_260520055602_00_02_6020.mp4,[669, 126, 1043, 522]
318VA04339_52_12419_260520044433_00_02_9130.mp4,[1185, 58, 1322, 530]
318VA04358_71_13659_260519212755_00_00_3228.mp4,[1351, 602, 1921, 1054]
318VA04360_56_9009_260520043459_00_02_9678.mp4,[727, 11, 1042, 356]
318VA04394_14_2631199_260519170005_00_02_7466.mp4,[1080, 53, 1429, 460]
318VA0461_24_120499_260519224831_00_00_5600.mp4,[727, 213, 946, 556]
319VA03173_344_714359_260519230327_00_02_3189.mp4,[1537, 227, 1849, 557]
335VA01124_110_1156689_260522052658_00_02_6758.mp4,[454, 100, 730, 452]
335VA01124_14_20639_260518131036_00_02_5447.mp4,[645, 136, 808, 460]
335VA0119_09_907589_260521091127_00_00_8383.mp4,[1356, 306, 1545, 555]
335VA0120_43_16499_260520150951_00_02_9824.mp4,[599, 592, 940, 947]
335VA0120_43_68399_260521020057_00_02_9644.mp4,[624, 668, 1063, 1080]
335VA0120_43_72799_260520031659_00_02_6691.mp4,[356, 630, 590, 1063]
335VA0120_97_41579_260519034848_00_02_2481.mp4,[305, 512, 460, 819]
335VA02119_01_9639_260518120107_00_00_3688.mp4,[862, 673, 1034, 960]
335VA02127_30_265179_260520093231_00_02_4486.mp4,[700, 145, 1078, 670]
335VA02131_30_1239_260518144646_00_02_7335.mp4,[587, 539, 767, 736]
335VA02165_07_5729_260518165004_00_00_8026.mp4,[823, 645, 1692, 1074]
335VA02171_107_642649_260521053744_00_02_2799.mp4,[1234, 649, 1621, 1072]
335VA02192_93_164149_260520045429_00_00_1963.mp4,[376, 335, 588, 648]
335VA02194_55_60649_260519094852_00_00_1961.mp4,[315, 106, 615, 440]
335VA0219_62_166469_260520045900_00_00_3278.mp4,[849, 211, 1087, 410]
335VA0223_64_278519_260520101154_00_00_8108.mp4,[1368, 581, 1729, 842]
335VA0231_67_166189_260520045814_00_00_5805.mp4,[556, 269, 812, 525]
351WA01100_199_358449_260520074855_00_02_1376.mp4,[686, 539, 901, 805]
351WA01100_199_358539_260520074910_00_02_1069.mp4,[572, 366, 926, 761]
351WA01101_184_120909_260520204205_00_00_6086.mp4,[380, 600, 604, 719]
351WA01102_02_58609_260518202210_00_02_5344.mp4,[1321, 445, 1466, 649]
351WA011036_77_328609_260520140452_00_00_7476.mp4,[342, 278, 1028, 714]
351WA011039_80_254389_260520085523_00_00_3551.mp4,[280, 398, 989, 715]
351WA01103_202_362809_260520080104_00_00_6782.mp4,[1366, 363, 1549, 596]
351WA011060_86_114579_260519231440_00_00_8068.mp4,[601, 25, 921, 154]
351WA011064_151_662709_260522131020_00_00_2463.mp4,[267, 108, 602, 289]
351WA011064_151_662909_260522131110_00_00_9197.mp4,[257, 58, 633, 308]
351WA011066_92_92249_260519214141_00_00_9446.mp4,[638, 64, 919, 187]
351WA011073_159_652179_260522122640_00_00_4876.mp4,[22, 466, 234, 679]
351WA011077_123_269479_260520095950_00_02_1156.mp4,[583, 344, 718, 492]
351WA011162_145_747159_260522190356_00_00_7451.mp4,[373, 62, 560, 259]
351WA011246_574_384519_260524172326_00_00_9141.mp4,[468, 164, 687, 375]
351WA011325_23_1876789_260519021950_00_00_1786.mp4,[873, 252, 1082, 389]
351WA01134_130_495339_260520141059_00_00_7824.mp4,[241, 449, 458, 636]
351WA011432_166_763219_260522200200_00_00_6115.mp4,[749, 282, 1082, 468]
351WA01261_111_667819_260522132740_00_00_8549.mp4,[391, 98, 577, 213]
351WA0127_26_348549_260519092942_00_00_4185.mp4,[705, 313, 927, 483]
351WA01299_06_236269_260519103008_00_00_3067.mp4,[651, 158, 973, 400]
351WA01325_17_169329_260519055154_00_00_3882.mp4,[530, 194, 784, 393]
351WA01334_221_522239_260522032057_00_02_6009.mp4,[460, 209, 720, 443]
351WA0134_202_1639_260520150957_00_02_3998.mp4,[801, 351, 935, 485]
351WA0134_33_334079_260519084749_00_02_2343.mp4,[783, 544, 1043, 859]
351WA01366_227_566019_260522062534_00_00_1281.mp4,[353, 86, 603, 367]
351WA0136_35_67559_260518202904_00_02_7668.mp4,[847, 532, 1103, 765]
351WA0141_209_118599_260520203338_00_00_4628.mp4,[765, 455, 1124, 670]
351WA01427_243_35889_260520173608_00_02_5565.mp4,[460, 224, 593, 382]
351WA01435_247_33699_260520172702_00_00_3684.mp4,[490, 177, 671, 377]
351WA01439_29_207449_260519084243_00_00_2328.mp4,[541, 8, 790, 162]
351WA01469_126_134259_260520003306_00_00_3847.mp4,[170, 65, 419, 342]
351WA01497_292_75299_260520202348_00_00_4683.mp4,[418, 328, 552, 551]
351WA0149_217_972289_260522120637_00_00_7437.mp4,[894, 399, 1161, 643]
351WA0152_160_332549_260520063625_00_02_9359.mp4,[884, 287, 1097, 522]
351WA0152_220_6199_260520152303_00_02_3730.mp4,[723, 272, 1092, 583]
351WA01535_146_142009_260520010543_00_00_8846.mp4,[408, 218, 626, 352]
351WA01535_146_206429_260520053411_00_00_5598.mp4,[836, 291, 1094, 406]
351WA01536_262_441439_260520215703_00_00_7136.mp4,[364, 442, 746, 628]
351WA01537_147_130159_260520001637_00_00_3391.mp4,[692, 232, 1162, 409]
351WA01600_70_4439_260519152423_00_00_8061.mp4,[854, 389, 1074, 782]
351WA01607_141_39359_260520165305_00_02_5078.mp4,[554, 354, 850, 728]
351WA01610_73_267669_260519133017_00_00_2076.mp4,[435, 333, 927, 697]
351WA01619_75_193339_260519082024_00_00_2649.mp4,[378, 228, 539, 376]
351WA0164_232_1064809_260522162344_00_00_7389.mp4,[915, 223, 1085, 413]
351WA0171_239_895949_260522083753_00_00_7369.mp4,[1580, 344, 1796, 533]
351WA01737_40_132729_260520001609_00_00_9724.mp4,[877, 46, 1204, 236]
351WA01985_51_43589_260520005423_00_02_3199.mp4,[75, 330, 216, 509]
351WA01993_99_23459_260519121257_00_00_4579.mp4,[410, 244, 672, 369]
351WA0199_124_459849_260520123103_00_02_9033.mp4,[744, 461, 900, 752]
351WF01238_300_3212809_260522113131_00_02_1326.mp4,[765, 345, 890, 570]
352VA01425_228_6635889_260522203521_00_02_2161.mp4,[295, 547, 440, 732]
352VA01426_229_2319289_260518195146_00_02_6108.mp4,[1499, 690, 1691, 863]
352VA01470_156_5683659_260521001015_00_00_3621.mp4,[628, 532, 983, 841]
352VA01473_159_6553709_260522162604_00_00_9394.mp4,[1544, 270, 1736, 472]
352VA01677_279_4065139_260518233820_00_02_5208.mp4,[878, 179, 1179, 478]
352VA01683_286_6423009_260523124748_00_02_2591.mp4,[712, 324, 1003, 657]
353VA0227_18_156069_260521105931_00_00_4036.mp4,[736, 74, 985, 495]
353VA0243_08_196219_260520125028_00_00_5049.mp4,[789, 364, 961, 526]
353VA0261_07_126929_260520093757_00_02_4204.mp4,[1130, 571, 1337, 775]
356VA01108_04_1647699_260521052903_00_02_9895.mp4,[933, 16, 1174, 384]
356VA01134_00_542159_260523052208_00_00_6062.mp4,[1172, 50, 1326, 267]
357VA01106_71_887269_260522193217_00_00_4545.mp4,[187, 475, 489, 847]
357VA0167_45_394699_260520055519_00_00_3816.mp4,[1519, 582, 1920, 922]
357VA0178_06_2251149_260522111827_00_00_7123.mp4,[228, 278, 678, 896]
357VA0178_06_2278439_260522123415_00_00_4177.mp4,[1266, 133, 1751, 799]
358VA0119_25_10398709_260519201508_00_00_6677.mp4,[934, 2, 1149, 243]
358VA0119_25_10858399_260520173204_00_00_4081.mp4,[1190, 364, 1521, 646]
359W02150_280_128519_260520055018_00_02_6461.mp4,[307, 740, 651, 1078]
359W02150_280_130389_260520055517_00_02_9762.mp4,[306, 721, 661, 1078]
359W02150_280_274519_260520121944_00_02_3092.mp4,[292, 684, 584, 1059]
359W02150_280_658329_260521052336_00_02_8346.mp4,[291, 693, 474, 977]
359W02150_42_40189_260519121129_00_02_9498.mp4,[268, 684, 602, 1068]
359W02173_294_279559_260520130614_00_02_2281.mp4,[679, 57, 1210, 606]
359W02297_253_300439_260522051424_00_00_3504.mp4,[707, 373, 917, 633]
359W02300_128_593499_260521033803_00_00_8731.mp4,[1022, 347, 1219, 515]
359W02342_137_816049_260521122453_00_00_4726.mp4,[879, 247, 1249, 579]
359W02391_126_905479_260518223320_00_02_7340.mp4,[1111, 335, 1311, 638]
359W02391_201_549819_260521013514_00_02_5513.mp4,[733, 502, 951, 716]
359W02677_196_757049_260521094904_00_02_7000.mp4,[1359, 370, 1583, 570]
359W02677_43_459529_260522122326_00_00_6917.mp4,[1271, 349, 1500, 655]
370W01197_954_11035959_260521130858_00_02_8118.mp4,[1142, 165, 1352, 573]
370W01197_954_11074539_260521145155_00_02_4319.mp4,[983, 218, 1336, 593]
370W01197_954_11074709_260521145219_00_02_6345.mp4,[922, 278, 1410, 964]
370W01197_954_11075149_260521145329_00_00_9371.mp4,[488, 123, 1376, 610]
370W01197_954_11075669_260521145452_00_00_9066.mp4,[399, 129, 933, 764]
370W01197_954_11075719_260521145501_00_00_1044.mp4,[704, 112, 1245, 786]
370W01197_954_11075769_260521145508_00_00_2272.mp4,[689, 104, 1009, 630]
370W01197_954_11075799_260521145513_00_02_2059.mp4,[778, 553, 1023, 1015]
370W01197_954_11112379_260521163246_00_02_1375.mp4,[519, 0, 937, 335]
370W01197_954_11527389_260522105915_00_00_9949.mp4,[1274, 334, 1661, 1044]
370W01198_950_11096899_260521155146_00_00_6818.mp4,[1273, 152, 1497, 545]
370W01232_974_2834749_260521091631_00_00_6647.mp4,[793, 436, 1138, 644]
370W01232_974_2839339_260521092845_00_00_3264.mp4,[386, 548, 779, 959]
370W01232_974_2960439_260521145142_00_00_6205.mp4,[689, 486, 1011, 1007]
370W01232_974_2960489_260521145150_00_00_6534.mp4,[716, 513, 902, 951]
370W01232_974_2960559_260521145204_00_00_8951.mp4,[713, 512, 974, 901]
370W01232_974_2960899_260521145255_00_02_5124.mp4,[972, 338, 1176, 570]
370W01232_974_2961159_260521145337_00_00_8404.mp4,[528, 539, 970, 778]
370W01232_974_2961219_260521145347_00_00_3193.mp4,[836, 524, 1078, 996]
370W01232_974_2961329_260521145404_00_00_4901.mp4,[620, 541, 1014, 972]
370W01232_974_2961469_260521145427_00_00_9701.mp4,[1264, 483, 1826, 900]
370W01232_974_2961889_260521145534_00_00_4392.mp4,[1342, 509, 1650, 925]
370W01232_974_2998999_260521163432_00_02_7346.mp4,[1253, 474, 1546, 952]
370W01232_974_2999939_260521163702_00_02_2662.mp4,[948, 330, 1122, 558]
370W01256_835_15255129_260523044219_00_00_8641.mp4,[845, 658, 1210, 1058]
370W01269_957_10676859_260520211217_00_02_6824.mp4,[1404, 520, 1549, 849]
370W01269_957_11074719_260521145316_00_02_3368.mp4,[687, 593, 853, 835]
370W01269_957_11074749_260521145321_00_02_8219.mp4,[533, 401, 748, 603]
370W01269_957_11074779_260521145326_00_00_9227.mp4,[609, 530, 993, 872]
370W01269_957_11074939_260521145351_00_00_7901.mp4,[645, 547, 1045, 768]
370W01269_957_11075049_260521145409_00_00_6271.mp4,[950, 527, 1253, 1002]
370W01269_957_11075479_260521145518_00_00_9166.mp4,[1107, 500, 1337, 890]
370W01269_957_11075519_260521145524_00_00_3302.mp4,[986, 514, 1398, 934]
370W01269_957_11075619_260521145540_00_00_4335.mp4,[1192, 500, 1393, 805]
370W01269_957_11113029_260521163526_00_02_3854.mp4,[1304, 571, 1541, 873]
370W01269_957_11113089_260521163536_00_02_1835.mp4,[1307, 570, 1447, 865]
371R03326_36_1617579_260523013824_00_00_1850.mp4,[156, 77, 282, 234]
371WB011013_20_2734129_260520013346_00_00_2815.mp4,[349, 171, 751, 748]
371WB011014_21_2724339_260520010354_00_00_2327.mp4,[542, 206, 1114, 620]
371WB011101_204_4203349_260522032101_00_02_5910.mp4,[607, 552, 870, 782]
371WB011102_212_1257759_260518114148_00_02_1550.mp4,[476, 594, 709, 904]
371WB011102_212_2106159_260520025704_00_00_8139.mp4,[456, 284, 703, 510]
371WB011156_241_725229_260518104952_00_02_6346.mp4,[135, 29, 294, 200]
371WB011360_297_402669_260520112551_00_02_9140.mp4,[1011, 2, 1279, 269]
371WB011374_292_290199_260520054224_00_00_1577.mp4,[573, 266, 887, 552]
371WB011741_235_2124369_260518123053_00_02_3416.mp4,[597, 226, 863, 414]
371WB011836_293_833319_260521055021_00_00_7070.mp4,[865, 1, 1222, 716]
371WB011842_299_1181029_260521232947_00_00_6797.mp4,[166, 71, 337, 363]
371WB011852_225_1996639_260519085406_00_00_6672.mp4,[1, 631, 384, 991]
371WB011894_287_1285229_260519125807_00_02_4836.mp4,[125, 149, 471, 515]
371WB01891_365_58579_260523042753_00_00_2464.mp4,[877, 292, 1162, 733]
371WD01478_258_4432829_260519231555_00_02_5728.mp4,[1549, 501, 1719, 670]
372VA01104_153_565689_260520063508_00_00_8580.mp4,[381, 165, 682, 484]
372VA01110_119_23189_260519062734_00_00_6452.mp4,[1000, 145, 1293, 551]
372VA01122_154_3279_260519053456_00_02_1442.mp4,[767, 259, 917, 461]
372VA01124_120_559019_260520061644_00_02_7978.mp4,[838, 108, 1269, 458]
372VA0191_115_183099_260519135501_00_00_9039.mp4,[387, 250, 777, 628]
372VA02109_27_251809_260519034731_00_00_9759.mp4,[671, 137, 867, 407]
372VA02163_173_182569_260519133331_00_00_7978.mp4,[1110, 158, 1356, 498]
372VA02185_43_75239_260519084718_00_00_8409.mp4,[90, 783, 351, 999]
372VA02224_72_31409_260518174256_00_00_1276.mp4,[43, 239, 504, 438]
372VA02224_72_31469_260518174306_00_00_9980.mp4,[42, 245, 435, 481]
372VA02224_72_32059_260518174444_00_00_6498.mp4,[32, 229, 413, 453]
372VA02224_72_32269_260518174519_00_00_1438.mp4,[35, 243, 353, 452]
372VA02224_72_43229_260518181546_00_00_7480.mp4,[1062, 383, 1307, 768]
372VA02224_72_44209_260518181829_00_00_8785.mp4,[450, 450, 1195, 990]
372VA02224_72_44409_260518181903_00_00_2910.mp4,[234, 419, 853, 998]
372VA02224_72_44589_260518181933_00_00_5055.mp4,[280, 397, 880, 701]
372VA02225_73_43129_260518181530_00_00_5233.mp4,[457, 564, 944, 927]
372VA0233_03_72339_260518191839_00_00_5451.mp4,[176, 614, 487, 847]
372VA0237_07_54589_260518183105_00_00_5302.mp4,[592, 319, 836, 479]
372VA0237_07_56009_260518183453_00_00_3735.mp4,[455, 333, 722, 488]
372VA0241_168_533269_260520050857_00_00_7249.mp4,[1420, 403, 1594, 670]
372VA0241_91_10489_260520135136_00_00_5725.mp4,[1236, 716, 1525, 1075]
372VA0250_20_118029_260520183713_00_02_2855.mp4,[189, 391, 329, 611]
372VA0275_65_1161149_260520214025_00_02_3012.mp4,[887, 339, 1120, 622]
372VA0293_23_75639_260518193823_00_02_3290.mp4,[889, 141, 1049, 321]
373W01246_64_6039149_260518200730_00_00_6656.mp4,[638, 474, 941, 861]
373W0183_18_7503619_260522025544_00_02_3292.mp4,[1518, 495, 1730, 975]
373W0183_18_7514099_260522032451_00_00_8419.mp4,[1411, 427, 1921, 1074]
375VA02112_04_14213019_260521040050_00_02_6849.mp4,[233, 104, 369, 287]
375VA02131_21_1449909_260521213606_00_02_2906.mp4,[394, 61, 535, 191]
375VA02131_21_1456409_260521215327_00_00_1415.mp4,[850, 11, 980, 367]
375VA02164_31_886129_260520203301_00_00_2875.mp4,[308, 1, 527, 179]
375VA0217_09_249369_260519164310_00_00_9941.mp4,[342, 250, 477, 497]
375VA02203_72_213659_260519144018_00_02_6070.mp4,[827, 1, 1040, 198]
375VA02228_558_702129_260518142954_00_00_2497.mp4,[433, 90, 635, 283]
375VA02349_33_56419_260519202438_00_02_9723.mp4,[727, 255, 892, 465]
379W02163_48_90119_260518224018_00_02_7058.mp4,[1080, 764, 1340, 1054]
379W02259_89_714329_260520134137_00_02_1666.mp4,[797, 295, 1337, 753]
379W02345_87_178739_260519023711_00_00_2928.mp4,[1190, 532, 1736, 919]
391VA02167_10_101739_260522082328_00_02_6616.mp4,[56, 613, 424, 1065]
393VA02152_01_2926069_260520182455_00_02_6069.mp4,[551, 8, 783, 350]
393VA0225_98_1038129_260521050941_00_00_7707.mp4,[4, 406, 292, 714]
393VA0225_98_1050069_260521054241_00_02_2368.mp4,[452, 426, 635, 672]
394VA02109_21_56749_260521060007_00_02_4370.mp4,[487, 142, 800, 582]
394VA0272_47_95829_260521091647_00_00_7852.mp4,[831, 85, 1019, 271]
394VA0280_61_308129_260518191338_00_00_5426.mp4,[465, 171, 672, 300]
395W0213_74_12036299_260520165106_00_02_5075.mp4,[253, 104, 508, 298]
395W02145_212_3760539_260518095837_00_02_8245.mp4,[1066, 247, 1255, 462]
395W02195_220_425489_260518234148_00_02_2570.mp4,[179, 354, 481, 747]
395W02342_196_5020279_260518194729_00_00_5396.mp4,[257, 399, 473, 553]
396VA02148_08_1455849_260520222627_00_02_2548.mp4,[680, 741, 846, 1033]
396VA02171_52_861009_260519212002_00_02_6343.mp4,[421, 528, 605, 734]
396VA02231_58_176739_260518133921_00_00_4967.mp4,[349, 102, 662, 445]
396VA02256_26_17859_260522043836_00_00_8779.mp4,[584, 228, 915, 669]
411W05127_79_217929_260520111054_00_00_1852.mp4,[146, 297, 444, 545]
411W05146_91_125119_260520215554_00_00_9358.mp4,[796, 540, 1208, 917]
411W05194_278_59389_260521083202_00_00_1289.mp4,[90, 508, 422, 652]
411W05209_280_109689_260521105313_00_00_4425.mp4,[624, 441, 979, 565]
411W05222_63_102129_260521155016_00_00_6947.mp4,[1346, 10, 1463, 216]
411W05278_140_273089_260521045500_00_02_1135.mp4,[1283, 690, 1483, 958]
411W05281_38_265339_260520132150_00_00_9364.mp4,[1372, 540, 1921, 1028]
411W05286_147_218789_260521022421_00_00_2785.mp4,[724, 493, 1185, 693]
411W05286_147_287439_260521053455_00_00_8559.mp4,[152, 266, 370, 539]
411W05301_51_9889_260520012925_00_02_9189.mp4,[561, 148, 676, 435]
411W05313_61_268349_260520133030_00_00_6489.mp4,[1338, 625, 1830, 907]
411W05358_86_58059_260521140000_00_00_9350.mp4,[102, 68, 407, 406]
411W05358_86_612389_260522153948_00_00_6123.mp4,[109, 208, 983, 566]
411W05374_76_90109_260520201709_00_00_4146.mp4,[1283, 805, 1822, 1075]
411W05387_30_281639_260521052951_00_00_1738.mp4,[917, 406, 1107, 777]
411W05403_29_99689_260520054314_00_00_2872.mp4,[1433, 360, 1741, 648]
411W05404_30_24839_260520021022_00_00_2840.mp4,[1039, 208, 1302, 377]
411W05410_228_83629_260521094010_00_00_7836.mp4,[1, 560, 471, 975]
411W05453_278_90349_260520051246_00_00_3200.mp4,[801, 52, 1028, 226]
411W05458_06_152849_260521182031_00_00_5128.mp4,[740, 368, 1023, 625]
411W05465_02_91809_260520050716_00_00_9589.mp4,[1081, 5, 1658, 679]
411W05468_03_286619_260520142027_00_00_9284.mp4,[702, 715, 1849, 1073]
411W05479_07_157049_260520081927_00_00_5480.mp4,[1169, 224, 1812, 634]
411W05526_27_283289_260521054055_00_00_2579.mp4,[162, 441, 707, 889]
411W05543_92_66369_260521015659_00_00_9637.mp4,[742, 364, 1140, 552]
411W05549_245_500859_260519032025_00_00_1220.mp4,[463, 509, 820, 721]
411W05549_98_84449_260521043435_00_00_1741.mp4,[1142, 490, 1549, 667]
411W05550_87_609_260521112243_00_00_9992.mp4,[1128, 334, 1505, 552]
411W05572_187_65759_260521020948_00_00_6167.mp4,[999, 142, 1342, 312]
411W05574_80_268279_260520132958_00_00_5591.mp4,[583, 73, 1132, 435]
411W05596_13_173819_260521002852_00_00_2965.mp4,[140, 167, 508, 420]
411W05596_99_38299_260520025053_00_00_8129.mp4,[399, 178, 940, 763]
411W05599_02_126789_260520065643_00_02_2673.mp4,[959, 271, 1147, 538]
411W05599_02_71029_260520042150_00_00_6110.mp4,[325, 2, 971, 456]
411W05604_05_90979_260520051732_00_00_5761.mp4,[635, 128, 885, 564]
411W05652_312_153769_260520234148_00_02_6422.mp4,[354, 258, 839, 735]
411W05652_312_215559_260521023333_00_02_7775.mp4,[369, 418, 720, 752]
411W0566_56_170959_260520205139_00_02_7326.mp4,[943, 253, 1076, 422]
411W05727_107_201189_260521020022_00_00_1050.mp4,[671, 37, 957, 535]
411W05727_107_201439_260521020104_00_02_2505.mp4,[689, 12, 1019, 340]
411W05741_174_61229_260520192604_00_02_7848.mp4,[676, 99, 1050, 445]
411W05751_197_62689_260520193633_00_02_8907.mp4,[395, 571, 955, 1072]
411W05752_176_42649_260521074852_00_02_2158.mp4,[481, 392, 738, 771]
411W05753_199_205749_260521021343_00_02_1294.mp4,[290, 52, 505, 247]
411W05756_202_65259_260520194346_00_02_1195.mp4,[926, 264, 1500, 677]
412VB0209_33_468639_260519023857_00_02_9954.mp4,[639, 151, 792, 327]
414VA02118_12_14314699_260520081739_00_00_6563.mp4,[1519, 189, 1642, 323]
414VA0239_07_13089849_260519015655_00_02_9238.mp4,[864, 339, 1097, 525]
414VA0239_07_13092359_260519020355_00_02_7899.mp4,[821, 294, 1025, 514]
414VA0240_05_13683919_260520044007_00_02_4171.mp4,[919, 84, 1199, 392]
414VA0290_01_13843919_260519113526_00_00_2544.mp4,[611, 63, 945, 611]
414VA0298_02_13629089_260519012748_00_00_1414.mp4,[63, 129, 511, 655]
416W03157_50_276199_260522154606_00_00_3194.mp4,[326, 10, 598, 227]
416W03245_62_466419_260520010642_00_00_5151.mp4,[676, 256, 1075, 693]
416W0330_99_399879_260519211616_00_00_2689.mp4,[1014, 598, 1291, 827]
416W06115_22_223889_260521132617_00_00_3987.mp4,[1190, 549, 1538, 975]
416W0657_30_342629_260519192426_00_02_3414.mp4,[46, 760, 354, 1064]
416W0669_17_241749_260520144206_00_00_9969.mp4,[495, 331, 716, 589]
417VA02147_296_215569_260519141232_00_00_5848.mp4,[1, 262, 467, 497]
417VA02149_298_204969_260519134418_00_00_5907.mp4,[709, 45, 1418, 397]
417VA0289_236_4192179_260518225436_00_00_7547.mp4,[192, 181, 427, 308]
418VA0231_18_352999_260520191456_00_00_8659.mp4,[857, 8, 1500, 604]
419VA0239_11_193079_260519123848_00_00_6944.mp4,[740, 764, 1221, 1050]
419VA0242_12_320919_260520183325_00_02_3230.mp4,[625, 138, 787, 378]
421VA0277_08_1869719_260518150221_00_02_5427.mp4,[1001, 69, 1180, 203]
421VA0277_08_2954599_260520151534_00_00_2466.mp4,[758, 113, 1153, 324]
421VA0277_08_3051569_260520193410_00_02_4304.mp4,[1372, 689, 1762, 1074]
427VA0194_22_1767419_260520124045_00_00_5062.mp4,[381, 230, 576, 436]
427VA0204_34_814519_260518163443_00_00_3603.mp4,[576, 133, 775, 311]
431W011171_10_88019_260520090226_00_02_7103.mp4,[684, 643, 1027, 951]
431W011350_52_205199_260518142636_00_00_3224.mp4,[879, 143, 1008, 370]
431W011360_58_388719_260518225536_00_02_4355.mp4,[1552, 762, 1738, 986]
431W011362_60_368359_260518215836_00_00_1238.mp4,[1508, 622, 1733, 884]
431W011558_16_142979_260520085322_00_02_4202.mp4,[574, 293, 822, 499]
431W011558_36_718009_260519005643_00_02_7599.mp4,[627, 273, 885, 490]
431W01629_43_227709_260522153321_00_00_7084.mp4,[886, 415, 1201, 659]
431W01718_13_21099_260519055651_00_00_3645.mp4,[1424, 387, 1624, 715]
431W01719_14_191949_260519181529_00_00_5477.mp4,[32, 826, 375, 1074]
431W01837_147_317059_260522043447_00_00_2496.mp4,[1529, 572, 1918, 951]
431W01844_36_239439_260522160647_00_00_7986.mp4,[325, 615, 1134, 1072]
431W01854_162_15219_260521143633_00_02_2000.mp4,[1184, 782, 1463, 1077]
431WA01284_381_6996959_260521004912_00_00_5229.mp4,[1119, 474, 1280, 773]
431WA01291_387_7349999_260521171009_00_02_3273.mp4,[1560, 870, 1770, 1075]
431WA01346_273_12578479_260520190157_00_00_2705.mp4,[723, 532, 1160, 971]
431WA01600_353_7488349_260520202409_00_02_7571.mp4,[1614, 493, 1782, 628]
431WA0162_423_318049_260522004327_00_00_7762.mp4,[1209, 759, 1653, 976]
432VA0103_35_233269_260522141157_00_02_2831.mp4,[730, 117, 904, 257]
432VA01103_14_162279_260522110240_00_02_9456.mp4,[861, 211, 1126, 414]
432VA01223_41_153419_260521131222_00_00_9099.mp4,[592, 278, 775, 610]
433VA02109_102_10569_260518082856_00_00_4164.mp4,[279, 742, 420, 1019]
433VA02134_01_3617879_260518193729_00_00_8450.mp4,[1136, 314, 1451, 462]
436VA0146_18_1394919_260519200716_00_02_3023.mp4,[1509, 344, 1903, 836]
451WD01108_160_13069679_260521155345_00_00_4769.mp4,[1016, 205, 1256, 661]
451WD0117_345_723039_260520024325_00_00_8976.mp4,[1085, 280, 1337, 525]
451WD01243_32_730449_260518172031_00_02_3655.mp4,[339, 548, 460, 711]
451WD01308_381_236759_260520163201_00_02_1909.mp4,[1188, 24, 1383, 283]
451WD01322_185_2434569_260521223946_00_00_3398.mp4,[721, 498, 1096, 843]
451WD01322_185_629199_260518142825_00_02_6853.mp4,[956, 492, 1116, 708]
451WD01422_329_1584119_260518102634_00_02_3518.mp4,[805, 92, 978, 235]
451WD01434_08_8658249_260520165209_00_02_8492.mp4,[213, 610, 453, 863]
451WD01436_59_2817789_260520171150_00_02_3172.mp4,[776, 460, 998, 863]
451WD01436_59_2888929_260520202126_00_02_5671.mp4,[359, 384, 967, 1075]
451WD01443_65_2720579_260520125731_00_02_5024.mp4,[858, 469, 1035, 715]
451WD01449_70_2833079_260520175306_00_02_9928.mp4,[956, 453, 1253, 828]
451WD04114_197_1252199_260521021528_00_00_6187.mp4,[749, 448, 939, 647]
451WD04114_197_678539_260520004542_00_02_5586.mp4,[767, 435, 965, 684]
451WH01164_294_1050909_260519023652_00_02_2935.mp4,[369, 129, 718, 583]
451WH01361_257_11427149_260520072441_00_02_2944.mp4,[493, 85, 726, 378]
451WH01361_257_11559879_260520131838_00_02_9940.mp4,[439, 145, 786, 501]
452VA01138_29_124639_260520091712_00_00_4414.mp4,[996, 137, 1223, 314]
452VA0191_05_369209_260519204422_00_00_2884.mp4,[1041, 448, 1422, 862]
453VA0214_06_689459_260522122938_00_00_9812.mp4,[540, 559, 846, 819]
453VA0219_05_1202159_260518121357_00_02_5412.mp4,[531, 658, 919, 1051]
453VA02260_14_2008009_260520013334_00_00_3979.mp4,[823, 472, 1008, 743]
453VA0229_12_2324629_260520161121_00_02_7241.mp4,[551, 702, 754, 887]
453VA0284_56_376599_260518223539_00_00_4113.mp4,[1311, 639, 1635, 828]
454VA0203_34_336069_260519190229_00_00_7640.mp4,[468, 13, 819, 286]
454VA0239_79_1967129_260518191542_00_00_6103.mp4,[449, 92, 638, 400]
454VA0243_01_1065349_260521032633_00_02_5146.mp4,[964, 180, 1085, 309]
454VA0243_01_377309_260519205145_00_02_9468.mp4,[552, 71, 708, 294]
455VA0206_26_14698729_260522023245_00_00_4501.mp4,[1134, 820, 1663, 1026]
455VA0206_26_14924949_260522130109_00_00_7741.mp4,[1450, 214, 1627, 352]
455VA0206_26_14959999_260522143831_00_00_4042.mp4,[1269, 206, 1535, 400]
455VA0227_13_14870899_260522103347_00_00_6959.mp4,[1552, 432, 1851, 881]
455VA0227_13_14949959_260522141324_00_02_1864.mp4,[1268, 596, 1491, 805]
455VA0230_06_14238669_260521051447_00_02_6465.mp4,[886, 14, 1300, 520]
455VA0256_19_13502049_260519190856_00_02_4973.mp4,[116, 202, 383, 481]
455VA0256_19_14146119_260521005805_00_02_5510.mp4,[1032, 554, 1268, 837]
455VA0257_07_14429889_260521140547_00_02_1738.mp4,[596, 466, 717, 769]
456VA02119_27_31869_260521042841_00_02_6887.mp4,[255, 276, 420, 434]
456VA0213_01_406229_260521214754_00_00_9283.mp4,[808, 357, 1103, 640]
456VA0251_40_96049_260521113532_00_00_1287.mp4,[86, 212, 304, 403]
456VA0260_18_412899_260520220801_00_00_4837.mp4,[1349, 282, 1519, 617]
457VA0202_16_14868929_260522095650_00_02_8305.mp4,[1211, 341, 1396, 488]
459VA02191_02_13656159_260520013900_00_00_6098.mp4,[118, 447, 335, 807]
459VA02192_03_14943849_260522131634_00_00_6696.mp4,[1574, 623, 1779, 907]
459VA02193_04_12785929_260518092150_00_00_8929.mp4,[89, 598, 344, 892]
459VA02213_09_12795549_260518094935_00_00_9192.mp4,[-1, 103, 470, 531]
459VA02214_10_13307179_260519093110_00_00_3870.mp4,[72, 317, 503, 887]
459VA02215_11_14342249_260521094312_00_02_7802.mp4,[631, 636, 919, 885]
459VA02216_12_13934769_260520145945_00_00_5668.mp4,[749, 565, 1209, 1075]
459VA02220_15_14937409_260522130532_00_00_8239.mp4,[1507, 614, 1833, 909]
469VA0170_33_5924019_260519130903_00_00_1858.mp4,[1468, 664, 1653, 954]
469VA0195_24_7530299_260522153106_00_02_9429.mp4,[1511, 561, 1922, 1009]
469VA0207_09_7333449_260522063649_00_00_8112.mp4,[1188, 0, 1398, 235]
469VA0208_05_6942759_260521123155_00_00_3781.mp4,[1622, 137, 1808, 610]
470VA0414_1641_70199_260521103854_00_00_7994.mp4,[896, 137, 1184, 251]
470VA0416_00_592949_260521022526_00_02_4162.mp4,[565, 254, 973, 675]
470VA0426_1637_543049_260522083221_00_00_5619.mp4,[750, 205, 938, 322]
471R01100_155_11765519_260523074635_00_00_5175.mp4,[86, 195, 471, 318]
471R01173_171_8643119_260521191707_00_00_5324.mp4,[40, 354, 577, 570]
471R01176_177_7875229_260523074918_00_00_8383.mp4,[550, 397, 928, 567]
471R01215_101_2108879_260518190340_00_00_7086.mp4,[708, 348, 869, 668]
471R01215_101_2110509_260518190811_00_00_2815.mp4,[644, 345, 890, 612]
471W0107_205_5173349_260520032003_00_02_1534.mp4,[870, 114, 1154, 374]
471W0107_205_5174159_260520032218_00_02_7667.mp4,[826, 69, 1033, 331]
471W0110_207_6217249_260521160023_00_00_9920.mp4,[440, 407, 854, 908]
471W01183_812_3145349_260522051838_00_02_8035.mp4,[1158, 199, 1485, 532]
471W01203_312_1829879_260521163927_00_00_1485.mp4,[936, 128, 1216, 523]
471W01226_232_4797909_260519094912_00_02_6851.mp4,[852, 455, 1099, 733]
471W01248_251_6625719_260522222522_00_02_4126.mp4,[677, 523, 1050, 1059]
471W01339_262_2968819_260520042331_00_02_7287.mp4,[811, 119, 1065, 282]
471W0207_180_5588939_260520210554_00_02_2307.mp4,[756, 561, 1069, 1073]
471W03190_339_1054969_260522112711_00_00_6384.mp4,[1279, 164, 1513, 382]
471W03190_339_378439_260521040753_00_00_6973.mp4,[1466, 108, 1721, 327]
471W03190_339_738739_260521204844_00_00_2880.mp4,[1443, 139, 1726, 363]
471W03196_345_837959_260522012256_00_00_8232.mp4,[555, 75, 877, 213]
471W03246_346_133469_260520202040_00_00_2688.mp4,[686, 2, 949, 328]
471W03263_214_4446479_260518173245_00_00_4426.mp4,[765, 86, 971, 201]
471W03305_304_3987679_260518195356_00_02_3579.mp4,[1179, 619, 1359, 796]
471W03310_277_7569869_260524181117_00_02_7025.mp4,[360, 99, 522, 226]
471W0332_265_2786659_260519201923_00_02_4402.mp4,[984, 240, 1350, 623]
471W03334_220_4686459_260518195839_00_02_8695.mp4,[737, 426, 1046, 793]
471W03380_794_4782489_260521091343_00_00_3746.mp4,[470, 425, 915, 580]
471W03382_796_5115029_260522003736_00_00_2486.mp4,[646, 8, 986, 315]
471W0338_268_2239099_260518195705_00_02_7453.mp4,[560, 420, 775, 828]
471W03414_281_2238049_260518195503_00_02_9015.mp4,[607, 370, 836, 789]
471W03422_186_4585169_260518224830_00_00_4692.mp4,[1034, 493, 1436, 1064]
471W0360_766_4873479_260519042013_00_02_1508.mp4,[1391, 413, 1504, 655]
471W0394_298_4564299_260518225706_00_00_7288.mp4,[375, 61, 531, 185]
471W0398_206_5117609_260520003116_00_00_6097.mp4,[517, 251, 799, 514]
471WH0110_03_12823369_260518112704_00_00_1118.mp4,[661, 69, 1021, 340]
471WH0169_25_14379919_260521115338_00_00_7581.mp4,[380, 286, 568, 491]
471WH0187_07_13517159_260519195629_00_02_5442.mp4,[1417, 491, 1810, 841]
472W06313_561_1019949_260518110823_00_00_9936.mp4,[1300, 66, 1453, 193]
472W06313_561_2649919_260521143948_00_00_7860.mp4,[1256, 103, 1488, 272]
472W06432_588_2034139_260522093020_00_02_7801.mp4,[699, 270, 911, 436]
472W06550_64_13602279_260518225752_00_02_9392.mp4,[1576, 740, 1877, 1070]
472W06635_466_13833629_260523142122_00_02_5539.mp4,[155, 560, 543, 1072]
472W06643_398_7286779_260518152609_00_00_1967.mp4,[340, 88, 459, 252]
472W06736_586_1414909_260521044611_00_02_5627.mp4,[466, 781, 733, 1074]
473VA01103_02_6289849_260520065420_00_02_4920.mp4,[989, 131, 1254, 474]
473VA01103_02_7770209_260523032637_00_00_9634.mp4,[498, 180, 733, 709]
473VA01162_211_333819_260520131001_00_02_3206.mp4,[744, 3, 1008, 347]
473VA01256_17_6728469_260521031307_00_02_9368.mp4,[135, 240, 352, 463]
473VA01273_14_7405789_260521205317_00_00_6261.mp4,[231, 6, 706, 1015]
474VA0301_34_5457589_260520092159_00_00_5662.mp4,[347, 277, 597, 552]
474VA0311_35_4782719_260519015645_00_00_2454.mp4,[624, 227, 897, 354]
474VA0331_39_6446739_260522034834_00_00_3608.mp4,[704, 46, 849, 285]
474VA0360_20_6711239_260522205327_00_00_5763.mp4,[608, 165, 850, 295]
474VA0371_29_5653469_260519030252_00_00_8240.mp4,[622, 225, 799, 473]
474VA0371_29_5706029_260519052308_00_02_3363.mp4,[1023, 328, 1242, 479]
474VA0371_29_8141049_260523030746_00_00_4339.mp4,[933, 305, 1228, 716]
474VA0371_29_8163989_260523040856_00_00_5342.mp4,[886, 126, 1082, 320]
474VA0391_14_4702929_260518190419_00_00_6239.mp4,[640, 8, 911, 227]
474VA0391_14_4703469_260518190549_00_00_5309.mp4,[618, 6, 911, 197]
475VA02123_06_807819_260519171433_00_00_2543.mp4,[94, 174, 482, 417]
475VA0260_37_171449_260518114554_00_02_3995.mp4,[800, 43, 928, 208]
477VA03145_22_11106119_260520225206_00_00_4404.mp4,[993, 383, 1232, 565]
477VA03234_16_14762669_260521043315_00_02_8787.mp4,[584, 230, 1049, 826]
477VA0330_35_14293099_260520060731_00_02_1246.mp4,[1344, 480, 1615, 857]
477VA0356_36_11525859_260521184209_00_02_6533.mp4,[546, 471, 912, 1011]
478VA0204_07_93669_260520082330_00_00_2164.mp4,[607, 228, 819, 457]
478VA02139_17_942849_260518234234_00_00_5497.mp4,[557, 226, 839, 526]
478VA0229_10_982269_260519013242_00_02_6158.mp4,[582, 13, 763, 190]
479VA02150_09_401109_260521001947_00_02_4997.mp4,[1, 427, 303, 708]
479VA0245_04_2864359_260521134703_00_02_5649.mp4,[791, 292, 945, 434]
479VA0297_03_151699_260521030030_00_00_9737.mp4,[898, 511, 1106, 760]
510R03201_06_1885669_260522092834_00_00_2928.mp4,[0, 479, 475, 857]
510R03204_09_93319_260524073527_00_02_5205.mp4,[185, 545, 300, 767]
510WF0101_261_1886199_260519223455_00_00_8716.mp4,[768, 123, 1038, 427]
510WF0101_261_1886229_260519223500_00_00_2223.mp4,[763, 159, 1053, 426]
510WF0106_262_1439679_260518231317_00_00_1682.mp4,[376, 338, 724, 602]
510WF0106_262_2494789_260520220753_00_00_5729.mp4,[881, 335, 1156, 508]
510WF0106_262_3361249_260522123938_00_00_2020.mp4,[479, 685, 801, 994]
510WF0106_262_4084999_260523205023_00_00_7750.mp4,[93, 851, 590, 1074]
510WF011312_289_2503329_260520223022_00_02_1717.mp4,[643, 276, 879, 714]
510WF011339_349_544779_260522012923_00_02_9072.mp4,[427, 606, 905, 1069]
510WF011380_315_2098359_260518173722_00_00_1544.mp4,[958, 577, 1302, 732]
510WF01145_278_1628529_260519103929_00_02_6674.mp4,[878, 342, 1304, 875]
510WF01157_284_1663309_260519122511_00_00_3711.mp4,[890, 202, 1187, 636]
510WF0117_145_2654069_260521051431_00_02_8616.mp4,[372, 353, 586, 612]
510WF01213_387_2023419_260524175223_00_02_8187.mp4,[477, 487, 603, 642]
510WF01234_237_2653629_260521101246_00_00_7488.mp4,[959, 335, 1136, 612]
510WF01238_239_2550439_260521052701_00_00_1250.mp4,[772, 674, 999, 907]
510WF01238_239_2550499_260521052710_00_00_4135.mp4,[868, 475, 995, 803]
510WF01238_239_2550569_260521052722_00_00_4420.mp4,[914, 490, 1032, 774]
510WF01250_159_952069_260523024020_00_02_7668.mp4,[218, 638, 676, 1073]
510WF01261_244_2424489_260520190049_00_00_5714.mp4,[285, 581, 501, 820]
510WF01270_248_4077329_260521003606_00_02_5644.mp4,[842, 619, 1173, 948]
510WF01289_252_2174529_260520075456_00_02_1742.mp4,[514, 829, 792, 1076]
510WF01422_273_3265279_260521004027_00_00_5201.mp4,[663, 719, 949, 1063]
510WF0143_226_1798779_260518214353_00_02_4661.mp4,[786, 295, 1122, 617]
510WF01554_361_311489_260521210205_00_00_4493.mp4,[1355, 653, 1834, 925]
510WF01568_111_1572899_260519051105_00_00_8658.mp4,[863, 136, 1276, 486]
510WF01580_124_2019249_260520044653_00_00_9445.mp4,[1018, 172, 1162, 287]
510WF01600_114_1419689_260518222233_00_00_2198.mp4,[84, 794, 1098, 1073]
510WF01698_147_1469309_260521022125_00_00_3591.mp4,[916, 334, 1200, 515]
510WH02690_356_139269_260521093712_00_00_6068.mp4,[863, 441, 1203, 741]
511W02115_91_291479_260521114841_00_02_7572.mp4,[0, 249, 667, 949]
511W02233_11_426409_260522103309_00_02_7960.mp4,[809, 215, 979, 520]
511W02248_49_54079_260519165237_00_02_3080.mp4,[58, 296, 244, 441]
511W02351_58_512789_260520175317_00_00_7639.mp4,[1417, 348, 1586, 481]
511W02374_120_226489_260520053509_00_02_5453.mp4,[1023, 103, 1167, 295]
511W02394_51_268759_260522040641_00_02_8785.mp4,[256, 559, 897, 1043]
511W02400_18_797819_260521080136_00_02_9248.mp4,[801, 487, 1281, 940]
511W0241_75_356179_260522080852_00_02_6627.mp4,[1141, 489, 1461, 916]
511W0243_77_286359_260522045506_00_02_3787.mp4,[259, 391, 546, 637]
511W0245_79_439139_260522115929_00_00_1145.mp4,[685, 811, 1934, 1074]
511W02529_21_1027019_260523131236_00_00_8558.mp4,[1494, 358, 1714, 493]
511W0252_83_844789_260523051522_00_00_5423.mp4,[376, 323, 581, 535]
511W02602_102_158439_260521230051_00_02_3842.mp4,[744, 629, 1156, 1038]
511W02740_79_183059_260523144538_00_02_3243.mp4,[1303, 81, 1585, 391]
511W0279_43_548449_260520202939_00_02_8625.mp4,[1153, 460, 1594, 858]
511W0290_50_781649_260521054926_00_00_4627.mp4,[1058, 626, 1174, 828]
511W0298_66_555679_260520195639_00_00_3656.mp4,[707, 261, 881, 555]
511W04142_11_744609_260522121755_00_00_8892.mp4,[232, 370, 605, 869]
511W04142_11_745069_260522121841_00_00_7922.mp4,[131, 329, 658, 720]
511W0472_39_1116129_260522223756_00_02_1313.mp4,[166, 258, 383, 686]
511W0475_28_854669_260522152223_00_02_5133.mp4,[368, 510, 557, 874]
511W0485_82_153609_260521052626_00_00_4528.mp4,[244, 253, 612, 518]
512W02362_258_9836209_260523000143_00_02_1260.mp4,[326, 206, 618, 582]
512W02677_143_1784759_260522203305_00_00_1533.mp4,[0, 430, 462, 715]
512WA03167_25_3018169_260522194024_00_00_2579.mp4,[627, 78, 941, 598]
512WA0319_109_1119279_260521140835_00_02_5413.mp4,[1142, 369, 1399, 611]
512WA0324_111_511879_260520120217_00_00_7368.mp4,[1346, 442, 1724, 745]
512WA0358_522_224729_260518160750_00_02_3721.mp4,[882, 41, 1153, 364]
512WA0358_522_2304609_260522123108_00_02_4883.mp4,[810, 112, 1024, 409]
512WA0363_523_1159719_260520094000_00_00_2989.mp4,[757, 68, 942, 263]
512WA04298_48_213119_260518202526_00_00_5451.mp4,[1003, 251, 1275, 371]
512WA04298_48_52589_260518131720_00_00_8393.mp4,[1329, 205, 1492, 321]
512WA04400_66_1849039_260521030505_00_00_1987.mp4,[905, 81, 1238, 380]
512WA04403_80_2924489_260523205859_00_02_3274.mp4,[727, 334, 918, 523]
512WA04425_102_890489_260521072838_00_00_8727.mp4,[384, 128, 964, 525]
512WA04458_12_2207109_260522130527_00_00_1958.mp4,[850, 329, 1129, 668]
512WA04474_16_781399_260519140356_00_00_8953.mp4,[1038, 59, 1452, 469]
512WA04482_21_1032579_260520061908_00_00_3239.mp4,[765, 237, 1051, 561]
512WA04494_29_500959_260519045906_00_02_2440.mp4,[1545, 427, 1844, 753]
512WA0452_517_2803439_260521114507_00_02_7487.mp4,[1296, 431, 1683, 915]
512WA04542_34_1095559_260520113829_00_02_5976.mp4,[564, 162, 804, 388]
512WA04577_41_1829589_260521201608_00_02_4456.mp4,[118, 424, 619, 958]
512WA04596_47_2911469_260523202126_00_00_4508.mp4,[691, 75, 949, 303]
512WA04658_535_784719_260520190752_00_02_9588.mp4,[536, 325, 770, 610]
512WA04660_61_72699_260519182523_00_00_2621.mp4,[82, 175, 227, 388]
512WA04704_97_2136129_260521130550_00_02_5408.mp4,[1122, 493, 1405, 833]
512WA04710_01_753139_260519202726_00_00_1709.mp4,[5, 79, 1129, 931]
512WA04742_71_2029679_260522141934_00_00_3652.mp4,[83, 259, 826, 1000]
512WA05110_46_1994019_260522033631_00_02_4997.mp4,[196, 652, 534, 957]
512WA05110_46_401369_260519044833_00_02_7247.mp4,[191, 671, 540, 955]
512WA05120_53_376239_260519000226_00_00_7074.mp4,[-1, 28, 585, 646]
512WA05124_55_1248579_260520061900_00_00_1530.mp4,[532, 272, 654, 448]
512WA05126_42_2524609_260523030940_00_00_5514.mp4,[587, 172, 1126, 446]
512WA05204_62_1249959_260520062159_00_00_7544.mp4,[174, 431, 670, 752]
512WA05204_62_1250799_260520062344_00_00_5187.mp4,[183, 438, 497, 827]
512WA05338_98_2621679_260523022813_00_02_2545.mp4,[0, 602, 362, 957]
512WA05339_99_716789_260519172933_00_02_7229.mp4,[593, 93, 778, 316]
512WA05343_02_935509_260520043401_00_02_7487.mp4,[1299, 783, 1454, 1060]
512WA05376_11_943309_260520045453_00_02_6815.mp4,[800, 212, 1064, 487]
512WA05379_12_967329_260520055725_00_02_5464.mp4,[1040, 203, 1222, 402]
512WA05383_14_413649_260519045124_00_02_6069.mp4,[360, 249, 641, 611]
512WA05388_17_321169_260519003609_00_00_3895.mp4,[529, 181, 989, 682]
512WA05393_20_34629_260518123149_00_00_4335.mp4,[881, 527, 1048, 835]
512WA05434_23_72969_260518141406_00_00_2443.mp4,[569, 129, 722, 308]
512WA05437_26_731659_260519193042_00_00_1073.mp4,[721, 25, 978, 221]
512WA05483_57_2821149_260522125241_00_00_4083.mp4,[1480, 278, 1920, 756]
512WA05489_29_201369_260518185655_00_02_2053.mp4,[342, 446, 766, 833]
512WA05492_31_1247409_260520061551_00_02_5073.mp4,[1509, 31, 1750, 304]
512WA05583_48_2003489_260520184219_00_00_6098.mp4,[67, 2, 623, 629]
512WA05618_54_244819_260519042436_00_00_4662.mp4,[765, 318, 1010, 590]
512WA05630_60_391129_260519083007_00_00_8087.mp4,[353, 387, 553, 549]
512WA05695_61_113279_260519004439_00_00_3707.mp4,[630, 367, 896, 657]
512WA0569_42_505519_260519092633_00_00_2888.mp4,[400, 2, 616, 287]
512WA0569_42_955379_260520052621_00_00_4422.mp4,[429, 0, 605, 229]
512WA0572_43_1671629_260521131944_00_00_4842.mp4,[840, 226, 1114, 504]
512WA05778_33_1479839_260520144507_00_02_6900.mp4,[1091, 805, 1406, 1074]
512WA05923_73_594669_260519134723_00_00_4807.mp4,[117, 98, 384, 433]
512WE0112_48_265369_260519020518_00_00_2100.mp4,[204, 193, 344, 433]
512WE0124_45_382839_260520183603_00_00_4476.mp4,[1504, 412, 1653, 669]
512WE0128_49_81479_260520063252_00_00_7384.mp4,[563, 213, 679, 440]
512WE0138_20_702189_260523223743_00_00_5650.mp4,[638, 131, 1163, 683]
512WE0148_66_244829_260520121747_00_02_3430.mp4,[1391, 447, 1584, 669]
512WE021023_130_86759_260519170947_00_02_9693.mp4,[673, 258, 846, 459]
512WE021040_124_132439_260519191822_00_02_5845.mp4,[1055, 307, 1262, 526]
512WE021141_138_25709_260518152011_00_00_9336.mp4,[441, 542, 626, 698]
512WE021142_74_545049_260522170755_00_00_1971.mp4,[991, 412, 1212, 649]
512WE021154_146_296779_260520025401_00_00_8317.mp4,[129, 512, 356, 841]
512WE02140_77_666919_260519040019_00_02_5349.mp4,[749, 242, 997, 439]
512WE02175_45_1256779_260521151812_00_00_8316.mp4,[704, 5, 895, 411]
512WE02186_53_1007959_260521034423_00_00_9294.mp4,[457, 309, 578, 547]
512WE022040_130_794589_260520031302_00_00_2289.mp4,[926, 269, 1058, 382]
512WE022093_149_1478529_260521105504_00_00_4397.mp4,[95, 202, 334, 405]
512WE022102_156_206239_260519002835_00_00_7078.mp4,[1490, 219, 1826, 409]
512WE022215_74_1289349_260521021749_00_00_3401.mp4,[463, 387, 854, 668]
512WE022218_57_263119_260518091747_00_02_8502.mp4,[499, 311, 623, 472]
512WE022291_157_1428089_260521084445_00_00_6426.mp4,[439, 545, 652, 732]
512WE022291_157_84829_260518183214_00_00_7206.mp4,[92, 364, 416, 540]
512WE022561_77_1257659_260521011649_00_02_9416.mp4,[-1, 330, 260, 661]
512WE022565_81_185709_260518233709_00_00_6216.mp4,[171, 298, 359, 475]
512WE022569_60_214049_260522015130_00_02_4261.mp4,[168, 278, 870, 956]
512WE022575_91_1323809_260521042056_00_00_1708.mp4,[696, 209, 996, 525]
512WE022583_136_657149_260524181031_00_00_3164.mp4,[1146, 85, 1684, 233]
512WE0225_44_1417769_260521050801_00_00_9223.mp4,[758, 212, 1019, 347]
512WE02278_77_205659_260518210148_00_00_9033.mp4,[962, 410, 1110, 606]
512WE02290_46_96419_260521201542_00_02_3077.mp4,[587, 279, 740, 417]
512WE02290_87_1042989_260521132457_00_02_4117.mp4,[298, 299, 498, 475]
512WE02291_88_357509_260520054142_00_00_5007.mp4,[76, 483, 245, 643]
512WE02296_92_816539_260521025619_00_02_9810.mp4,[1030, 439, 1151, 635]
512WE023145_385_3482569_260522044602_00_02_4159.mp4,[107, 504, 365, 769]
512WE023390_366_1920649_260519041209_00_02_8180.mp4,[316, 448, 587, 739]
512WE023909_94_400949_260522102917_00_02_5010.mp4,[493, 211, 650, 355]
512WE02393_74_23609_260518144512_00_02_3924.mp4,[684, 325, 892, 530]
512WE024333_377_2668439_260520145949_00_02_3729.mp4,[154, 521, 299, 783]
512WE02752_110_146849_260523182522_00_02_5495.mp4,[1326, 494, 1503, 731]
512WE0288_60_838359_260521040043_00_00_7516.mp4,[1544, 96, 1774, 365]
512WE02923_125_681529_260524191214_00_00_6617.mp4,[758, 340, 922, 600]
512WE02939_95_482259_260519122512_00_00_1325.mp4,[571, 478, 751, 611]
512WE02945_100_441399_260519103242_00_00_1935.mp4,[1166, 422, 1510, 645]
512WE02948_103_612139_260520173040_00_02_1786.mp4,[714, 2, 984, 233]
512WE02949_104_245699_260519012854_00_02_5682.mp4,[861, 350, 1040, 556]
512WE02956_108_792859_260521015256_00_00_3798.mp4,[466, 324, 950, 615]
512WE02962_113_923849_260521075706_00_00_7350.mp4,[92, 352, 417, 587]
512WR011043_24_736339_260519133806_00_00_5811.mp4,[1151, 696, 1344, 1044]
512WR01463_79_3603329_260523202618_00_02_2901.mp4,[1457, 327, 1629, 542]
512WR01635_53_196839_260518123811_00_02_3517.mp4,[361, 708, 695, 1074]
512WR02110_78_412719_260520001853_00_02_1147.mp4,[1496, 372, 1862, 845]
512WR02162_70_1052909_260520041953_00_00_4484.mp4,[1577, 325, 1707, 517]
512WR02225_79_1035009_260520033416_00_02_5141.mp4,[1261, 762, 1549, 1076]
512WR02238_92_2679039_260523065937_00_00_3611.mp4,[814, 420, 1193, 607]
512WR02259_82_2593229_260523033826_00_00_8003.mp4,[225, 152, 839, 362]
512WR0225_37_594479_260521112910_00_02_7232.mp4,[805, 614, 1106, 906]
512WR02574_90_670189_260519102524_00_00_5075.mp4,[1313, 313, 1688, 717]
512WR02576_37_3299_260519183627_00_02_8689.mp4,[1494, 20, 1758, 261]
512WR02760_08_645239_260519070337_00_00_4796.mp4,[1438, 464, 1919, 968]
512WR0285_37_1747869_260521122826_00_00_8451.mp4,[856, 230, 1022, 481]
513R0348_19_1003579_260522230015_00_02_1744.mp4,[546, 91, 748, 261]
513R0392_33_121759_260520074630_00_02_7312.mp4,[1063, 151, 1239, 381]
513W011030_135_8687799_260520203517_00_02_9847.mp4,[61, 1, 407, 354]
513W011169_172_4523499_260520195246_00_02_6254.mp4,[157, 451, 397, 696]
513W011198_44_13618189_260524155134_00_00_1132.mp4,[374, 17, 622, 180]
513W01281_06_12755399_260521233744_00_00_1729.mp4,[621, 799, 890, 1069]
513W01282_05_10958609_260518154654_00_00_9591.mp4,[629, 591, 1004, 929]
513W01282_05_11818769_260520060051_00_00_8356.mp4,[900, 619, 1091, 939]
513W01478_23_11779789_260520041722_00_00_8725.mp4,[558, 99, 690, 240]
513W01482_26_13875859_260524012646_00_00_7976.mp4,[797, 227, 1115, 505]
513W01487_30_11767799_260520034445_00_02_4366.mp4,[897, 15, 1016, 227]
513W01487_30_13762659_260523202414_00_00_3049.mp4,[-1, 4, 270, 331]
513W01489_31_13388609_260523034656_00_00_4341.mp4,[515, 91, 1010, 376]
513W01491_09_12737349_260521225601_00_02_6146.mp4,[282, 458, 495, 708]
513W01498_35_11806069_260520052553_00_00_4287.mp4,[202, 198, 448, 406]
513W01498_35_11806099_260520052558_00_00_5460.mp4,[248, 172, 471, 431]
513W01507_161_6554849_260520054458_00_02_3365.mp4,[646, 471, 783, 699]
513W01520_48_12167739_260520213356_00_02_1600.mp4,[870, 364, 1346, 857]
513W01521_49_11079149_260518210921_00_02_8273.mp4,[1145, 94, 1630, 636]
513W01521_49_11118669_260518225445_00_00_3570.mp4,[191, 65, 369, 353]
513W01521_49_11147889_260519001240_00_00_3171.mp4,[201, 13, 567, 330]
513W01521_49_11821579_260520060859_00_00_2322.mp4,[1369, 349, 1560, 673]
513W01521_49_12268859_260521020145_00_02_2014.mp4,[319, 467, 456, 755]
513W01522_02_12795519_260522012949_00_02_5195.mp4,[254, 403, 543, 662]
513W01528_03_11078499_260518211129_00_00_4302.mp4,[850, 420, 1070, 638]
513W01529_04_11109349_260518223413_00_00_1057.mp4,[436, 803, 763, 1075]
513W01529_04_12025369_260520151645_00_02_1421.mp4,[172, 741, 528, 1074]
513W01544_28_12741229_260521230247_00_00_5580.mp4,[1110, 89, 1373, 323]
513W01565_53_12556959_260521145415_00_00_5563.mp4,[110, 724, 375, 1059]
513W01565_53_12557379_260521145522_00_00_5030.mp4,[132, 752, 376, 971]
513W01698_43_21339049_260523020104_00_00_5335.mp4,[793, 171, 1037, 448]
513W01723_121_11078969_260522144947_00_02_5622.mp4,[467, 651, 858, 1069]
513W01838_97_11669769_260520204053_00_00_7244.mp4,[224, 391, 441, 736]
513W01844_30_11004489_260518174813_00_00_9754.mp4,[1343, 369, 1777, 1059]
513W01931_65_11946729_260520114746_00_00_4107.mp4,[1114, 681, 1490, 1014]
513W01931_65_12204139_260520231413_00_02_4872.mp4,[390, 173, 662, 349]
513W01931_65_13612029_260523134849_00_02_5231.mp4,[539, 735, 895, 1071]
513W01943_74_13956719_260524050425_00_02_9673.mp4,[222, 2, 541, 291]
513W02110_46_11571829_260520020138_00_02_3304.mp4,[62, 84, 213, 270]
513WH01754_432_8352259_260519042145_00_00_9350.mp4,[449, 334, 820, 611]
514W01225_53_469799_260523011641_00_00_1126.mp4,[8, 543, 498, 1023]
514W01234_56_174909_260523120824_00_00_3223.mp4,[165, 353, 389, 511]
514W01234_56_379679_260522211629_00_00_3962.mp4,[174, 345, 419, 501]
514W01383_70_468909_260523011433_00_00_3260.mp4,[149, 570, 420, 912]
514W01493_09_412839_260520223957_00_00_3366.mp4,[597, 35, 974, 386]
514W0290_92_519509_260520032410_00_00_8745.mp4,[1170, 216, 1885, 1072]
515VH01134_10_13561939_260519214248_00_02_8862.mp4,[645, 276, 828, 431]
515VH0191_13_13273889_260519082344_00_02_7329.mp4,[530, 27, 800, 256]
515W0180_16_295839_260522053616_00_02_4789.mp4,[1088, 622, 1247, 837]
515W05105_203_2607389_260521035344_00_02_8622.mp4,[1095, 296, 1298, 566]
515W05203_195_252229_260519022630_00_02_7736.mp4,[687, 472, 1113, 892]
515W05245_197_1280829_260518142856_00_02_2022.mp4,[1157, 544, 1458, 871]
515W05246_198_2122689_260520053021_00_02_2795.mp4,[796, 565, 1123, 999]
515W05277_11_938579_260523112603_00_00_7704.mp4,[609, 344, 977, 508]
515W0527_230_3609749_260519055133_00_00_2720.mp4,[946, 261, 1496, 870]
515W05319_75_61109_260521183916_00_00_4773.mp4,[212, 262, 760, 634]
515W05329_22_1588809_260519045146_00_00_4596.mp4,[1583, 579, 1814, 830]
515W05329_80_797579_260523045545_00_00_4618.mp4,[359, 671, 633, 953]
515W05333_172_1807939_260519145721_00_00_6379.mp4,[594, 340, 1134, 923]
515W05364_52_2109839_260520045733_00_00_3279.mp4,[389, 308, 963, 772]
515W05505_76_412539_260522102034_00_02_4459.mp4,[508, 491, 961, 987]
515W05518_73_5575719_260520052456_00_00_6895.mp4,[262, 272, 566, 406]
516RA01306_160_1715949_260519021248_00_00_2922.mp4,[577, 105, 825, 349]
516WF01129_37_199389_260521230919_00_00_2745.mp4,[531, 133, 812, 419]
516WF01129_37_199589_260521230951_00_00_5915.mp4,[452, 154, 822, 416]
516WF01141_46_413239_260522083943_00_00_1554.mp4,[711, 501, 1068, 698]
516WF01147_52_6859_260521143914_00_00_9122.mp4,[1039, 164, 1405, 582]
516WF01147_52_7259_260521144020_00_00_5373.mp4,[1147, 168, 1432, 591]
516WF01147_52_7289_260521144025_00_00_3245.mp4,[1101, 168, 1428, 645]
516WF01147_52_7319_260521144030_00_00_4649.mp4,[1145, 166, 1426, 604]
516WF01161_57_238199_260522012018_00_00_7879.mp4,[781, 353, 1003, 473]
516WF01171_64_305789_260522042643_00_02_6870.mp4,[1401, 676, 1710, 946]
516WF01245_166_38999_260523072133_00_02_3002.mp4,[1065, 183, 1349, 493]
516WF01257_85_106619_260521190249_00_02_6041.mp4,[593, 426, 829, 699]
516WF02183_21_127649_260521202019_00_00_7390.mp4,[1045, 785, 1259, 989]
516WF02186_959_104569_260519085829_00_00_5719.mp4,[1292, 300, 1921, 1014]
516WF02222_02_19869_260521052517_00_00_3879.mp4,[1318, 648, 1920, 1049]
516WF02318_188_395839_260523230742_00_00_3849.mp4,[847, 175, 1025, 328]
516WF02318_188_69819_260523083817_00_00_3687.mp4,[758, 298, 1112, 604]
516WF02318_57_109949_260521200048_00_00_4932.mp4,[782, 191, 1021, 442]
516WF02318_57_291159_260522040407_00_00_2885.mp4,[821, 193, 1026, 343]
516WF0235_104_113689_260523104634_00_02_6492.mp4,[1550, 624, 1794, 875]
516WF02360_60_419379_260522094559_00_00_6853.mp4,[1020, 728, 1145, 967]
516WF0244_19_646829_260522205635_00_00_4707.mp4,[483, 317, 1049, 882]
516WF02546_956_160459_260520065123_00_00_5262.mp4,[522, 178, 815, 433]
516WF02636_94_375339_260522084633_00_00_8846.mp4,[792, 86, 1011, 287]
516WF02647_97_334249_260522061229_00_00_9145.mp4,[1003, 204, 1253, 376]
516WF02675_68_7099_260521154009_00_00_7874.mp4,[1005, 415, 1346, 746]
516WF02728_1025_204619_260523145806_00_00_7525.mp4,[-1, 379, 556, 1058]
516WF02728_76_124699_260521205348_00_00_9903.mp4,[-2, 299, 483, 883]
517W031142_49_18952459_260520024428_00_02_9004.mp4,[491, 433, 672, 797]
517W031184_17_19605159_260521012343_00_00_3642.mp4,[1360, 386, 1550, 519]
517W031242_20_19828909_260523062005_00_00_6588.mp4,[1532, 579, 1915, 865]
517W03458_70_19168989_260522044555_00_00_7638.mp4,[1065, 445, 1259, 585]
517W03514_115_1779219_260519032207_00_00_1742.mp4,[1576, 350, 1779, 549]
517W03517_118_2265519_260519201519_00_02_2084.mp4,[1433, 459, 1575, 619]
517W03569_29_1790299_260519155313_00_02_2230.mp4,[1377, 605, 1540, 786]
517W03626_42_18377889_260519064047_00_00_5628.mp4,[659, 532, 876, 803]
517W03630_46_19615229_260521013842_00_02_4401.mp4,[1434, 733, 1685, 992]
517W03685_36_13442529_260522222557_00_00_2544.mp4,[697, 328, 887, 632]
517W03760_64_5411739_260519140943_00_00_4411.mp4,[786, 359, 984, 602]
517W03842_06_20928779_260522232011_00_00_5113.mp4,[446, 421, 744, 577]
517W03907_25_18778219_260520211605_00_00_7388.mp4,[268, 455, 384, 665]
517W03955_09_19823699_260521085717_00_02_7724.mp4,[1625, 424, 1800, 734]
518W01237_162_759209_260521041126_00_02_3001.mp4,[-1, 339, 338, 833]
518W01238_163_828039_260521054954_00_02_1667.mp4,[1037, 596, 1539, 1066]
518W01314_179_656499_260520221241_00_02_1024.mp4,[561, 250, 697, 408]
518W01401_255_87909_260523054244_00_02_8214.mp4,[421, 475, 612, 735]
518W01405_259_155419_260523081812_00_00_6867.mp4,[348, 379, 596, 624]
519WA01109_70_114719_260521210325_00_00_5534.mp4,[443, 397, 991, 1036]
519WA011183_85_80439_260521202236_00_00_1331.mp4,[947, 219, 1429, 519]
519WA011265_74_46899_260522070302_00_00_5352.mp4,[1475, 478, 1907, 880]
519WA011289_91_488879_260523033152_00_00_5888.mp4,[1260, 226, 1607, 470]
519WA011553_05_46039_260523062333_00_00_2269.mp4,[75, 729, 986, 1074]
519WA01163_86_225069_260522021023_00_00_6083.mp4,[518, 314, 1037, 986]
519WA011754_86_272239_260523124139_00_00_3744.mp4,[384, 90, 795, 355]
519WA012217_54_9349_260523052355_00_00_9453.mp4,[566, 374, 1196, 642]
519WA012233_68_398009_260522160121_00_00_2172.mp4,[538, 65, 914, 213]
519WA012288_19_287459_260522180711_00_00_5370.mp4,[855, 293, 1011, 419]
519WA012511_79_288549_260522181906_00_00_9957.mp4,[1525, 410, 1735, 818]
519WA01253_60_9299_260523051604_00_00_7939.mp4,[131, 505, 623, 1075]
519WA012628_97_63119_260521205925_00_00_4501.mp4,[876, 302, 1175, 426]
519WA01325_26_58829_260521192152_00_00_2931.mp4,[298, 547, 547, 785]
519WA01660_46_197049_260521213527_00_02_5344.mp4,[2, 652, 492, 1076]
519WH03479_48_157309_260521202446_00_02_8005.mp4,[317, 226, 535, 519]
519X01210_183_1934019_260520051928_00_00_4559.mp4,[725, 728, 1167, 1079]
519X01248_78_864129_260519025655_00_02_4155.mp4,[1095, 374, 1208, 609]
519X01462_121_1171159_260519045121_00_00_6366.mp4,[1318, 618, 1609, 763]
523W01111_112_87619_260523214116_00_00_1541.mp4,[943, 281, 1325, 656]
523W01111_26_1797449_260520211452_00_00_5769.mp4,[832, 222, 1199, 597]
523W0112_211_2325599_260521082527_00_02_8838.mp4,[246, 195, 424, 329]
523W0116_214_1740839_260520052149_00_00_2292.mp4,[1572, 101, 1795, 794]
523W01349_46_206709_260522013127_00_00_6630.mp4,[1096, 147, 1903, 790]
523W01353_122_11177199_260522045516_00_02_2015.mp4,[876, 50, 1167, 367]
523W02100_363_179029_260521122154_00_02_9614.mp4,[127, 177, 299, 385]
523W02348_111_995619_260520015809_00_00_3798.mp4,[1424, 579, 1852, 730]
523W02413_33_1242209_260519192950_00_00_2797.mp4,[1510, 705, 1917, 1053]
523W02426_92_50119_260523215337_00_02_5579.mp4,[1067, 226, 1244, 379]
523W02527_338_448389_260519005445_00_00_7121.mp4,[1247, 335, 1746, 1037]
523W02527_338_546949_260519053113_00_00_6372.mp4,[954, 630, 1178, 983]
523W02543_236_230209_260518095624_00_00_1384.mp4,[1413, 10, 1900, 393]
523W02549_221_1057489_260520001710_00_00_3895.mp4,[1291, 598, 1553, 858]
523W0273_120_935369_260519233000_00_02_5568.mp4,[952, 617, 1180, 902]
523W0281_41_641539_260522213657_00_00_2830.mp4,[1144, 512, 1612, 1025]
527WA031010_374_586109_260520193653_00_02_7171.mp4,[751, 379, 907, 570]
527WA031010_73_781889_260523040431_00_02_6877.mp4,[837, 417, 1040, 575]
527WA031014_77_296469_260522053608_00_00_4447.mp4,[935, 225, 1208, 416]
527WA03240_256_5442309_260518144613_00_02_7245.mp4,[160, 207, 290, 348]
527WA03244_257_6429139_260520102806_00_00_8110.mp4,[505, 108, 712, 297]
527WA03244_257_6452209_260520112938_00_02_9037.mp4,[1139, 425, 1320, 663]
527WA03344_278_589579_260520194735_00_02_6479.mp4,[550, 120, 862, 589]
527WA03344_80_418699_260522111522_00_00_3689.mp4,[601, 532, 1045, 1036]
527WA03347_83_137549_260521221426_00_02_6074.mp4,[1211, 121, 1422, 478]
527WA03348_282_647479_260520222832_00_00_4456.mp4,[984, 41, 1178, 261]
527WA03348_282_848689_260521074727_00_00_9115.mp4,[489, 265, 1066, 881]
527WA03350_284_469669_260520141437_00_02_2873.mp4,[523, 82, 1015, 631]
527WA03353_89_112719_260521210527_00_02_7921.mp4,[101, 16, 426, 325]
527WA03404_386_682169_260521000330_00_02_3386.mp4,[797, 50, 1160, 430]
527WA03404_386_716649_260521013917_00_02_7613.mp4,[970, 265, 1108, 437]
527WA03413_392_235749_260520025638_00_00_9341.mp4,[236, 377, 520, 613]
527WA03421_99_626379_260522205015_00_02_6056.mp4,[572, 131, 784, 258]
527WA03450_118_294619_260523214115_00_00_1221.mp4,[979, 330, 1510, 589]
527WA03460_83_1027049_260523172747_00_00_5900.mp4,[1371, 788, 1628, 1034]
527WA03469_339_4939689_260520013947_00_02_7039.mp4,[742, 799, 1043, 1076]
527WA03469_90_335859_260522072358_00_02_7790.mp4,[744, 764, 1030, 1077]
527WA03501_288_7266909_260518122204_00_02_3647.mp4,[1281, 594, 1469, 887]
527WA03502_15_1493479_260524101443_00_02_7973.mp4,[637, 520, 815, 764]
527WA03503_298_5937889_260519124517_00_02_6745.mp4,[1552, 343, 1686, 542]
527WA03521_11_576179_260522183313_00_00_9557.mp4,[314, 371, 668, 716]
527WA03535_21_286129_260522043345_00_02_9664.mp4,[869, 195, 1112, 358]
527WA03697_37_2244259_260518221539_00_00_3497.mp4,[1201, 20, 1443, 254]
527WA03766_237_652639_260520224127_00_00_9183.mp4,[821, 98, 1006, 295]
527WA03780_07_370529_260522085606_00_00_2648.mp4,[162, 213, 731, 760]
527WA03780_46_1851269_260518080936_00_00_8341.mp4,[411, 70, 916, 346]
527WA03871_283_5351289_260518202013_00_02_6931.mp4,[880, 741, 1239, 1077]
527WA03916_24_368939_260522085417_00_02_9289.mp4,[224, 175, 472, 398]
527WA03922_255_5367969_260518111604_00_00_3809.mp4,[871, 339, 1856, 823]
527WA03971_02_300579_260522054443_00_02_4460.mp4,[344, 480, 610, 733]
527WA03981_84_2942559_260520051918_00_00_9329.mp4,[1420, 322, 1787, 726]
530VA02268_25_10744619_260520082405_00_02_7949.mp4,[1550, 172, 1860, 561]
530VH01197_191_14285989_260521061649_00_02_5397.mp4,[475, 530, 786, 870]
531W031334_05_489039_260520020746_00_00_3239.mp4,[777, 467, 1217, 870]
531WA03573_153_3929859_260520061329_00_00_2504.mp4,[1485, 193, 1677, 349]
531WA04358_180_76849_260520033750_00_02_9228.mp4,[627, 432, 1068, 793]
531WA04359_181_8329_260520003508_00_00_4610.mp4,[865, 270, 981, 471]
531WA04371_186_895269_260522220455_00_00_6385.mp4,[949, 114, 1143, 294]
531WA04379_56_9830109_260520195815_00_00_5242.mp4,[217, 836, 469, 1074]
531WA04396_57_9142799_260518215356_00_02_9491.mp4,[818, 491, 1129, 757]
531WHL01525_186_7836089_260520125730_00_02_5024.mp4,[1230, 627, 1569, 999]
532R02406_16_11448659_260519220710_00_00_1425.mp4,[0, 246, 666, 955]
532W021066_21_1437019_260518081726_00_00_7974.mp4,[571, 247, 1026, 861]
532W022365_08_1645649_260518175211_00_02_6717.mp4,[486, 186, 754, 456]
532W022375_87_622889_260522075412_00_00_9944.mp4,[1511, 447, 1920, 664]
533W03137_22_5275849_260518224200_00_00_3816.mp4,[1135, 466, 1462, 811]
533W03189_10_11463539_260518192442_00_00_7708.mp4,[1182, 271, 1589, 732]
533W03466_04_11180719_260519033525_00_02_2427.mp4,[210, 634, 423, 852]
533W03535_49_11099699_260518234559_00_00_5048.mp4,[534, 542, 901, 757]
533W05177_29_11852549_260520103940_00_00_5081.mp4,[-1, 312, 510, 961]
534VA01181_00_98089_260522051044_00_00_3704.mp4,[1097, 566, 1387, 1051]
534VA01304_05_5411569_260522041814_00_02_9126.mp4,[1047, 336, 1200, 604]
534VA01344_30_4242649_260520120051_00_00_6830.mp4,[526, 715, 975, 1076]
534VA01410_17_5397449_260522043629_00_02_6755.mp4,[1569, 424, 1854, 823]
535W0252_75_24109_260519024224_00_00_5205.mp4,[1384, 174, 1589, 415]
535W03116_78_798059_260520043552_00_02_9779.mp4,[706, 436, 1005, 683]
535W03184_117_229769_260519160514_00_00_9916.mp4,[1364, 154, 1564, 399]
535W03417_46_97029_260518200437_00_02_8031.mp4,[1356, 496, 1753, 922]
535W03446_02_1429_260518182355_00_00_3101.mp4,[885, 140, 1071, 409]
535W03458_16_201829_260519005507_00_00_3863.mp4,[758, 225, 938, 436]
535W03458_465_4225979_260518094702_00_02_8755.mp4,[1340, 745, 1724, 1067]
535W03473_08_467809_260519131351_00_00_4511.mp4,[1443, 331, 1704, 633]
535W03497_30_114169_260518205202_00_02_6988.mp4,[1200, 698, 1531, 1047]
535WA02464_391_4625559_260520135137_00_00_3646.mp4,[1180, 209, 1485, 759]
536W03164_148_4496379_260523222552_00_02_7284.mp4,[659, 255, 1057, 608]
536W03227_291_8084039_260520053254_00_00_1881.mp4,[1344, 298, 1650, 414]
536W03242_297_7189149_260518121025_00_02_1246.mp4,[655, 1046, 798, 1333]
536W03242_297_7356949_260518195619_00_02_9115.mp4,[452, 1010, 686, 1318]
536W03242_297_7631879_260519083942_00_02_8834.mp4,[582, 1068, 710, 1310]
536W03242_297_7664599_260519101033_00_02_9464.mp4,[631, 1043, 814, 1320]
536W03242_297_7706749_260519120735_00_02_8193.mp4,[507, 971, 712, 1322]
536W03242_297_7765139_260519144942_00_02_4732.mp4,[621, 1019, 818, 1312]
536W03242_297_7774989_260519151703_00_02_7810.mp4,[590, 1107, 807, 1322]
536W03242_297_8645589_260521073422_00_02_9707.mp4,[558, 1058, 740, 1284]
536W03249_45_9607229_260523040129_00_00_8457.mp4,[983, 127, 1345, 469]
536W03269_284_9280089_260522125308_00_00_8121.mp4,[1315, 11, 1567, 475]
536W03411_218_6452979_260523050526_00_00_1707.mp4,[215, 254, 342, 497]
536W03411_218_6454049_260523050825_00_00_6243.mp4,[218, 259, 347, 508]
536W03445_213_198779_260520110715_00_00_5797.mp4,[562, 141, 775, 294]
536W03489_103_7387719_260518212207_00_02_1010.mp4,[1989, 381, 2163, 606]
536W03494_104_8259749_260519223648_00_00_2667.mp4,[502, 550, 736, 707]
536W03502_108_7768859_260519004520_00_00_5083.mp4,[1319, 470, 1561, 783]
536W03502_108_7920019_260519072826_00_00_4537.mp4,[1071, 557, 1347, 908]
536W03557_125_8580879_260520125212_00_00_7107.mp4,[1190, 321, 1631, 615]
536W03699_214_8295999_260520144435_00_00_8958.mp4,[349, 616, 836, 1071]
536W03722_204_10996729_260521232832_00_00_9172.mp4,[242, 724, 505, 1075]
536W05271_147_7200489_260518123958_00_00_3219.mp4,[978, 262, 1231, 564]
536W05275_150_7538449_260518143418_00_00_8263.mp4,[1436, 584, 1680, 804]
536W0581_106_11275979_260522115120_00_02_2966.mp4,[1, 480, 443, 917]
536W0583_107_11010409_260522200505_00_00_9500.mp4,[2, 418, 1016, 846]
536X0134_24_3789719_260522181731_00_00_5465.mp4,[867, 162, 1154, 375]
537W02179_74_88179_260521083544_00_02_1898.mp4,[1082, 208, 1250, 352]
537W02258_279_2198189_260520060409_00_00_7902.mp4,[554, 376, 776, 618]
537W0254_168_914019_260518210422_00_00_2158.mp4,[867, 56, 1085, 222]
537W0254_168_914159_260518210445_00_00_9628.mp4,[856, 58, 1068, 221]
537W03630_65_3415209_260519162313_00_00_8788.mp4,[1184, 424, 1442, 612]
538VA01133_02_3416389_260518144955_00_00_4158.mp4,[100, 810, 342, 1014]
538VA01134_10_3400409_260518140745_00_00_7474.mp4,[185, 151, 437, 278]
538VA01134_10_3532199_260518195912_00_00_1382.mp4,[1147, 164, 1339, 313]
538VA01147_08_3343399_260518113523_00_02_7323.mp4,[1604, 652, 1728, 794]
538VA01157_05_5463209_260522100117_00_00_7515.mp4,[1469, 804, 1665, 1079]
538VA02105_58_5210459_260518204601_00_02_6305.mp4,[527, 463, 710, 604]
538VA0296_00_16140869_260524233523_00_02_7494.mp4,[1352, 81, 1569, 247]
538VA0297_57_6389959_260521011025_00_00_5224.mp4,[619, 18, 841, 211]
539W05475_77_1391199_260522160116_00_00_3722.mp4,[597, 416, 794, 689]
543VA03169_322_746779_260520051932_00_00_9180.mp4,[263, 584, 491, 889]
543VA03169_322_845819_260520095433_00_00_5056.mp4,[533, 649, 803, 939]
543VA03179_413_2023999_260521125027_00_00_4117.mp4,[810, 523, 1413, 1078]
543VA03256_244_2043699_260521134627_00_00_9959.mp4,[113, 685, 382, 1078]
543VA03268_325_1173849_260521010525_00_00_3087.mp4,[1028, 375, 1153, 631]
543VA03324_451_665719_260518215923_00_02_1389.mp4,[278, 223, 607, 542]
543VA03345_261_1789699_260521020259_00_00_7335.mp4,[40, 120, 398, 486]
543VA03353_267_2576569_260522142848_00_00_4042.mp4,[690, 569, 1054, 1058]
543VA03355_268_2257649_260521234257_00_00_6303.mp4,[1510, 275, 1642, 627]
543VA0335_289_455289_260518121647_00_02_4462.mp4,[425, 778, 642, 987]
543VA0335_320_423749_260519142259_00_02_6722.mp4,[511, 791, 627, 969]
543VA03389_332_1415099_260521121524_00_00_4582.mp4,[887, 119, 1119, 256]
543VA03428_142_1411509_260519052034_00_00_2839.mp4,[920, 619, 1414, 1078]
543VA03428_142_2078129_260520121135_00_02_5725.mp4,[1084, 305, 1359, 587]
543VA03449_151_2428149_260521042353_00_00_3629.mp4,[1502, 278, 1650, 482]
543VA03458_162_2643249_260520164108_00_00_4623.mp4,[943, 259, 1501, 931]
543VA03476_407_2553869_260520141259_00_00_8814.mp4,[35, 140, 362, 511]
543VA03534_383_1705349_260520220654_00_00_1636.mp4,[1517, 198, 1706, 417]
543VA03543_386_812659_260519044755_00_00_7585.mp4,[342, 8, 622, 285]
543VA03546_390_2258859_260521234438_00_02_7782.mp4,[264, 130, 414, 265]
551R0107_04_1510219_260518234616_00_02_2726.mp4,[370, 426, 673, 798]
551R0108_00_940649_260521222757_00_00_3925.mp4,[896, 235, 1118, 435]
551W01271_100_206209_260523104430_00_02_7158.mp4,[487, 719, 819, 1077]
551W01271_100_847129_260524151339_00_02_3380.mp4,[491, 763, 778, 1076]
551W03110_36_716489_260523235838_00_02_3284.mp4,[1434, 629, 1776, 1075]
551W03869_51_209369_260523111609_00_00_6334.mp4,[1313, 464, 1613, 597]
551W03887_104_376059_260523190023_00_00_5157.mp4,[558, 739, 823, 858]
551WA01165_15_605509_260522012533_00_00_2918.mp4,[718, 328, 1143, 501]
551WA01327_42_2659689_260519191438_00_02_9432.mp4,[1300, 92, 1626, 366]
551WA01355_13_4719689_260523144752_00_02_9665.mp4,[1267, 133, 1648, 484]
551WA01375_10_605199_260522011952_00_02_2558.mp4,[542, 72, 740, 300]
551WA01414_34_3800659_260521215606_00_00_4495.mp4,[465, 41, 994, 319]
551WA02153_33_2707909_260520022307_00_00_4335.mp4,[1029, 291, 1144, 537]
551WA02313_29_429949_260519204413_00_00_4245.mp4,[439, 9, 623, 304]
552W0365_55_1021429_260520161338_00_02_6381.mp4,[1282, 145, 1921, 726]
552W0368_73_1105659_260519234054_00_02_4842.mp4,[562, 431, 1069, 1011]
552W04323_15_7357939_260521001851_00_00_2597.mp4,[192, 26, 643, 547]
552W04425_50_3458159_260522073302_00_00_5801.mp4,[622, 257, 978, 944]
552W04439_57_3183229_260519155343_00_02_5410.mp4,[775, 547, 1008, 841]
552W04450_98_1185789_260521123947_00_00_7219.mp4,[939, 71, 1127, 342]
552W04473_10_6506689_260519224306_00_02_4135.mp4,[189, 608, 342, 799]
556VA02401_76_2429689_260520162416_00_00_1552.mp4,[260, 466, 1064, 907]
556VA02438_133_178429_260521115627_00_00_1059.mp4,[108, 366, 336, 605]
556VA02866_86_2807329_260521091210_00_00_7593.mp4,[732, 657, 1012, 899]
557VA0277_20_904339_260521200322_00_00_7069.mp4,[371, 428, 731, 614]
557VA0290_18_574479_260521052339_00_00_1632.mp4,[1600, 413, 1717, 606]
558WA021060_48_57819_260520135322_00_00_5982.mp4,[644, 9, 1027, 356]
558WA021113_04_27019_260520153143_00_02_1974.mp4,[757, 548, 1111, 925]
558WA021193_25_41819_260519151345_00_00_6264.mp4,[1034, 40, 1787, 946]
558WA02293_14_23339_260519082103_00_02_9036.mp4,[291, 314, 465, 496]
558WA02395_25_85589_260518081521_00_00_9683.mp4,[1254, 659, 1451, 1027]
558WA02443_15_14809_260519225748_00_00_6300.mp4,[389, 77, 534, 310]
558WA02443_15_14929_260519225808_00_00_3812.mp4,[382, 88, 524, 300]
558WA02453_40_30929_260522054356_00_00_7751.mp4,[974, 503, 1370, 752]
558WA02455_41_15229_260521205703_00_00_3438.mp4,[1179, 450, 1431, 682]
558WA02459_15_5859_260521013328_00_02_4749.mp4,[1241, 490, 1583, 843]
558WA02863_42_16499_260519230411_00_00_7981.mp4,[195, 187, 634, 853]
558WA02864_43_117459_260520124342_00_00_8825.mp4,[1127, 150, 1719, 680]
558WA02864_43_117899_260520124455_00_00_4554.mp4,[1155, 178, 1786, 685]
558WA02864_92_10799_260519192654_00_02_2506.mp4,[1244, 376, 1455, 692]
558WA02866_44_9359_260520194257_00_00_3067.mp4,[0, 94, 391, 679]
558WA02876_42_82669_260521200611_00_02_3703.mp4,[738, 588, 923, 793]
558WA02876_46_9279_260520194245_00_00_7935.mp4,[154, 1, 474, 274]
559VA0228_10_5558629_260521191939_00_00_7611.mp4,[548, 12, 849, 268]
561VA01127_28_356559_260520175906_00_00_2560.mp4,[320, 348, 498, 560]
561VA01131_20_871569_260519165233_00_00_7129.mp4,[1075, 672, 1281, 1073]
561VA0232_24_221829_260520115945_00_00_8360.mp4,[132, 845, 605, 1077]
562VA0234_41_561699_260521041421_00_00_8568.mp4,[1355, 693, 1556, 1055]
563VA06206_60_3690829_260521032943_00_00_4710.mp4,[889, 439, 1258, 791]
563VA06259_22_40662899_260522054356_00_00_7751.mp4,[41, 86, 753, 972]
563VA06264_21_38858269_260518183229_00_00_7474.mp4,[1377, 42, 1865, 281]
570W01124_00_5379409_260519021956_00_00_3828.mp4,[893, 339, 1202, 709]
570W01296_185_78339_260523045439_00_02_4407.mp4,[904, -1, 1180, 305]
570W01322_17_5466599_260519062222_00_00_3439.mp4,[1176, 35, 1694, 745]
570W01467_101_585849_260522042658_00_00_7183.mp4,[502, 412, 1097, 1038]
570W01571_75_635159_260522212311_00_00_1452.mp4,[881, 184, 1121, 404]
570W01610_184_44099_260521032014_00_00_2441.mp4,[673, 427, 1192, 997]
570W01637_57_29409_260521031856_00_00_9392.mp4,[1552, 182, 1832, 504]
571R01114_25_277889_260520110431_00_02_7799.mp4,[961, 248, 1210, 687]
571R01114_25_568509_260521003149_00_02_1137.mp4,[829, 258, 1050, 523]
571R01121_12_34089_260519234711_00_00_5927.mp4,[496, 508, 824, 855]
571R0139_06_1560749_260521000101_00_00_5137.mp4,[9, 107, 429, 579]
571R0139_06_1590449_260521012013_00_00_5724.mp4,[1064, 81, 1923, 1052]
571R0155_17_2053379_260522014207_00_02_2881.mp4,[546, 236, 845, 550]
571R0157_19_720879_260519120225_00_00_6268.mp4,[729, 227, 1449, 1016]
571R03539_117_277319_260520055657_00_00_4674.mp4,[107, 323, 339, 598]
571WA041122_12_792089_260520205118_00_00_2789.mp4,[627, 435, 1005, 741]
571WA041409_33_254839_260519195746_00_00_7906.mp4,[181, 583, 497, 903]
571WA041445_00_672069_260518152541_00_02_1021.mp4,[728, 437, 1203, 1021]
571WB031041_296_2328789_260523041549_00_00_6990.mp4,[111, 575, 490, 884]
571WB031048_303_2840989_260524035944_00_00_1774.mp4,[617, 415, 1150, 819]
571WB031060_315_2192539_260522215720_00_02_1765.mp4,[94, 307, 459, 648]
571WB031060_315_2216159_260522230300_00_02_7842.mp4,[273, 341, 468, 570]
571WB031077_240_5543769_260522010152_00_00_8161.mp4,[1515, 828, 1872, 1076]
571WB031080_243_4755209_260520122511_00_02_8597.mp4,[1420, 835, 1635, 1075]
571WB031082_245_4506039_260520004948_00_00_3566.mp4,[965, 320, 1306, 459]
571WB031095_323_787709_260520044948_00_02_7912.mp4,[893, 623, 1051, 763]
571WB031544_130_4054629_260522202350_00_00_3653.mp4,[1543, 424, 1789, 620]
571WB031572_98_14075079_260518180245_00_02_9643.mp4,[850, 37, 1202, 363]
571WB031717_54_10131599_260522015820_00_00_5232.mp4,[10, 572, 359, 717]
571WB031717_54_10407439_260522211053_00_00_5281.mp4,[914, 107, 1050, 219]
571WB031717_54_10705369_260523175502_00_00_1341.mp4,[881, 113, 1057, 245]
571WB031717_54_9007669_260518194152_00_00_7602.mp4,[689, 329, 1017, 616]
571WB031753_193_2390119_260519225647_00_02_2905.mp4,[1141, 653, 1377, 951]
571WB031886_227_979229_260521052456_00_02_5112.mp4,[1583, 650, 1806, 887]
571WB032218_106_14226859_260520034320_00_02_9036.mp4,[95, 494, 236, 653]
571WB032221_133_15588339_260521132216_00_02_6536.mp4,[825, 250, 998, 513]
571WB032231_135_13601039_260518224227_00_02_6731.mp4,[740, 165, 937, 455]
571WB032236_140_13932019_260519140231_00_02_2992.mp4,[510, 573, 967, 1073]
571WB032237_141_14484529_260520154010_00_02_3990.mp4,[1002, 422, 1145, 679]
571WB032258_359_2931699_260524021937_00_02_4254.mp4,[864, 318, 1018, 469]
571WB032259_107_2835309_260523215919_00_00_6319.mp4,[746, 400, 997, 658]
571WB03228_146_1011469_260520151121_00_00_8034.mp4,[290, 698, 1245, 1075]
571WB032581_133_6227639_260523053219_00_00_3041.mp4,[1488, 485, 1664, 795]
571WB032725_324_8333509_260520232332_00_02_3106.mp4,[883, 191, 1238, 615]
571WB032726_325_6562609_260518220920_00_02_1880.mp4,[1465, 227, 1663, 446]
571WB032726_325_9752669_260522145034_00_02_7856.mp4,[1172, 335, 1589, 686]
571WB03580_218_2361649_260523054931_00_00_4498.mp4,[460, 166, 894, 365]
571WB03674_339_165669_260519000142_00_00_3777.mp4,[419, 232, 657, 361]
571WB03694_390_1217739_260521004910_00_00_8130.mp4,[662, 364, 1223, 811]
571WB03808_211_791739_260520050612_00_02_6278.mp4,[1157, 490, 1367, 844]
571WB03846_436_733959_260522183106_00_02_2541.mp4,[151, 195, 464, 551]
571WF021069_119_1276199_260520204731_00_00_6482.mp4,[252, 312, 606, 1061]
571WF021543_45_8278969_260523211209_00_00_3146.mp4,[659, 313, 835, 546]
571WF021554_65_1861489_260523004853_00_00_9023.mp4,[1100, 204, 1336, 383]
571WF021585_08_6369649_260520055420_00_00_7987.mp4,[1011, 244, 1478, 849]
571WF021629_24_6891519_260521045741_00_02_2728.mp4,[227, 772, 366, 974]
571WF021680_29_950819_260523030829_00_02_1076.mp4,[110, 500, 429, 773]
571WF021684_24_5742629_260519074405_00_00_9642.mp4,[1260, 269, 1512, 651]
571WF021736_228_2214929_260521074324_00_02_8665.mp4,[369, 264, 657, 491]
571WF021745_230_1970839_260519213459_00_02_7835.mp4,[137, 452, 379, 637]
571WF021899_115_4534059_260522203929_00_02_3354.mp4,[476, 691, 763, 1073]
571WF021948_46_7893569_260519042723_00_00_5516.mp4,[165, 531, 784, 1061]
571WF02273_114_3566519_260521000211_00_02_2086.mp4,[191, 448, 727, 995]
571WF02394_132_1838789_260520223214_00_02_5447.mp4,[462, 326, 714, 534]
571WF02394_132_1838889_260520223231_00_02_6215.mp4,[425, 276, 567, 528]
571WF02409_133_479409_260518073614_00_00_8390.mp4,[392, 595, 528, 794]
571WF02489_125_194559_260520062458_00_00_3136.mp4,[186, 234, 406, 418]
571WF0256_34_2297639_260518200149_00_02_6472.mp4,[1623, 470, 1772, 786]
571WF02702_31_3538619_260521044656_00_00_7422.mp4,[730, 372, 1021, 521]
571WF02718_04_5690319_260523052054_00_02_2332.mp4,[865, 520, 1071, 777]
571WF02861_09_4334589_260521023531_00_02_9706.mp4,[853, 383, 1000, 584]
572W05198_107_925809_260520050655_00_00_7116.mp4,[822, 613, 1121, 1036]
572W05199_108_76459_260518134819_00_00_1055.mp4,[1274, 570, 1592, 817]
572W05212_112_1241209_260520194231_00_02_4368.mp4,[1363, 434, 1675, 731]
572W05220_90_3747519_260520210344_00_02_1301.mp4,[242, 261, 668, 725]
572W05226_95_3727039_260520200637_00_02_2919.mp4,[1013, 215, 1213, 448]
572W05275_83_6627619_260521075118_00_02_5708.mp4,[173, 444, 455, 831]
572W05527_98_507019_260518203629_00_00_2664.mp4,[1001, 442, 1481, 936]
572W05527_98_507479_260518203746_00_02_2647.mp4,[1130, 185, 1344, 464]
572W05566_27_4072049_260521113855_00_02_1236.mp4,[981, 116, 1178, 301]
572W05567_28_3786729_260520222223_00_02_8827.mp4,[529, 313, 724, 531]
572W05567_28_3892469_260521031607_00_00_4073.mp4,[539, 439, 734, 655]
572W05568_29_3404249_260520044443_00_00_3981.mp4,[686, 6, 937, 377]
572W05568_29_3447349_260520064433_00_02_8249.mp4,[813, 128, 1116, 344]
572W05569_30_3929109_260521050023_00_00_1004.mp4,[1183, 282, 1409, 575]
572W05569_30_3929389_260521050110_00_00_3354.mp4,[1189, 296, 1432, 565]
572W05571_32_2710109_260518203647_00_00_2313.mp4,[55, 28, 360, 322]
572W05571_32_5340299_260523222656_00_00_2226.mp4,[1608, 162, 1743, 422]
572W05576_37_4502469_260522072559_00_00_7528.mp4,[837, 511, 1261, 1072]
572W05580_41_4330709_260521232924_00_02_7079.mp4,[923, 594, 1173, 905]
572W05651_18_2758639_260518225114_00_00_8214.mp4,[1392, 233, 1590, 491]
572W05651_18_4320189_260521231204_00_00_9205.mp4,[1527, 367, 1818, 681]
572W05652_19_2738839_260518215135_00_02_9903.mp4,[950, 303, 1148, 755]
572W05652_19_2741199_260518215809_00_02_5107.mp4,[1601, 475, 1840, 722]
572W05653_20_3416179_260520051638_00_00_2448.mp4,[743, 321, 978, 492]
572W05653_20_3416409_260520051716_00_02_7632.mp4,[710, 194, 834, 355]
572W05654_21_2755139_260518223820_00_00_9335.mp4,[725, 0, 1059, 295]
572W05655_22_3891139_260521031220_00_02_2117.mp4,[712, 849, 954, 1070]
572W05655_22_3925729_260521044825_00_00_3926.mp4,[1148, 318, 1385, 711]
572W05655_22_4313339_260521224519_00_00_1142.mp4,[1099, 86, 1275, 367]
572W05659_26_2747139_260518221541_00_02_3927.mp4,[1057, 316, 1222, 578]
572W05659_26_4302989_260521221920_00_02_1370.mp4,[1051, 282, 1181, 451]
572W05681_11_3413919_260520045559_00_02_4545.mp4,[189, 443, 385, 696]
574R0103_01_108079_260523094636_00_00_8308.mp4,[282, 217, 449, 560]
574R0103_01_121129_260521102315_00_00_1264.mp4,[508, 121, 727, 255]
574R0103_01_169659_260521123803_00_00_1265.mp4,[280, 287, 422, 516]
574R0103_01_17189_260524053612_00_02_6597.mp4,[0, 291, 277, 759]
574R0103_01_189769_260520133650_00_00_5927.mp4,[327, 161, 529, 475]
574R0103_01_201139_260521140530_00_00_2767.mp4,[399, 123, 556, 325]
574R0103_01_209819_260521142937_00_00_3167.mp4,[462, 132, 632, 349]
574R0103_01_80789_260520083406_00_00_6712.mp4,[445, 122, 644, 349]
574R0103_01_96809_260523091517_00_00_6456.mp4,[242, 288, 489, 570]
574R0106_03_292549_260520182220_00_00_9668.mp4,[109, 354, 402, 581]
574R0107_05_123749_260523103448_00_00_1901.mp4,[601, 518, 728, 671]
574R0107_05_123789_260523103454_00_00_9634.mp4,[614, 517, 773, 645]
574R0107_05_124029_260523103534_00_00_5654.mp4,[545, 501, 663, 661]
574R0107_05_124089_260523103544_00_00_6228.mp4,[553, 499, 671, 680]
574R0107_05_124229_260523103608_00_00_6001.mp4,[597, 516, 770, 632]
574R0107_05_124279_260523103616_00_00_8992.mp4,[544, 512, 660, 680]
574R0107_05_124599_260523103709_00_00_1179.mp4,[537, 511, 661, 670]
574R0107_05_126029_260523104108_00_00_9271.mp4,[615, 504, 752, 663]
574R0107_05_126229_260523104141_00_00_1646.mp4,[615, 516, 744, 642]
574R0107_05_126349_260523104201_00_00_9536.mp4,[543, 488, 679, 651]
574R0107_05_126449_260523104218_00_00_9649.mp4,[607, 496, 732, 664]
574R0107_05_126519_260523104229_00_00_5443.mp4,[565, 508, 719, 673]
574R0107_05_126679_260523104256_00_00_2885.mp4,[536, 499, 666, 671]
574R0107_05_128419_260523104746_00_00_4947.mp4,[597, 535, 743, 689]
574R0107_05_128459_260523104753_00_00_1235.mp4,[543, 509, 738, 669]
574R0107_05_128829_260523104854_00_00_7074.mp4,[593, 508, 706, 644]
574R0107_05_168469_260524123626_00_00_7811.mp4,[394, 477, 533, 590]
574R0144_04_1197109_260518121115_00_02_3435.mp4,[365, 447, 936, 924]
574R0144_04_264669_260519170150_00_02_9728.mp4,[990, 181, 1169, 450]
574R0151_12_1222709_260518132225_00_00_9356.mp4,[501, 2, 785, 224]
574R0151_12_1224959_260518132840_00_00_3330.mp4,[620, 2, 852, 221]
574R0151_12_1225009_260518132849_00_00_3953.mp4,[617, 2, 780, 227]
574R0151_12_1225279_260518132933_00_00_1132.mp4,[641, 0, 812, 220]
574R0151_12_13689_260523052430_00_00_4589.mp4,[476, 69, 842, 245]
574R0151_12_165089_260519122516_00_00_6282.mp4,[448, 75, 685, 365]
574R0151_12_165119_260519122521_00_00_6649.mp4,[428, 78, 672, 377]
574R0151_12_202839_260519141008_00_00_4564.mp4,[426, 51, 762, 228]
574R0151_12_203509_260519141159_00_00_7345.mp4,[608, 1, 872, 217]
574R0151_12_204379_260521141437_00_00_1646.mp4,[538, 4, 802, 225]
574R0151_12_204639_260521141521_00_00_8799.mp4,[575, 1, 807, 221]
574R0151_12_205439_260521141734_00_00_7892.mp4,[597, 23, 822, 219]
574R0151_12_207729_260521142356_00_00_2448.mp4,[553, 8, 790, 217]
574R0151_12_210359_260521143114_00_00_2239.mp4,[539, 3, 865, 223]
574R0151_12_211769_260521143509_00_00_2165.mp4,[425, 18, 783, 220]
574R0151_12_213259_260521143917_00_00_8650.mp4,[616, 2, 933, 250]
574R0151_12_213649_260521144022_00_00_7615.mp4,[480, 17, 793, 230]
574R0151_12_213679_260521144027_00_00_1942.mp4,[499, 31, 808, 221]
574R0151_12_213709_260521144032_00_00_3065.mp4,[497, 17, 810, 217]
574R0151_12_213909_260521144106_00_00_5024.mp4,[557, 28, 868, 224]
574R0151_12_215049_260521144416_00_00_6613.mp4,[452, 63, 775, 225]
574R0151_12_215119_260521144427_00_00_7738.mp4,[473, 63, 762, 220]
574R0151_12_215149_260521144432_00_00_2351.mp4,[463, 44, 800, 231]
574R0151_12_215189_260521144439_00_00_5387.mp4,[478, 12, 794, 228]
574R0151_12_215599_260521144547_00_00_4735.mp4,[662, 0, 984, 240]
574R0151_12_6509_260521050459_00_00_7369.mp4,[198, 106, 1383, 626]
574R0151_12_6879_260521050600_00_00_2085.mp4,[162, 58, 1445, 720]
574R0151_12_697349_260522130400_00_00_4028.mp4,[615, 1, 904, 239]
574R0151_12_698239_260522130628_00_00_3557.mp4,[518, 33, 885, 240]
574R0151_12_700189_260522131153_00_00_9691.mp4,[503, 11, 778, 226]
574R0151_12_76209_260521081835_00_00_2524.mp4,[589, 12, 850, 240]
574R0153_26_1191879_260518115953_00_00_2040.mp4,[576, 223, 788, 615]
574R0153_26_123709_260523103201_00_00_9775.mp4,[671, 80, 791, 236]
574R0153_26_123809_260523103218_00_00_5473.mp4,[658, 81, 822, 244]
574R0153_26_1268329_260518153224_00_00_6580.mp4,[566, 171, 1094, 690]
574R0153_26_148319_260521114055_00_00_8068.mp4,[989, 277, 1400, 480]
574R0153_26_164399_260523122508_00_00_4613.mp4,[730, 107, 1101, 467]
574R0153_26_165019_260523122651_00_00_1043.mp4,[604, 113, 1115, 449]
574R0153_26_165099_260523122704_00_00_4625.mp4,[675, 103, 1157, 439]
574R0153_26_166489_260521123126_00_00_6722.mp4,[706, 336, 1299, 896]
574R0153_26_166649_260521123152_00_00_6935.mp4,[911, 126, 1222, 401]
574R0153_26_167799_260523123435_00_00_1163.mp4,[700, 129, 1122, 455]
574R0153_26_167929_260523123456_00_00_5643.mp4,[652, 162, 1131, 475]
574R0153_26_167999_260523123508_00_00_8705.mp4,[649, 173, 1075, 454]
574R0153_26_173419_260520125023_00_02_8529.mp4,[838, 342, 989, 623]
574R0153_26_182559_260520131548_00_00_5407.mp4,[717, 116, 1093, 408]
574R0153_26_183899_260524132128_00_00_6020.mp4,[780, 90, 1198, 462]
574R0153_26_183919_260520131935_00_00_3580.mp4,[878, 107, 1220, 489]
574R0153_26_184099_260524132201_00_00_5585.mp4,[851, 129, 1168, 473]
574R0153_26_186889_260524132947_00_00_8702.mp4,[921, 86, 1301, 500]
574R0153_26_187179_260524133035_00_00_3990.mp4,[719, 135, 1134, 448]
574R0153_26_187289_260524133054_00_00_7698.mp4,[753, 78, 1154, 460]
574R0153_26_234599_260523154016_00_00_7406.mp4,[659, 295, 1217, 862]
574R0153_26_236779_260520154631_00_02_9659.mp4,[626, 257, 837, 510]
574R0153_26_256349_260523164044_00_00_7211.mp4,[1179, 179, 1511, 483]
574R0153_26_268649_260521171524_00_00_8193.mp4,[923, 187, 1510, 489]
574R0157_14_447739_260521013023_00_00_9121.mp4,[458, 440, 672, 631]
574R0162_33_321209_260520193910_00_02_9907.mp4,[734, 228, 1093, 752]
574R0166_18_199659_260520140123_00_02_8700.mp4,[305, 191, 446, 358]
574R0168_20_108519_260519094815_00_02_7051.mp4,[0, 533, 256, 799]
574W01244_136_122339_260519201341_00_00_2636.mp4,[878, 86, 1173, 561]
574W01730_126_2145179_260522130511_00_00_3079.mp4,[425, 416, 618, 636]
574W03129_48_2581409_260520050048_00_00_2198.mp4,[602, 323, 931, 453]
574W03146_52_2410939_260520034820_00_00_7407.mp4,[544, 2, 818, 261]
574W03159_61_2067919_260519045942_00_00_3573.mp4,[356, 230, 652, 345]
574WA04232_163_270089_260518175111_00_02_3949.mp4,[216, 410, 445, 710]
574WA04232_163_284159_260518181439_00_02_4280.mp4,[45, 494, 363, 887]
574WA04237_53_722499_260520122657_00_02_9428.mp4,[960, 0, 1280, 406]
574WA04459_75_61229_260519023302_00_02_1013.mp4,[1025, 563, 1190, 716]
574WA04470_100_1445429_260523035424_00_00_1190.mp4,[81, 384, 390, 553]
574WA04470_100_641289_260521142811_00_02_8252.mp4,[214, 310, 553, 716]
574WA04510_59_531419_260520033322_00_02_5969.mp4,[828, 408, 982, 534]
574WA04535_14_842079_260520180055_00_02_6646.mp4,[308, 253, 456, 383]
574WA04543_22_1519039_260522012032_00_02_4873.mp4,[466, 3, 719, 341]
574WA04552_35_1454629_260522050149_00_00_7044.mp4,[366, 340, 1078, 696]
574WA04555_38_908029_260521034405_00_00_9190.mp4,[524, 4, 1017, 421]
574WA05120_100_23189_260519012001_00_02_8967.mp4,[849, 503, 1065, 717]
574WA05120_100_24229_260519012155_00_02_1444.mp4,[846, 463, 1041, 716]
574WA05120_100_25899_260519012458_00_02_9604.mp4,[839, 481, 1040, 716]
574WA05120_100_29049_260519013039_00_02_5396.mp4,[853, 425, 1095, 716]
574WA05120_100_32479_260519013629_00_02_5421.mp4,[841, 472, 1087, 716]
574WA05120_100_35559_260519014143_00_02_8106.mp4,[847, 421, 1096, 715]
574WA05120_100_42969_260519015415_00_02_4666.mp4,[831, 440, 1135, 717]
574WA05120_100_46239_260519015944_00_02_7577.mp4,[854, 479, 1076, 717]
574WA05120_100_48839_260519020413_00_02_7148.mp4,[854, 488, 1093, 717]
574WA05120_100_53089_260519021142_00_02_1778.mp4,[866, 528, 1067, 718]
574WA05120_100_62609_260519022743_00_02_6974.mp4,[849, 515, 1043, 718]
574WA05120_100_64439_260519023048_00_02_4630.mp4,[854, 473, 1114, 717]
574WA05120_100_64829_260519023127_00_02_6648.mp4,[853, 495, 1095, 717]
574WA05120_100_71949_260519024326_00_02_9039.mp4,[867, 489, 1104, 717]
574WA05120_100_77309_260519025238_00_02_6624.mp4,[853, 509, 1091, 717]
574WA05120_97_102609_260519055632_00_02_2123.mp4,[866, 543, 1064, 718]
574WA05120_97_1171139_260523020224_00_02_9849.mp4,[865, 492, 1102, 716]
574WA05120_97_1176159_260523021048_00_02_7376.mp4,[865, 481, 1098, 717]
574WA05120_97_1176219_260523021054_00_02_4216.mp4,[847, 489, 1089, 717]
574WA05120_97_1177179_260523021230_00_02_2609.mp4,[862, 517, 1071, 718]
574WA05120_97_1178749_260523021509_00_02_5917.mp4,[806, 449, 1102, 718]
574WA05120_97_1188109_260523023050_00_02_2959.mp4,[872, 513, 1108, 718]
574WA05120_97_1193769_260523024041_00_02_9515.mp4,[865, 468, 1075, 717]
574WA05120_97_1215929_260523031954_00_02_9547.mp4,[853, 473, 1081, 718]
574WA05120_97_1220269_260523032723_00_02_4599.mp4,[872, 512, 1040, 716]
574WA05120_97_1220769_260523032813_00_02_7402.mp4,[887, 489, 1082, 717]
574WA05120_97_1221069_260523032841_00_02_7586.mp4,[879, 479, 1093, 718]
574WA05120_97_1222449_260523033103_00_02_8082.mp4,[837, 393, 1111, 715]
574WA05120_97_1223929_260523033339_00_02_1028.mp4,[865, 484, 1083, 717]
574WA05120_97_1232019_260523034721_00_02_3845.mp4,[856, 466, 1072, 718]
574WA05120_97_1235409_260523035303_00_02_5869.mp4,[882, 504, 1103, 717]
574WA05120_97_1339969_260521013622_00_02_5953.mp4,[853, 473, 1086, 717]
574WA05120_97_1344719_260521014435_00_02_4190.mp4,[853, 497, 1054, 717]
574WA05120_97_1352819_260521015809_00_02_9422.mp4,[872, 487, 1081, 717]
574WA05120_97_1353219_260521015850_00_02_4822.mp4,[830, 468, 1063, 716]
574WA05120_97_1355759_260521020307_00_02_3528.mp4,[859, 473, 1047, 718]
574WA05120_97_1358439_260521020737_00_02_4680.mp4,[859, 507, 1080, 716]
574WA05120_97_1361439_260521021323_00_02_1948.mp4,[862, 433, 1108, 716]
574WA05120_97_1361899_260521021410_00_02_8889.mp4,[855, 490, 1096, 717]
574WA05120_97_1377479_260521024048_00_02_1964.mp4,[850, 507, 1077, 717]
574WA05120_97_1377749_260521024117_00_02_6298.mp4,[851, 531, 1033, 717]
574WA05120_97_1380849_260521024632_00_02_9703.mp4,[847, 449, 1108, 717]
574WA05120_97_1381599_260521024750_00_02_6952.mp4,[845, 482, 1054, 718]
574WA05120_97_1390909_260521030433_00_02_1340.mp4,[844, 502, 1088, 716]
574WA05120_97_1394699_260521031119_00_02_7105.mp4,[852, 470, 1056, 717]
574WA05120_97_1395159_260521031204_00_02_6480.mp4,[871, 488, 1067, 717]
574WA05120_97_1400339_260521032127_00_02_6647.mp4,[859, 476, 1107, 717]
574WA05120_97_1405509_260521033130_00_02_4493.mp4,[846, 490, 1077, 717]
574WA05120_97_1409329_260521033842_00_02_1120.mp4,[837, 432, 1079, 716]
574WA05120_97_1418889_260521035800_00_02_7396.mp4,[859, 488, 1086, 716]
574WA05120_97_1428499_260521041717_00_02_3972.mp4,[861, 499, 1095, 717]
574WA05120_97_1430579_260521042106_00_02_9389.mp4,[855, 490, 1092, 717]
574WA05120_97_1436049_260521043054_00_02_2137.mp4,[844, 439, 1123, 716]
574WA05120_97_1438949_260521043548_00_02_4347.mp4,[861, 444, 1107, 716]
574WA05120_97_1438989_260521043553_00_02_6586.mp4,[795, 361, 1080, 716]
574WA05120_97_1440849_260521043907_00_02_9656.mp4,[889, 497, 1106, 716]
574WA05120_97_1444639_260521044656_00_02_1996.mp4,[847, 428, 1108, 715]
574WA05120_97_1452759_260521050238_00_02_6033.mp4,[871, 554, 1068, 717]
574WA05120_97_16319_260519032703_00_02_8317.mp4,[871, 493, 1055, 716]
574WA05120_97_18579_260519033051_00_02_9343.mp4,[863, 483, 1097, 718]
574WA05120_97_22399_260519033721_00_02_2252.mp4,[838, 532, 1043, 718]
574WA05120_97_23159_260519033840_00_02_2002.mp4,[829, 471, 1094, 717]
574WA05120_97_28459_260519034741_00_02_2670.mp4,[858, 523, 1042, 718]
574WA05120_97_28989_260519034835_00_02_6936.mp4,[873, 499, 1060, 716]
574WA05120_97_43589_260519041345_00_02_7253.mp4,[850, 523, 1030, 717]
574WA05120_97_43659_260519041352_00_02_7331.mp4,[846, 464, 1048, 717]
574WA05120_97_491099_260522013413_00_02_1547.mp4,[851, 504, 1038, 717]
574WA05120_97_494779_260522014033_00_02_3461.mp4,[859, 453, 1129, 716]
574WA05120_97_49779_260519042406_00_02_4365.mp4,[854, 506, 1071, 717]
574WA05120_97_502059_260522015252_00_02_8686.mp4,[839, 407, 1073, 716]
574WA05120_97_515369_260522021539_00_02_5339.mp4,[859, 469, 1114, 718]
574WA05120_97_5189_260519030756_00_02_6190.mp4,[862, 473, 1084, 717]
574WA05120_97_521569_260522022717_00_02_8034.mp4,[865, 482, 1055, 718]
574WA05120_97_522409_260522022853_00_02_1357.mp4,[861, 470, 1094, 717]
574WA05120_97_525779_260522023453_00_02_7146.mp4,[883, 484, 1089, 718]
574WA05120_97_526899_260522023706_00_02_7115.mp4,[864, 457, 1085, 716]
574WA05120_97_527719_260522023835_00_02_1985.mp4,[848, 512, 1067, 717]
574WA05120_97_53819_260519043052_00_02_4236.mp4,[852, 536, 1055, 718]
574WA05120_97_543989_260522030920_00_02_9854.mp4,[863, 518, 1083, 717]
574WA05120_97_544249_260522030951_00_02_2184.mp4,[878, 522, 1052, 717]
574WA05120_97_548739_260522031830_00_02_9811.mp4,[851, 518, 1030, 718]
574WA05120_97_561519_260522034312_00_02_5716.mp4,[839, 395, 1097, 716]
574WA05120_97_563819_260522034732_00_02_3640.mp4,[867, 530, 1053, 718]
574WA05120_97_565559_260522035112_00_02_1701.mp4,[853, 441, 1099, 717]
574WA05120_97_566619_260522035332_00_02_9986.mp4,[863, 486, 1062, 716]
574WA05120_97_568409_260522035745_00_02_3954.mp4,[860, 499, 1099, 717]
574WA05120_97_574389_260522041017_00_02_2367.mp4,[848, 460, 1076, 717]
574WA05120_97_57619_260519043720_00_02_6896.mp4,[868, 483, 1056, 716]
574WA05120_97_597139_260522051054_00_02_2366.mp4,[855, 507, 1075, 717]
574WA05120_97_598179_260522051439_00_02_9097.mp4,[868, 513, 1046, 717]
574WA05120_97_602949_260522052925_00_02_1361.mp4,[867, 503, 1038, 717]
574WA05120_97_615719_260522060634_00_02_3660.mp4,[855, 450, 1097, 716]
574WA05120_97_61969_260519044437_00_02_8098.mp4,[865, 506, 1101, 717]
574WA05120_97_62169_260519044458_00_02_2534.mp4,[859, 467, 1066, 717]
574WA05120_97_667889_260520015426_00_02_1661.mp4,[848, 445, 1073, 716]
574WA05120_97_672809_260520020249_00_02_4996.mp4,[889, 505, 1044, 717]
574WA05120_97_675759_260520020801_00_02_9504.mp4,[875, 481, 1056, 718]
574WA05120_97_681439_260520021739_00_02_5287.mp4,[848, 517, 1033, 717]
574WA05120_97_68349_260519045530_00_02_8980.mp4,[849, 515, 1030, 716]
574WA05120_97_683549_260520022116_00_02_6471.mp4,[884, 479, 1094, 718]
574WA05120_97_68439_260519045539_00_02_8925.mp4,[851, 485, 1059, 717]
574WA05120_97_690379_260520023339_00_02_4744.mp4,[871, 452, 1074, 716]
574WA05120_97_691109_260520023533_00_02_4751.mp4,[858, 519, 1023, 716]
574WA05120_97_692819_260520023824_00_02_6558.mp4,[855, 470, 1057, 718]
574WA05120_97_696109_260520024446_00_02_2996.mp4,[860, 461, 1125, 717]
574WA05120_97_696699_260520024545_00_02_5930.mp4,[855, 467, 1068, 717]
574WA05120_97_6969_260519031056_00_02_4539.mp4,[851, 478, 1058, 717]
574WA05120_97_702209_260520025556_00_02_2579.mp4,[885, 469, 1110, 717]
574WA05120_97_722669_260520033500_00_02_5383.mp4,[924, 502, 1089, 718]
574WA05120_97_728389_260520034451_00_02_1361.mp4,[856, 526, 1093, 718]
574WA05120_97_737889_260520040126_00_02_4611.mp4,[844, 408, 1079, 718]
574WA05120_97_742649_260520040951_00_02_2026.mp4,[837, 411, 1093, 716]
574WA05120_97_747319_260520041847_00_02_3557.mp4,[802, 500, 1051, 717]
574WA05120_97_748599_260520042109_00_02_3357.mp4,[851, 493, 1064, 717]
574WA05120_97_75629_260519050747_00_02_5002.mp4,[858, 499, 1104, 716]
574WA05120_97_762499_260520044500_00_02_9723.mp4,[875, 508, 1042, 718]
574WA05120_97_781159_260520051704_00_02_6061.mp4,[855, 456, 1094, 716]
574WA05120_97_78139_260519051159_00_02_5368.mp4,[873, 458, 1074, 717]
574WA05120_97_782909_260520052004_00_02_9293.mp4,[865, 459, 1106, 717]
574WA05120_97_793109_260520053727_00_02_8413.mp4,[870, 489, 1057, 717]
574WA05120_97_87129_260519052724_00_02_3343.mp4,[877, 547, 1033, 718]
574WA05120_97_88209_260519052912_00_02_3205.mp4,[861, 494, 1054, 716]
574WA05120_97_94929_260519054138_00_02_7258.mp4,[854, 521, 1022, 716]
574WA05137_114_236169_260518211208_00_02_9640.mp4,[334, 456, 484, 648]
574WA0533_71_91149_260519071502_00_00_7880.mp4,[1406, 241, 1586, 496]
574WA05349_39_94979_260519065812_00_02_3324.mp4,[1095, 162, 1242, 581]
574WA05379_35_2616519_260523231652_00_02_3492.mp4,[333, 167, 489, 344]
574WA05382_38_4130569_260523214653_00_02_1628.mp4,[560, 413, 867, 712]
574WA05391_42_865109_260520173324_00_02_8344.mp4,[483, 367, 619, 724]
574WA05409_45_2041399_260522215702_00_00_3905.mp4,[248, 677, 560, 1073]
574WA05409_94_169079_260518175527_00_00_8748.mp4,[248, 546, 811, 1065]
574WA05462_76_256689_260518221735_00_00_6212.mp4,[1200, 143, 1569, 515]
574WA05477_53_292239_260519230656_00_02_1679.mp4,[1216, 659, 1576, 1021]
574WA05486_22_411349_260518211917_00_00_5476.mp4,[233, 477, 938, 1074]
574WA0596_31_1056719_260521035835_00_00_1002.mp4,[182, 359, 388, 540]
574WA0598_33_32299_260519043056_00_00_5162.mp4,[855, 392, 1429, 684]
574WV01501_106_207739_260520174850_00_02_4953.mp4,[1183, 427, 1478, 772]
574WV01570_45_589039_260520061033_00_00_4857.mp4,[792, 130, 926, 246]
574WV01572_47_1530939_260522015541_00_00_8371.mp4,[59, 237, 433, 564]
574WV01582_56_1622169_260522060924_00_00_1190.mp4,[141, 406, 379, 710]
575W061171_34_2838879_260519135321_00_02_8336.mp4,[1135, 28, 1334, 206]
575W061283_165_5888469_260519165232_00_02_7305.mp4,[1193, 504, 1535, 878]
575W061289_116_24400699_260520235904_00_02_3079.mp4,[47, 269, 556, 768]
575W061303_122_25247669_260521233037_00_00_9009.mp4,[1611, 417, 1818, 661]
575W061374_02_1480659_260519032910_00_00_6467.mp4,[1011, 574, 1193, 826]
575W061383_07_2595789_260519070749_00_02_6087.mp4,[644, 2, 862, 214]
575W061387_59_22747099_260519020133_00_02_9251.mp4,[488, 510, 870, 940]
575W061454_132_24949649_260521151436_00_00_2981.mp4,[1119, 225, 1396, 522]
575W061463_126_14121379_260519232635_00_00_2797.mp4,[620, 335, 898, 593]
575W061464_125_14627449_260520225254_00_00_1769.mp4,[924, 247, 1086, 553]
575W061464_125_16172929_260523222555_00_00_7998.mp4,[828, 252, 1112, 576]
575W06146_20_1482689_260519040609_00_00_3774.mp4,[341, 423, 515, 590]
575W06292_04_844119_260522002924_00_02_2619.mp4,[806, 619, 1026, 1006]
575W06413_27_1595909_260519221631_00_00_9748.mp4,[806, 390, 1027, 640]
575W06414_33_405829_260521041227_00_02_4223.mp4,[884, 309, 1148, 534]
575W0693_38_1344729_260523012334_00_00_9821.mp4,[1588, 536, 1842, 727]
576W01540_144_63239_260520071031_00_02_4786.mp4,[781, 512, 1273, 1047]
576W01629_63_2635599_260519175629_00_00_2372.mp4,[1505, 613, 1656, 885]
576W01673_01_5246969_260520175809_00_00_2452.mp4,[1487, 292, 1617, 486]
576W02113_146_544819_260520095802_00_00_1905.mp4,[114, 643, 275, 862]
576W02124_08_429169_260522113602_00_00_9238.mp4,[495, 345, 896, 596]
576W02124_152_211729_260519183213_00_00_7848.mp4,[523, 207, 803, 487]
576W0219_293_34879_260520055515_00_00_6571.mp4,[1, 186, 261, 332]
576W0260_129_566909_260520110004_00_02_3342.mp4,[1, 65, 739, 745]
576W0309_98_1917739_260520205730_00_00_9507.mp4,[1548, 256, 1799, 595]
576W0309_98_961689_260519030554_00_00_4227.mp4,[782, 31, 1327, 445]
576W0311_123_958589_260521033920_00_02_5283.mp4,[379, 6, 722, 349]
576W0311_27_245509_260522025146_00_02_7827.mp4,[440, 2, 692, 246]
576W0342_08_1000189_260523141041_00_02_2837.mp4,[1434, 299, 1659, 475]
576W0342_08_486229_260522141809_00_02_3140.mp4,[1348, 219, 1727, 509]
576WG0330_149_66999_260521115404_00_02_4184.mp4,[1652, 308, 1804, 487]
577R01151_129_13362749_260520025215_00_02_6074.mp4,[1113, 300, 1372, 627]
577R01152_130_14332119_260521234747_00_00_6771.mp4,[877, 301, 1122, 453]
577R01153_131_12746869_260518222024_00_02_8255.mp4,[120, 459, 356, 703]
577R01153_131_13742029_260520202643_00_02_7172.mp4,[219, 352, 357, 613]
577WD02365_315_2160009_260522203008_00_00_9883.mp4,[123, 36, 287, 471]
577WD02447_04_15126419_260521215606_00_00_9323.mp4,[612, 367, 731, 520]
577WD02518_302_69069_260518210419_00_02_7734.mp4,[802, 87, 1061, 353]
577WD02541_310_481319_260519161027_00_02_2930.mp4,[537, 272, 764, 464]
577WD02550_39_1172359_260518134839_00_02_2956.mp4,[707, 169, 970, 440]
577WD02550_39_1174489_260518135436_00_00_4226.mp4,[817, 134, 1079, 483]
577WD02612_300_6702429_260520160346_00_02_8984.mp4,[257, 103, 423, 381]
577WD02635_32_2409819_260520230532_00_00_1937.mp4,[827, 226, 1161, 635]
577WD02635_32_2443429_260521003918_00_00_4622.mp4,[879, 44, 1124, 349]
577WD02636_165_7220019_260521160104_00_02_4331.mp4,[670, 317, 1019, 708]
577WD02636_165_7309089_260521200820_00_00_7016.mp4,[1376, 220, 1699, 607]
577WD03101_277_11586269_260520034305_00_00_4286.mp4,[674, 30, 962, 517]
577WD03147_188_5008399_260519232508_00_02_9950.mp4,[518, 12, 925, 323]
577WD03147_188_5424529_260520184221_00_00_2521.mp4,[27, 413, 332, 935]
577WD03151_291_6494769_260522195343_00_00_1439.mp4,[1009, 422, 1150, 721]
577WD03159_297_5044119_260520003938_00_00_6342.mp4,[720, 45, 873, 309]
577WD03218_242_8270029_260523170353_00_00_4311.mp4,[887, 166, 1339, 444]
577WD03251_101_2155949_260522004457_00_02_3724.mp4,[1154, 565, 1370, 822]
577WD0399_38_2902219_260521214539_00_02_1292.mp4,[248, 721, 395, 957]
578W02134_66_321679_260519182133_00_00_2890.mp4,[627, 499, 903, 745]
578W02138_00_202529_260523133914_00_02_3514.mp4,[505, 0, 837, 348]
579W01104_123_1180199_260520002616_00_02_4412.mp4,[634, 234, 901, 490]
579W01418_98_7507289_260522054055_00_00_6614.mp4,[756, 519, 1090, 758]
579W0199_120_620299_260518223151_00_00_4729.mp4,[462, 84, 747, 207]
579W02291_83_469249_260523004142_00_00_8552.mp4,[1051, 858, 1486, 1075]
579W02293_84_570319_260523051118_00_00_4136.mp4,[1023, 701, 1383, 915]
579W02307_95_491739_260523014152_00_00_1480.mp4,[759, 523, 883, 727]
579W02311_98_87779_260522075348_00_00_7323.mp4,[1109, 266, 1527, 747]
579W02333_34_15394359_260522091240_00_00_5297.mp4,[826, 246, 1087, 486]
579W02459_44_13439_260521070305_00_02_6452.mp4,[561, 181, 809, 516]
579W02461_43_1466009_260518073113_00_02_2990.mp4,[941, 27, 1452, 567]
579W02461_43_2245849_260519191140_00_02_6593.mp4,[116, 126, 343, 376]
579W02461_43_2533869_260520082200_00_02_3471.mp4,[155, 497, 370, 711]
579W02461_43_2570619_260520100308_00_02_6333.mp4,[1206, 1, 1401, 426]
579W02461_43_73139_260523082937_00_02_2835.mp4,[789, 1, 1061, 251]
579W02545_144_5419229_260519044609_00_00_4830.mp4,[536, 273, 939, 541]
579W0340_152_1727829_260522022534_00_00_9971.mp4,[562, 202, 718, 392]
579W0340_152_878269_260520110705_00_02_4460.mp4,[72, 435, 187, 593]
579WA0103_159_127689_260520033502_00_00_2629.mp4,[457, 105, 651, 386]
579WA0103_159_630099_260521025047_00_00_6731.mp4,[581, 51, 727, 314]
579WA0103_159_641249_260521032144_00_00_1100.mp4,[509, 55, 684, 286]
579WA0107_107_6739079_260522023814_00_02_6232.mp4,[1254, 264, 1693, 728]
579WA01100_149_6257989_260522015154_00_00_7850.mp4,[885, 412, 1195, 604]
579WA01101_150_7143719_260523184918_00_00_9895.mp4,[1242, 481, 1518, 764]
579WA01110_203_3394259_260520061415_00_00_2886.mp4,[1465, 223, 1862, 508]
579WA01112_129_3305919_260520021657_00_02_2841.mp4,[1237, 34, 1482, 318]
579WA01114_131_2728199_260518232621_00_00_2556.mp4,[1424, 398, 1680, 539]
579WA01120_135_3405749_260520064635_00_00_8214.mp4,[1115, 300, 1508, 586]
579WA01120_135_4067669_260521132523_00_02_4637.mp4,[708, 664, 1150, 1073]
579WA01124_138_2989149_260519061225_00_00_6596.mp4,[759, 167, 990, 448]
579WA01143_175_5217389_260519041318_00_02_9406.mp4,[1002, 355, 1273, 581]
579WA0119_167_1815739_260519142539_00_00_4455.mp4,[843, 10, 1921, 1027]
579WA0119_167_1957079_260519205817_00_00_4375.mp4,[863, -10, 1842, 1079]
579WA01235_171_617239_260522141459_00_02_1112.mp4,[834, 586, 1306, 1042]
579WA0138_92_5056229_260518205044_00_02_1503.mp4,[732, 524, 979, 808]
579WA0140_102_5717359_260520031805_00_02_5327.mp4,[103, 404, 316, 703]
579WA01442_26_10048939_260519204105_00_02_1918.mp4,[1336, 41, 1560, 252]
579WA01442_26_11094789_260521210627_00_02_1811.mp4,[490, 5, 723, 252]
579WA01445_27_10094219_260519224629_00_02_3680.mp4,[848, 6, 1084, 281]
579WA01460_31_11542379_260522174820_00_02_6745.mp4,[1127, 1, 1511, 282]
579WA01462_32_10621609_260520231219_00_02_7618.mp4,[558, 410, 882, 770]
579WA01482_185_334159_260523180135_00_02_1583.mp4,[1432, 219, 1686, 506]
579WA01484_246_303679_260523042437_00_00_3940.mp4,[1011, 76, 1403, 278]
579WA01507_73_15084859_260520145319_00_00_7554.mp4,[203, 436, 610, 933]
579WA0154_169_3379009_260523143950_00_02_7030.mp4,[787, 0, 1134, 488]
579WA01563_17_5978899_260520042655_00_02_3838.mp4,[801, 337, 1170, 645]
579WA01576_122_5040119_260520201027_00_00_6244.mp4,[826, 59, 1005, 215]
579WA01601_251_1527049_260524004443_00_02_5293.mp4,[436, 52, 787, 428]
579WA01613_156_2454659_260523051613_00_00_1542.mp4,[848, 374, 1042, 536]
579WA01624_118_4202879_260519053724_00_02_2467.mp4,[394, 474, 560, 680]
579WA01633_64_10206589_260519025923_00_00_2357.mp4,[723, 0, 1083, 244]
579WA0178_155_6199299_260521113501_00_02_6068.mp4,[701, 208, 894, 471]
579WA0178_155_7657209_260524042248_00_02_2335.mp4,[766, 238, 1006, 436]
579WA0205_100_5057209_260518112848_00_00_3915.mp4,[1584, 239, 1790, 465]
579WA02145_54_6836669_260522070931_00_02_5985.mp4,[1553, 60, 1712, 282]
579WA02146_55_6777299_260522042401_00_00_1294.mp4,[368, 130, 1185, 606]
579WA02170_196_219219_260523142719_00_00_2283.mp4,[791, 323, 958, 513]
579WA02170_71_5070289_260518212252_00_02_9791.mp4,[1252, 600, 1430, 835]
579WA02170_71_5871769_260520102928_00_00_6880.mp4,[782, 318, 946, 507]
579WA02170_71_7132129_260522205057_00_00_3124.mp4,[329, 457, 573, 679]
579WA0218_147_4337779_260521175411_00_00_8860.mp4,[1438, 347, 1723, 465]
579WA0218_147_4612609_260522060707_00_02_5265.mp4,[508, 348, 766, 564]
579WA0218_147_4974159_260522221117_00_00_6877.mp4,[1356, 296, 1678, 455]
579WA02299_52_5192439_260519031249_00_02_6430.mp4,[230, 577, 414, 781]
579WA0231_136_2098029_260519030616_00_00_1142.mp4,[1352, 368, 1630, 509]
579WA02363_173_5161349_260519013939_00_02_9848.mp4,[1516, 266, 1774, 520]
579WA02368_178_7296139_260521184220_00_02_2351.mp4,[683, 1, 1272, 553]
579WA02372_181_7613529_260523045154_00_00_4770.mp4,[1441, 183, 1694, 414]
579WA02379_65_11852379_260522072730_00_02_4813.mp4,[770, 203, 947, 349]
579WA02387_61_722439_260521012149_00_02_4353.mp4,[851, 586, 1169, 953]
579WA02393_66_11193229_260520214740_00_00_3432.mp4,[1516, 254, 1752, 458]
579WA02395_68_12269879_260523023252_00_02_6414.mp4,[153, 2, 380, 257]
579WA02403_51_12641289_260520012917_00_02_5780.mp4,[783, 797, 1086, 1078]
579WA02407_88_10641829_260523113907_00_02_4892.mp4,[785, 264, 954, 479]
579WA02414_95_15432859_260521063641_00_00_3016.mp4,[538, 464, 655, 691]
579WA02414_95_16064439_260522104103_00_02_1816.mp4,[614, 435, 919, 741]
579WA02499_179_101419_260523071434_00_02_1110.mp4,[828, 655, 1078, 929]
579WA0253_38_13564909_260520212247_00_00_2443.mp4,[1639, 225, 1772, 448]
579WA02546_78_375859_260522022149_00_02_3734.mp4,[1544, 320, 1857, 703]
579WA0254_39_15050059_260523180601_00_02_1204.mp4,[894, 444, 1274, 798]
579WA02558_156_4736729_260524051704_00_00_7152.mp4,[702, 600, 1240, 1078]
579WA02605_143_3547299_260521212330_00_00_7731.mp4,[885, 601, 1245, 1044]
579WA02606_144_2131469_260519041057_00_02_2108.mp4,[1020, 670, 1193, 1076]
579WA02606_144_2661699_260520043509_00_02_6129.mp4,[994, 675, 1136, 1076]
579WA02606_144_2853099_260520132349_00_02_6462.mp4,[1027, 626, 1150, 1075]
579WA02606_144_2893239_260520151419_00_02_8661.mp4,[928, 671, 1153, 1076]
579WA02606_144_3006569_260520202720_00_02_8078.mp4,[1011, 610, 1162, 1069]
579WA02606_144_3025989_260520212106_00_02_3772.mp4,[1012, 666, 1202, 1076]
579WA02606_144_3641229_260522014115_00_02_4037.mp4,[1174, 866, 1454, 1075]
579WA02606_144_4025329_260522192120_00_02_3479.mp4,[1026, 713, 1147, 1073]
579WA02606_144_4044379_260522201356_00_02_5602.mp4,[1016, 623, 1216, 1078]
579WA02606_144_4057529_260522205008_00_02_3285.mp4,[1022, 612, 1157, 1075]
579WA02606_144_4061749_260522210151_00_02_7558.mp4,[990, 658, 1183, 1074]
579WA0280_05_13183879_260518201411_00_02_4520.mp4,[860, 648, 1105, 1066]
579WA0282_22_13540909_260520194324_00_00_3524.mp4,[1047, 247, 1276, 419]
579WA0282_22_13541019_260520194342_00_00_8856.mp4,[1029, 240, 1287, 419]
579WA0298_59_13363619_260518113008_00_02_3219.mp4,[1272, 468, 1920, 1075]
579WH03743_1008_270599_260521145137_00_02_4547.mp4,[700, 64, 829, 320]
579WH03743_1008_271609_260521145419_00_02_3798.mp4,[707, 120, 838, 344]
579WH03743_1008_271679_260521145430_00_02_7602.mp4,[709, 71, 827, 324]
580VA01158_01_17620349_260520030128_00_02_6580.mp4,[1113, 173, 1486, 610]
580VA01242_248_3404249_260522142041_00_02_5492.mp4,[804, 93, 1155, 469]
580VA01244_249_3005109_260521202444_00_02_7893.mp4,[278, 297, 409, 535]
580VA01260_46_255239_260520031708_00_02_6810.mp4,[489, 1, 749, 282]
580VA0161_57_567649_260522032117_00_02_4419.mp4,[780, 254, 1000, 467]
580VA0175_00_16738439_260518092640_00_02_2959.mp4,[790, 153, 990, 402]
580VA0197_257_2708549_260523062752_00_00_6925.mp4,[1269, 165, 1517, 519]
591W01112_23_328109_260519050602_00_00_4872.mp4,[239, 575, 595, 927]
591W011216_86_550959_260519152247_00_00_1413.mp4,[657, 359, 877, 532]
591W01123_28_479669_260519120640_00_00_2440.mp4,[1247, 202, 1419, 428]
591W011315_120_310029_260523160248_00_00_6393.mp4,[940, 95, 1141, 209]
591W011360_81_2644159_260523161011_00_00_3341.mp4,[816, 215, 972, 378]
591W011506_10_295399_260519033121_00_00_4461.mp4,[428, 137, 614, 282]
591W011519_75_210499_260518234022_00_00_9710.mp4,[640, 189, 1100, 462]
591W01154_41_135269_260518201249_00_00_4641.mp4,[1482, 255, 1630, 543]
591W01205_84_564399_260519160622_00_00_4167.mp4,[29, 434, 459, 824]
591W01206_85_3137509_260524151934_00_00_9052.mp4,[1049, 682, 1272, 884]
591W01257_47_1317749_260521025740_00_00_9005.mp4,[1221, 219, 1445, 370]
591W01274_62_1894909_260522054225_00_00_4385.mp4,[1414, 257, 1591, 501]
591W01277_64_1030409_260520133917_00_00_8873.mp4,[1513, 419, 1699, 650]
591W01360_98_3051419_260522023845_00_00_5812.mp4,[1077, 596, 1550, 1059]
591W01798_114_844219_260521081557_00_00_8676.mp4,[987, 523, 1293, 861]
591W01806_121_1333849_260522065713_00_00_7430.mp4,[439, 513, 695, 783]
591W01806_121_902929_260521105922_00_00_1196.mp4,[461, 553, 723, 860]
591W01810_122_675939_260521002804_00_00_9969.mp4,[657, 898, 918, 1047]
591W01843_36_1897829_260522054547_00_00_6990.mp4,[796, 494, 1132, 981]
591WA03317_63_363299_260523023744_00_02_2633.mp4,[1070, 298, 1290, 559]
591WA03374_17_745239_260520145328_00_02_7033.mp4,[474, 147, 664, 304]
591WA03388_19_678209_260520003722_00_02_2753.mp4,[602, 431, 747, 614]
591WA03508_99_68499_260522140907_00_02_3898.mp4,[485, 606, 752, 903]
592R0167_53_104229_260521065633_00_00_6998.mp4,[745, 133, 958, 286]
592R0167_53_104309_260521065646_00_00_5480.mp4,[768, 145, 936, 273]
592R0167_53_14389_260521024659_00_00_9380.mp4,[361, 192, 572, 315]
592R0167_53_88549_260521061259_00_00_3266.mp4,[769, 136, 941, 274]
592R0167_53_91469_260521062106_00_00_1733.mp4,[776, 135, 966, 262]
592R0169_55_13299_260521024359_00_00_7485.mp4,[817, 268, 1084, 414]
592R0169_55_82759_260521055656_00_00_4281.mp4,[788, 304, 1072, 416]
592R0174_51_119489_260521073719_00_00_6634.mp4,[96, 369, 326, 552]
592R0174_51_120629_260521074029_00_00_5476.mp4,[74, 370, 333, 557]
592W01129_123_13409_260521025249_00_02_3281.mp4,[1031, 233, 1252, 423]
592W01130_124_219749_260521123506_00_00_2196.mp4,[216, 275, 382, 515]
592W01130_124_492999_260522011415_00_00_2183.mp4,[715, 237, 902, 462]
592W01130_124_925149_260522211443_00_00_1513.mp4,[154, 326, 308, 504]
592W0128_115_349319_260521183611_00_00_9471.mp4,[70, 133, 339, 375]
592W0128_115_440379_260521224908_00_00_1993.mp4,[96, 134, 318, 383]
592W0128_115_950949_260522222723_00_00_1813.mp4,[84, 136, 328, 387]
592W0128_115_953309_260522223357_00_02_9055.mp4,[91, 132, 345, 383]
592W01307_05_22907339_260519215958_00_00_6980.mp4,[72, 226, 487, 915]
592WD01164_266_1499309_260522055713_00_02_4455.mp4,[1261, 754, 1561, 1077]
592WD01167_267_594549_260520120149_00_02_5325.mp4,[1099, 466, 1510, 921]
592WD01180_272_1206119_260521162120_00_02_4023.mp4,[866, 821, 1075, 1076]
592WD01409_441_2141929_260523074609_00_00_5311.mp4,[1138, 678, 1900, 1074]
592WD01423_431_412119_260520033425_00_02_2533.mp4,[654, 299, 834, 546]
592WD01496_440_1139739_260521131709_00_02_9987.mp4,[598, 224, 748, 417]
593VB01190_28_440589_260521014458_00_00_6802.mp4,[1543, 243, 1813, 387]
594W01442_05_1022419_260520134558_00_02_5066.mp4,[821, 229, 1044, 465]
594W01442_05_1091099_260520165653_00_00_6848.mp4,[1365, 328, 1923, 1046]
594W01448_47_1846199_260522035722_00_00_2700.mp4,[1148, 348, 1362, 595]
594W03297_17_1385149_260521063035_00_00_5186.mp4,[296, 259, 518, 431]
594W03313_22_1539399_260522193910_00_00_8430.mp4,[119, 292, 664, 756]
594W03314_23_758139_260521072726_00_00_1879.mp4,[625, 141, 845, 275]
594W03452_78_1248389_260522061014_00_00_8515.mp4,[1483, 376, 1659, 495]
594W03459_81_1902399_260523122526_00_00_8580.mp4,[460, 320, 703, 542]
594W03459_81_1908029_260523124105_00_02_6495.mp4,[476, 266, 754, 555]
594W03459_81_562079_260520222218_00_00_9987.mp4,[476, 309, 704, 540]
594W03460_82_868229_260521123114_00_00_7909.mp4,[1130, 219, 1467, 514]
594W03460_82_909489_260521142551_00_02_5405.mp4,[1228, 212, 1486, 489]
594W03460_82_909579_260521142606_00_00_5459.mp4,[1220, 222, 1480, 485]
594W03469_35_601199_260521001124_00_02_3041.mp4,[-1, 425, 413, 931]
594W03477_42_167129_260520040436_00_02_8056.mp4,[608, 384, 1349, 1064]
594W03478_83_312359_260519045322_00_02_7704.mp4,[741, 405, 1236, 1057]
594W03482_60_188959_260520050523_00_00_1170.mp4,[725, 586, 1201, 1077]
594W03482_60_575909_260520230016_00_02_2279.mp4,[803, 555, 1183, 1078]
594W03483_87_32099_260518155324_00_00_2690.mp4,[394, 376, 642, 603]
594W03483_87_49069_260518164031_00_00_8878.mp4,[393, 382, 629, 587]
594W03486_346_937539_260518133722_00_00_6380.mp4,[408, 420, 726, 718]
594W0360_123_370159_260522224352_00_00_9610.mp4,[240, 379, 392, 745]
595R0323_555_302699_260518223754_00_02_6246.mp4,[210, 635, 500, 885]
595R0333_15_13220759_260519051829_00_02_5504.mp4,[261, 216, 506, 435]
595X03258_1262_1434369_260523011832_00_00_4278.mp4,[865, 595, 1202, 900]
595X03269_1263_694469_260521150311_00_00_7395.mp4,[261, 366, 404, 619]
595X03272_1211_2347729_260523011825_00_02_8362.mp4,[342, 362, 493, 545]
595X03273_568_4779559_260522142445_00_00_3780.mp4,[1587, 369, 1760, 559]
595X03286_1268_654319_260521131138_00_02_3362.mp4,[1213, 185, 1547, 695]
595XA01309_206_1472939_260520070328_00_00_5353.mp4,[918, 206, 1072, 352]
595XA01309_206_1473129_260520070358_00_00_9098.mp4,[906, 203, 1065, 409]
595XA01313_163_1009379_260519122217_00_00_8421.mp4,[799, 165, 987, 454]
595XA01361_126_2042019_260521082134_00_02_6501.mp4,[118, 244, 375, 546]
595XA01425_261_1636339_260520142321_00_02_2947.mp4,[1636, 303, 1758, 603]
595XA01477_209_387179_260518073727_00_02_7062.mp4,[890, 325, 1095, 543]
595XA01510_238_2133629_260522071424_00_00_8598.mp4,[43, 662, 406, 1076]
595XA01522_232_1129069_260520103721_00_02_9743.mp4,[919, 768, 1256, 1076]
595XA01591_207_676629_260518193801_00_00_1589.mp4,[1171, 231, 1445, 443]
595XA01592_247_967599_260522213714_00_00_4135.mp4,[1461, 293, 1736, 446]
595XA01593_248_714799_260522102330_00_00_9339.mp4,[264, 447, 534, 711]
595XA0159_17_95139_260521193955_00_00_7526.mp4,[1030, 330, 1274, 705]
595XA01681_01_649379_260522212813_00_00_7024.mp4,[481, 757, 774, 925]
595XA01704_187_2012029_260521104822_00_02_5301.mp4,[423, 26, 697, 314]
595XA01705_14_459749_260522124355_00_00_1536.mp4,[943, 209, 1125, 361]
595XA01748_246_74779_260521060656_00_00_7622.mp4,[487, 350, 719, 563]
595XA01799_221_1538999_260520125207_00_02_1294.mp4,[976, 457, 1174, 748]
595XA01802_51_379649_260522090420_00_00_1517.mp4,[836, 505, 1040, 702]
595XA01804_52_104209_260521202013_00_02_1470.mp4,[741, 601, 870, 891]
595XA01829_175_1932939_260521070750_00_00_8723.mp4,[117, 329, 480, 584]
595XA01851_120_852049_260519050431_00_00_5006.mp4,[1491, 11, 1860, 377]
595XA0435_196_768239_260519011635_00_02_7104.mp4,[1531, 272, 1650, 485]
595XA0437_198_801519_260519024907_00_02_3105.mp4,[583, 237, 735, 438]
595XA0441_19_346629_260522073238_00_00_3822.mp4,[777, 397, 1301, 797]
595XA0443_166_803429_260520233025_00_02_1617.mp4,[428, 402, 615, 686]
595XA04530_212_1383139_260520054211_00_00_2652.mp4,[223, 1, 520, 293]
595XA0490_205_1938019_260521072344_00_02_4214.mp4,[924, 426, 1184, 704]
595XA0493_207_1880219_260521044340_00_00_3081.mp4,[1049, 106, 1208, 356]
595XA0493_35_850259_260523065107_00_02_8293.mp4,[576, 100, 801, 324]
597VA01148_38_244319_260520162504_00_00_3279.mp4,[972, 574, 1165, 718]
597VA01201_00_1001319_260520032050_00_02_5858.mp4,[575, 278, 780, 763]
597VA01202_03_361469_260518214614_00_02_5515.mp4,[500, 76, 745, 347]
598VA01222_70_2157419_260519203357_00_00_9218.mp4,[1503, 781, 1842, 983]
599VA02228_09_453899_260523011629_00_02_9133.mp4,[0, 391, 497, 894]
631W04234_1032_90139_260518102945_00_00_4846.mp4,[752, 181, 908, 517]
631W0477_993_1332149_260519181749_00_02_7814.mp4,[1511, 339, 1726, 644]
631W0480_1037_1394009_260520203140_00_02_5896.mp4,[1038, 831, 1237, 1068]
633VA01324_08_9386649_260521122356_00_00_1707.mp4,[777, 469, 1067, 637]
633VA0305_11_8641929_260520192056_00_02_7284.mp4,[777, 94, 988, 369]
635VA01382_07_494269_260520025513_00_02_1867.mp4,[1075, 480, 1196, 751]
635VA01521_12_331279_260522201940_00_02_6126.mp4,[922, 0, 1200, 301]
635VA01525_34_1195709_260518122250_00_00_7481.mp4,[935, 396, 1334, 906]
660VW02102_96_10055639_260519031156_00_02_3196.mp4,[505, 220, 1044, 796]
660VW02181_43_14300879_260521001017_00_02_3213.mp4,[973, 367, 1371, 790]
660VW02184_63_15075909_260522120250_00_00_4413.mp4,[88, 2, 455, 315]
660VW02189_58_15275519_260522211734_00_02_3509.mp4,[636, 0, 805, 219]
660VW0261_41_14278599_260519204014_00_02_2479.mp4,[867, 245, 1073, 451]
660VW0261_41_14652339_260520131654_00_02_7844.mp4,[574, 146, 1092, 853]
662VA03101_09_7392339_260522064743_00_00_3791.mp4,[1108, 367, 1284, 580]
662VA03113_06_5558029_260519072630_00_00_1386.mp4,[34, 526, 273, 766]
662VA03113_06_6012519_260520042815_00_02_7014.mp4,[619, 424, 741, 710]
662VA03114_07_7056109_260522044525_00_02_7841.mp4,[469, 210, 659, 398]
662VA0353_37_5654689_260519115451_00_02_5205.mp4,[643, 62, 833, 273]
662VA0385_10_5520349_260518193549_00_00_9217.mp4,[278, 373, 505, 675]
662VA0392_15_5359419_260520073357_00_02_7722.mp4,[1064, 335, 1241, 507]
663WA0118_98_2677249_260518114835_00_02_2638.mp4,[927, 848, 1159, 1064]
663WA021123_97_1533579_260521115413_00_02_8986.mp4,[821, 159, 996, 374]
663WA021124_98_1951429_260522062245_00_02_3415.mp4,[1472, 364, 1747, 658]
663WA021306_04_539139_260519135548_00_00_8868.mp4,[636, 321, 825, 538]
663WA021307_257_279379_260521145447_00_00_1177.mp4,[259, 517, 574, 924]
663WA021308_06_220479_260520211600_00_02_9224.mp4,[214, 781, 400, 975]
663WA021508_157_53269_260522182506_00_02_8330.mp4,[-1, 439, 572, 1058]
663WA021526_138_20599_260521041745_00_02_1874.mp4,[807, 533, 1170, 943]
663WA021694_109_150909_260521102333_00_02_3485.mp4,[990, 329, 1325, 677]
663WA021694_109_357949_260521195839_00_00_8531.mp4,[785, 303, 1224, 765]
663WA021695_58_141229_260518221147_00_00_7682.mp4,[971, 698, 1453, 978]
663WA021701_116_397679_260523025708_00_00_8958.mp4,[920, 429, 1315, 745]
663WA021749_154_496079_260522021940_00_00_1655.mp4,[936, 295, 1678, 916]
663WA021899_191_61359_260521060719_00_02_9648.mp4,[378, 515, 702, 1004]
663WA0218_214_38589_260522093721_00_02_8721.mp4,[807, 594, 1049, 852]
663WA02336_287_333609_260523131800_00_00_2791.mp4,[1062, 849, 1482, 1077]
663WA02536_16_2119219_260522062426_00_00_4026.mp4,[1326, 313, 1525, 774]
663WA02542_22_1966259_260521223535_00_00_8981.mp4,[112, 425, 344, 658]
663WA02791_216_178789_260522021928_00_02_3456.mp4,[990, 193, 1137, 411]
663WA02796_35_246569_260519014646_00_00_7052.mp4,[801, 86, 952, 370]
663WA02847_09_1453069_260521040754_00_02_7197.mp4,[972, 402, 1142, 603]
663WA02847_09_1889039_260521221750_00_00_6847.mp4,[112, 360, 334, 637]
663WA0327_136_343849_260520142356_00_00_3039.mp4,[356, 394, 576, 609]
663WB02749_28_9129119_260520122130_00_00_2188.mp4,[594, 2, 914, 270]
663WB02845_49_9457809_260521202814_00_00_1465.mp4,[612, 465, 1205, 1031]
668VA02110_170_628519_260518093730_00_02_1225.mp4,[880, 318, 1117, 578]
668VA02124_108_1562339_260520031108_00_00_2861.mp4,[243, 425, 553, 816]
668VA0212_104_725829_260523112348_00_00_3592.mp4,[1255, 491, 1566, 729]
668VA0212_148_585169_260518074410_00_00_2566.mp4,[851, 446, 1037, 651]
668VA0215_150_1077029_260519053856_00_02_8215.mp4,[401, 416, 893, 793]
668VA02200_44_128829_260520154522_00_00_1179.mp4,[663, 489, 970, 779]
668VA02216_44_2336219_260524180505_00_00_5296.mp4,[783, 91, 1049, 378]
668VA02217_89_441999_260521054429_00_00_9122.mp4,[247, 356, 587, 600]
668VA02218_90_572329_260521113236_00_02_5571.mp4,[445, 646, 592, 835]
668VA02240_29_639189_260521153910_00_02_3549.mp4,[335, 433, 548, 677]
668VA02284_13_422059_260521053012_00_00_4546.mp4,[901, 122, 1147, 377]
668VA02287_180_1152939_260519090219_00_00_4367.mp4,[1064, 722, 1177, 922]
668VA02289_154_1533959_260520045307_00_00_5466.mp4,[336, 333, 654, 730]
668VA02290_28_1471689_260523061607_00_00_4100.mp4,[703, 701, 1033, 947]
668VA02337_37_1580239_260523111156_00_00_3438.mp4,[915, 175, 1266, 458]
668VA0276_18_1588189_260523114303_00_02_9079.mp4,[84, 549, 224, 705]
668VA0291_170_1215519_260519134320_00_00_1569.mp4,[246, 45, 823, 536]
691VA0214_25_937599_260518232153_00_00_2531.mp4,[1304, 63, 1720, 898]
691VA0230_58_192189_260518163807_00_00_8131.mp4,[790, 201, 1080, 386]
691VA0293_93_798579_260521012624_00_02_7598.mp4,[1210, 125, 1422, 289]
701VA0283_12_159349_260523102733_00_00_2699.mp4,[929, 193, 1269, 353]
710VA01119_123_1028649_260523044448_00_00_2604.mp4,[1492, 6, 1919, 406]
710VA02189_241_710209_260522135919_00_00_8131.mp4,[417, 153, 773, 275]
710VA02189_78_34039_260520020016_00_02_2890.mp4,[819, 96, 1001, 266]
710VA02189_78_353669_260520164737_00_00_2028.mp4,[396, 171, 679, 454]
710VA0239_99_17009_260520011156_00_02_8044.mp4,[476, 677, 715, 1071]
710VA0245_105_30219_260520014715_00_00_8273.mp4,[1391, 368, 1883, 1049]
710VA0245_105_51719_260520024435_00_00_4691.mp4,[1420, 379, 1807, 1032]
710VA0245_105_53939_260520025030_00_00_1119.mp4,[1443, 464, 1877, 1022]
710VA03141_51_430049_260520202320_00_02_8710.mp4,[748, 766, 1043, 1078]
710VA03154_1174_710299_260522135924_00_00_3315.mp4,[433, 263, 756, 521]
710VA03168_1198_1305969_260523173423_00_02_3296.mp4,[1521, 658, 1725, 951]
710VA03206_230_729289_260522145446_00_02_7174.mp4,[777, 161, 945, 298]
710VA0395_145_598629_260521040904_00_00_8726.mp4,[570, 232, 1257, 1069]
711H016461_231_7462569_260519051305_00_00_1639.mp4,[874, 435, 1142, 709]
711VA02105_46_175359_260520031003_00_02_9821.mp4,[0, 86, 269, 389]
711VA02183_47_245239_260519032336_00_02_1060.mp4,[704, 43, 950, 288]
711VA02256_84_58899_260519213946_00_02_9718.mp4,[423, 94, 739, 455]
711VA02309_270_33729_260519203122_00_02_7690.mp4,[837, 397, 1069, 608]
711VA02390_286_125849_260520003715_00_00_7426.mp4,[384, 295, 633, 603]
711VA02390_54_6219_260518161751_00_00_6938.mp4,[253, 283, 432, 632]
711VA02390_54_8549_260518162403_00_00_7802.mp4,[269, 307, 385, 587]
711VA02398_69_86559_260518195218_00_00_4481.mp4,[1189, 441, 1540, 740]
711VA02398_69_86589_260518195222_00_00_4691.mp4,[920, 616, 1276, 993]
711VA02398_69_86709_260518195242_00_00_1264.mp4,[998, 486, 1668, 953]
711VA02398_69_86809_260518195258_00_00_4049.mp4,[1157, 442, 1524, 940]
711VA02400_62_105349_260518204241_00_02_6156.mp4,[1212, 235, 1474, 496]
711VA02420_294_195599_260520040551_00_00_2466.mp4,[1, 164, 713, 760]
711VA02424_70_81199_260518194749_00_02_3403.mp4,[329, 262, 894, 575]
711VA02474_256_835369_260521094404_00_02_4934.mp4,[1313, 4, 1573, 397]
711VA02510_02_211409_260519014957_00_02_2706.mp4,[973, 1, 1198, 231]
711VA02514_220_409419_260520140008_00_00_7789.mp4,[335, 43, 741, 351]
711VA02531_07_28469_260518171759_00_02_5743.mp4,[880, 373, 1099, 680]
711VA02531_07_28889_260518171906_00_02_4998.mp4,[1020, 427, 1136, 633]
711VA02531_07_30569_260518172335_00_00_4248.mp4,[672, 195, 1040, 581]
711VA02538_14_28129_260518171708_00_02_3641.mp4,[666, 159, 823, 313]
711VA02538_14_28539_260518171813_00_00_4158.mp4,[692, 154, 865, 361]
711VA02543_19_27479_260518171753_00_02_1398.mp4,[178, 57, 375, 207]
711VA02547_14_11269_260518203055_00_00_5983.mp4,[832, 297, 1129, 503]
711VA02547_14_22759_260518171545_00_02_7906.mp4,[944, 334, 1098, 472]
711VA02561_26_13419_260518203640_00_02_1611.mp4,[127, 517, 361, 652]
711VA02561_26_28399_260518171803_00_02_8490.mp4,[158, 291, 274, 415]
711VA02602_110_21259_260518171414_00_02_9134.mp4,[314, 459, 622, 693]
712VA02100_47_46759_260519162041_00_02_7537.mp4,[258, 790, 432, 978]
712VA02109_40_502489_260522010817_00_00_7247.mp4,[669, 106, 924, 447]
712VA02218_109_43899_260519162103_00_00_6889.mp4,[688, 249, 904, 395]
712VA02237_22_100089_260519095938_00_00_7756.mp4,[149, 67, 503, 227]
712VA0253_114_104109_260520005214_00_00_8701.mp4,[1395, 111, 1701, 258]
712VA0253_114_104379_260520005258_00_00_5322.mp4,[1425, 101, 1712, 270]
715VA02111_05_2415419_260521024744_00_02_2257.mp4,[490, 4, 903, 439]
716VA02157_1438_1424529_260521223844_00_02_2366.mp4,[838, 161, 1254, 533]
716VA02166_1455_334099_260520154024_00_00_3216.mp4,[1368, 476, 1639, 732]
717W01105_35_582009_260519052427_00_00_8263.mp4,[1531, 430, 1808, 716]
717W01129_08_1073229_260520040832_00_00_2251.mp4,[1246, 313, 1717, 1082]
717W01134_13_585839_260519053444_00_00_5914.mp4,[1552, 408, 1723, 633]
717W01150_24_1094229_260520050709_00_00_4326.mp4,[1323, 743, 1920, 1078]
717W01166_00_984089_260519235632_00_00_6644.mp4,[249, 115, 759, 638]
717W0133_38_905749_260522201907_00_00_6693.mp4,[0, 606, 389, 941]
718VA03180_05_756939_260521080516_00_02_5797.mp4,[1477, 405, 1748, 690]
718VA03181_08_1029559_260521204059_00_02_2275.mp4,[898, 189, 1134, 428]
718VA03186_30_79999_260520004501_00_00_7744.mp4,[787, 392, 975, 644]
719VA02230_654_13293389_260519103443_00_02_2245.mp4,[691, 206, 1099, 775]
719VA0223_1440_463729_260522045803_00_02_7918.mp4,[399, 554, 1119, 1051]
722VA02146_20_15015739_260521163900_00_00_3764.mp4,[1259, 161, 1426, 283]
722VA02212_1296_429969_260522041236_00_00_6263.mp4,[278, 540, 540, 710]
724VA02211_63_114509_260518211000_00_02_2708.mp4,[770, 631, 1011, 994]
724VA02499_39_1988989_260522215419_00_00_8236.mp4,[232, 651, 369, 999]
724VA02647_14_226419_260519022809_00_00_3811.mp4,[456, 136, 741, 283]
724VA02655_72_134289_260519113517_00_02_7451.mp4,[622, 116, 849, 385]
724VA02669_256_170269_260520004554_00_02_2191.mp4,[933, 292, 1119, 518]
728VA02160_47_363309_260521213756_00_00_8178.mp4,[779, 25, 1452, 1073]
730VA02132_173_127729_260518204647_00_00_1250.mp4,[1734, 153, 1940, 381]
730VA02263_17_238119_260520225810_00_00_3236.mp4,[500, 190, 967, 949]
7311WA01527_105_3684189_260522203647_00_00_3743.mp4,[226, 58, 402, 195]
7311WA01546_68_10371549_260518225120_00_02_3476.mp4,[959, 108, 1627, 798]
7311WA01550_88_9155539_260519213732_00_02_3464.mp4,[1305, 437, 1485, 620]
7311WA01553_16_2458009_260520143627_00_00_7432.mp4,[1454, 730, 1921, 1059]
7311WA01568_24_1485969_260518192447_00_02_1933.mp4,[1585, 317, 1805, 631]
7311WA01568_24_1498589_260518195826_00_02_2136.mp4,[1602, 385, 1774, 646]
7311WA01660_57_4475119_260520043033_00_02_2782.mp4,[591, 619, 822, 829]
7311WA01706_61_8936099_260520044526_00_02_6019.mp4,[425, 309, 758, 603]
7311WA02241_16_320179_260519142645_00_02_8912.mp4,[7, 47, 1131, 1066]
7311WA02407_194_1286429_260519162732_00_00_3762.mp4,[29, 591, 644, 956]
7311WA02417_59_12896329_260521114410_00_00_6810.mp4,[72, 547, 610, 1071]
7311WA02418_06_4049619_260521004057_00_00_2058.mp4,[1474, 267, 1921, 842]
7311WA02421_61_11609859_260519023321_00_00_8200.mp4,[1010, 325, 1400, 667]
7311WA02434_63_13457909_260522124258_00_00_4000.mp4,[1456, 267, 1721, 664]
7311WA02465_80_2372159_260519184741_00_00_9008.mp4,[440, 222, 889, 868]
7311WA02465_80_4366059_260522222234_00_00_4615.mp4,[334, 38, 527, 308]
7311WA02488_11_292599_260522002325_00_02_8585.mp4,[1420, 377, 1614, 613]
7311WA02565_46_534809_260521022042_00_02_8632.mp4,[813, 194, 1428, 713]
7311WA02614_24_6363309_260523083324_00_00_8247.mp4,[898, 443, 1135, 788]
7311WA031071_02_6220989_260523101341_00_00_2068.mp4,[1179, 190, 1432, 315]
7311WA031183_71_9322569_260520221913_00_02_7345.mp4,[115, 615, 338, 836]
7311WA031231_16_934359_260521215238_00_00_9147.mp4,[974, 29, 1540, 421]
7311WA031256_108_5440439_260518163305_00_00_8679.mp4,[1334, 257, 1821, 583]
7311WA031287_33_506429_260522130043_00_02_5992.mp4,[619, 3, 791, 285]
7311WA031304_97_4923889_260523143510_00_00_5459.mp4,[1075, 129, 1473, 379]
7311WA031304_97_5494979_260524170134_00_00_5402.mp4,[1368, 49, 1607, 256]
7311WA031307_34_5628079_260522231345_00_00_1679.mp4,[562, 309, 885, 576]
7311WA031308_09_5255439_260522005958_00_02_3804.mp4,[573, 31, 793, 306]
7311WA031313_37_3449969_260520042917_00_00_1664.mp4,[58, 299, 471, 501]
7311WA031314_59_4523819_260520150504_00_00_8311.mp4,[490, 87, 828, 316]
7311WA031317_37_2238709_260518140905_00_00_7751.mp4,[1474, 2, 1875, 227]
7311WA031319_39_2651039_260519184756_00_00_5308.mp4,[1569, 25, 1794, 382]
7311WA031319_39_2780209_260520034613_00_00_3944.mp4,[557, 213, 1031, 478]
7311WA031319_39_3117029_260521030946_00_00_2952.mp4,[826, 178, 1117, 410]
7311WA031319_39_3806269_260523030207_00_00_2217.mp4,[854, 8, 1492, 420]
7311WA031322_42_3775459_260523005352_00_00_8719.mp4,[1252, 2, 1648, 399]
7311WA031322_42_3882279_260523081857_00_00_2807.mp4,[543, 269, 924, 488]
7311WA031324_44_3694419_260522191427_00_00_3528.mp4,[95, 5, 621, 333]
7311WA031361_15_212309_260521232035_00_00_6304.mp4,[340, 77, 697, 297]
7311WA031374_94_9031219_260520085308_00_00_8569.mp4,[504, 170, 698, 489]
7311WA031374_94_9538189_260521082131_00_00_9874.mp4,[482, 139, 957, 504]
7311WA031376_27_342949_260522052610_00_00_8641.mp4,[1455, 205, 1843, 453]
7311WA031427_69_5402679_260520111451_00_00_7948.mp4,[333, 450, 625, 720]
7311WA031427_69_5817049_260521062643_00_02_6285.mp4,[110, 399, 361, 653]
7311WA031435_13_2665199_260518110922_00_02_1691.mp4,[1275, 338, 1640, 670]
7311WA031471_76_13018199_260522142133_00_02_8516.mp4,[96, 581, 671, 1072]
7311WA03204_95_5654669_260520012525_00_02_7231.mp4,[511, 101, 782, 338]
7311WA03257_10_4650949_260520195852_00_00_1428.mp4,[1316, 394, 1870, 951]
7311WA03634_22_8159519_260522160511_00_02_7726.mp4,[412, 267, 669, 531]
7311WA03649_61_2409049_260520203536_00_02_5167.mp4,[189, 739, 432, 1015]
7311WA03693_77_3395429_260520015754_00_00_6963.mp4,[322, 346, 860, 766]
7311WA03968_80_4663479_260519023421_00_02_6288.mp4,[872, 328, 1085, 528]
7311WA0396_05_4582109_260520145152_00_00_6779.mp4,[552, 28, 687, 247]
7311WE012320_24_77079_260520224153_00_00_5432.mp4,[725, 337, 1023, 548]
7311WE012330_61_13419_260521163943_00_02_6948.mp4,[782, 270, 1016, 504]
7311WE012396_37_22709_260520200447_00_00_8503.mp4,[286, 238, 542, 352]
7311WE012407_26_12349_260521163738_00_00_4992.mp4,[258, 469, 448, 617]
7311WE012407_43_130659_260521010448_00_02_1413.mp4,[193, 435, 348, 636]
7311WE012408_44_102949_260520234750_00_02_1186.mp4,[739, 645, 1026, 1020]
7311WE012408_44_104569_260520235220_00_02_3268.mp4,[895, 447, 1340, 855]
7311WE012409_45_118119_260520233003_00_02_5047.mp4,[1036, 438, 1292, 893]
7311WE012769_08_578339_260522184935_00_00_7707.mp4,[710, 102, 885, 328]
7311WE012770_06_84049_260520225933_00_00_8981.mp4,[338, 381, 925, 984]
7311WE012778_69_13069_260520172612_00_02_1350.mp4,[927, 322, 1178, 617]
7311WE01323_70_177439_260521031131_00_02_1930.mp4,[906, 355, 1252, 605]
7311WE01327_49_125099_260521192746_00_00_9699.mp4,[819, 331, 1008, 493]
7311WE01328_73_45249_260520210422_00_02_3069.mp4,[922, 427, 1122, 671]
7311WE01350_13_28749_260520174525_00_02_2556.mp4,[1630, 676, 1759, 935]
7311WE0139_14_553829_260522072146_00_00_5713.mp4,[230, 226, 648, 423]
7311WE01555_21_15829_260520171626_00_00_4027.mp4,[634, 338, 870, 573]
7311WE01597_61_1037809_260522205215_00_00_3244.mp4,[768, 659, 941, 1001]
7311WE01678_99_10219_260520170931_00_00_1642.mp4,[159, 606, 1004, 1075]
7311WE01680_92_173779_260522000411_00_02_1078.mp4,[94, 500, 319, 756]
7311WE01684_93_163419_260521023734_00_00_4643.mp4,[925, 219, 1219, 612]
7311WE01684_93_176779_260521031441_00_00_3078.mp4,[247, 247, 488, 542]
7311WE01684_93_24049_260520201026_00_02_9170.mp4,[1351, 553, 1717, 874]
7311WE01686_95_567999_260522182003_00_00_9548.mp4,[152, 514, 359, 764]
7311WE01751_52_107249_260521190043_00_00_9573.mp4,[1085, 92, 1391, 257]
7311WE01764_56_787609_260522135533_00_00_6502.mp4,[37, 528, 464, 1072]
7311WE01766_71_298109_260521032428_00_00_1880.mp4,[1085, 274, 1585, 503]
7311WE01945_63_111659_260520221439_00_00_8042.mp4,[1165, 454, 1638, 1074]
7311WE01945_63_111849_260520221458_00_00_7147.mp4,[1201, 445, 1679, 925]
7311WE01945_63_111879_260520221501_00_00_7817.mp4,[1138, 437, 1675, 974]
7311WE01945_63_112029_260520221516_00_00_1078.mp4,[1176, 451, 1666, 994]
7312VA03100_394_1258499_260518235404_00_02_1006.mp4,[184, 159, 501, 492]
7312VA03100_394_1606959_260519155655_00_02_8454.mp4,[111, 211, 572, 660]
7312VA03100_394_2127509_260520155519_00_02_6545.mp4,[26, 277, 404, 871]
7312VA0358_136_2016419_260519132104_00_00_9912.mp4,[571, 1, 960, 667]
7312VA0398_398_2166409_260520174321_00_00_6998.mp4,[1229, 310, 1682, 576]
7313W01290_181_669889_260520024918_00_02_9632.mp4,[1518, 617, 1752, 824]
7313W01294_185_1190499_260521015740_00_02_3500.mp4,[729, 266, 850, 493]
7313W01487_217_2395819_260521031123_00_02_5137.mp4,[906, 298, 1058, 532]
7313W01488_218_3372329_260523002357_00_00_1179.mp4,[1317, 586, 1766, 1061]
7313W01491_221_1428719_260519062749_00_00_5049.mp4,[918, 206, 1324, 619]
7313W0149_138_5598179_260522235408_00_00_6025.mp4,[537, 212, 666, 512]
7313W01697_120_3245869_260522183337_00_00_3712.mp4,[193, 737, 311, 895]
7313W01698_121_3415099_260523022342_00_00_4953.mp4,[1013, 174, 1241, 412]
7313W01700_123_1760089_260519214627_00_02_7976.mp4,[210, 679, 558, 1076]
7313W01701_124_3462829_260523043621_00_00_7788.mp4,[868, 466, 1010, 730]
7313W01703_126_2299209_260520224403_00_02_9041.mp4,[1335, 459, 1640, 808]
7313W03144_812_4070319_260521052526_00_00_4072.mp4,[466, 220, 673, 373]
7313W03150_813_1397059_260519045550_00_00_8146.mp4,[966, 97, 1782, 885]
7313W03150_813_1934259_260520054709_00_02_6442.mp4,[1117, 368, 1352, 619]
7313W03153_816_1423549_260519060905_00_00_9655.mp4,[91, 94, 600, 530]
7313W03163_179_2829679_260521231601_00_00_7312.mp4,[1386, 202, 1641, 402]
734WA01109_42_817669_260518193721_00_02_3280.mp4,[1439, 489, 1610, 716]
734WA01131_78_227739_260520042314_00_02_3113.mp4,[373, 623, 569, 780]
734WA01151_90_812719_260521185950_00_00_1170.mp4,[919, 608, 1077, 903]
734WA01155_81_133099_260520113227_00_00_1226.mp4,[1016, 590, 1284, 893]
734WA01282_85_62089_260520072305_00_00_4844.mp4,[450, 8, 734, 276]
736VA02165_79_2580309_260523115948_00_02_3316.mp4,[1276, 336, 1456, 500]
736VA0225_44_564229_260519143554_00_02_1289.mp4,[1455, 69, 1710, 287]
736VA0225_44_571949_260519145721_00_00_6379.mp4,[1509, 240, 1677, 568]
736VA0226_97_83819_260518162201_00_00_5316.mp4,[1049, 325, 1379, 591]
736VA02282_21_2234979_260522195957_00_00_5543.mp4,[1492, 823, 1875, 1076]
736VA02284_23_2428739_260523045705_00_00_3769.mp4,[223, 393, 412, 868]
736VA02329_19_1373039_260521040250_00_00_6229.mp4,[1073, 246, 1337, 777]
736VA02392_46_1175839_260518124645_00_02_4775.mp4,[903, 454, 1158, 600]
736VA02474_64_27249_260518134121_00_00_2409.mp4,[358, 391, 552, 848]
736VA02489_31_1182859_260518130544_00_00_8717.mp4,[1395, 145, 1526, 315]
736VA02489_31_2315759_260520173255_00_02_3467.mp4,[1194, 436, 1322, 588]
736VA02495_32_3853319_260523164416_00_00_9795.mp4,[1076, 394, 1494, 574]
738VA02186_274_13721469_260520045528_00_02_3207.mp4,[410, 218, 556, 395]
738VA02187_275_13043639_260518213238_00_00_5649.mp4,[497, 66, 1095, 528]
738VA02187_275_13825739_260520094509_00_02_3449.mp4,[308, 321, 980, 1074]
738VA02187_275_14090779_260520220122_00_02_3809.mp4,[1063, 272, 1452, 581]
738VA02190_315_13179969_260519041836_00_02_3901.mp4,[699, 5, 1241, 582]
738VA02212_202_13354339_260519122410_00_00_1529.mp4,[132, 512, 349, 710]
739VA0205_274_582019_260522151252_00_02_8404.mp4,[815, 385, 988, 586]
739VA0207_176_396479_260521085246_00_02_7581.mp4,[693, 79, 1037, 411]
739VA0207_78_589_260520014943_00_02_7967.mp4,[1085, 569, 1322, 995]
739VA02112_219_373989_260522055718_00_02_5826.mp4,[765, 453, 950, 679]
739VA02128_139_28439_260520154958_00_02_8085.mp4,[422, 57, 672, 323]
739VA02211_95_17209_260520023208_00_00_9470.mp4,[599, 34, 916, 509]
739VA02211_95_24649_260520025158_00_00_2580.mp4,[660, 30, 900, 510]
739VA0226_09_64479_260520044630_00_00_7337.mp4,[797, 194, 1210, 568]
739VA0233_115_149759_260520212636_00_00_4023.mp4,[1012, 309, 1274, 561]
739VA0243_63_62089_260520043121_00_02_3617.mp4,[1534, 658, 1804, 919]
739VA0243_63_65789_260520044114_00_02_3502.mp4,[1602, 512, 1832, 769]
739VA0243_63_7129_260520020447_00_00_1099.mp4,[887, 56, 1046, 295]
739VA0244_162_209489_260520234734_00_02_9999.mp4,[1582, 175, 1773, 339]
739VA0281_38_161009_260520091502_00_00_3775.mp4,[1124, 490, 1441, 681]
739VA0281_38_2139_260520015345_00_00_9692.mp4,[435, 425, 810, 572]
743VA02112_07_13691679_260520040557_00_00_2431.mp4,[257, 327, 637, 786]
744VA02127_04_506959_260519025521_00_00_6416.mp4,[485, 3, 746, 236]
744VA02127_45_321399_260522024346_00_00_3952.mp4,[566, 2, 832, 368]
745VA02169_281_1384839_260520025853_00_02_7794.mp4,[699, 555, 1115, 910]
745VA02291_95_1640859_260519160227_00_00_8618.mp4,[137, 417, 307, 586]
745VA02380_409_372889_260521063200_00_00_5584.mp4,[645, 322, 835, 590]
746VA04150_112_6121759_260520093759_00_02_2373.mp4,[1050, 799, 1225, 970]
746VA04427_293_6364509_260520205245_00_00_1141.mp4,[930, 213, 1075, 516]
750VA01108_02_21979_260523031254_00_00_5421.mp4,[978, 318, 1281, 520]
750VA01175_00_90009_260523062142_00_02_6488.mp4,[303, 174, 659, 663]
750VA01254_37_48219_260520042642_00_00_8881.mp4,[1478, 251, 1726, 709]
750VA01256_39_496029_260520001254_00_02_2564.mp4,[680, 45, 1029, 378]
750VA01256_45_309789_260518221515_00_02_7917.mp4,[366, 200, 717, 513]
750VA0156_17_104919_260519070327_00_02_2299.mp4,[636, 5, 996, 442]
750VA0160_07_67609_260520052002_00_02_7481.mp4,[196, 36, 441, 361]
750VA0163_21_28919_260521033235_00_00_5194.mp4,[537, 0, 1278, 300]
750VA0167_08_95539_260523063715_00_00_4009.mp4,[213, 119, 1148, 910]
750VA0195_03_483179_260520003324_00_02_9815.mp4,[536, 175, 827, 410]
750W011086_67_14647929_260519043224_00_02_2494.mp4,[1191, 96, 1400, 269]
750W011088_09_19105549_260522043859_00_02_5750.mp4,[789, 2, 1026, 237]
750W01652_10_13454469_260522130520_00_02_7781.mp4,[0, 3, 730, 912]
750W01654_12_13854539_260523135307_00_00_6241.mp4,[123, 195, 419, 429]
751VA02129_393_114669_260519103824_00_02_4049.mp4,[509, 362, 732, 527]
751VA0302_59_278669_260519181530_00_00_9762.mp4,[32, 28, 783, 881]
755R011552_32_39859119_260520001547_00_02_6396.mp4,[706, 62, 1233, 462]
755R01178_12_1502259_260518142515_00_00_7317.mp4,[423, 7, 665, 269]
755R01296_14_1324399_260520163157_00_00_5277.mp4,[1159, 216, 1459, 528]
755R01303_08_4680189_260524013329_00_02_2945.mp4,[783, 103, 1025, 287]
755R01304_09_1959169_260520215833_00_02_4547.mp4,[966, 121, 1223, 323]
755R01304_09_1979049_260520223141_00_02_8119.mp4,[1019, 92, 1232, 300]
755R01307_12_2784599_260522224009_00_00_8951.mp4,[477, 343, 696, 570]
755R01324_13_701099_260519224016_00_00_4541.mp4,[1370, 169, 1725, 311]
755R01325_14_3793049_260523005712_00_00_1078.mp4,[516, 292, 980, 595]
755R01336_23_816889_260520013313_00_00_4953.mp4,[1372, 155, 1697, 615]
755R01359_25_220799_260519014435_00_00_7483.mp4,[1532, 591, 1881, 739]
755R01586_49_1365709_260520181047_00_02_5854.mp4,[161, 571, 347, 825]
755R01592_296_824889_260518104941_00_02_6190.mp4,[1207, 220, 1419, 444]
755R01633_49_1015329_260520143446_00_02_7425.mp4,[1391, 59, 1572, 287]
755R01633_49_2323679_260523031647_00_00_8199.mp4,[546, 458, 1086, 1067]
755R01633_49_902639_260520092118_00_02_8018.mp4,[304, 228, 454, 411]
755R01673_01_1783059_260522021643_00_02_6282.mp4,[132, 433, 407, 734]
755R01832_303_2730359_260518075952_00_02_7999.mp4,[493, 803, 721, 1019]
755R01854_13_2092879_260522045038_00_00_3585.mp4,[661, 69, 794, 384]
755R01854_13_2126139_260522061417_00_00_9311.mp4,[492, 112, 634, 342]
755R01858_17_1828229_260521193036_00_00_5387.mp4,[859, 306, 1103, 625]
755R01881_25_2516369_260522070950_00_02_1821.mp4,[952, 176, 1172, 384]
755R01882_26_1661349_260521070948_00_00_7255.mp4,[1301, 360, 1529, 475]
755R01884_28_1135329_260521075042_00_00_9688.mp4,[488, 314, 807, 491]
755R01889_33_3176949_260524035652_00_02_5683.mp4,[871, 62, 1079, 314]
755RC01143_88_5267199_260522015249_00_00_9946.mp4,[1012, 362, 1324, 545]
755RC01152_292_331369_260520074722_00_00_8546.mp4,[907, 472, 1066, 650]
755RC01156_196_1012109_260518173825_00_00_6618.mp4,[1113, 274, 1379, 448]
755RC01164_172_3337269_260521130632_00_00_7964.mp4,[361, 482, 695, 927]
755RC01199_199_1246619_260518092729_00_00_8231.mp4,[23, 246, 287, 394]
755RC01206_207_1956989_260519032351_00_02_5345.mp4,[552, 277, 766, 516]
755RC01213_17_2424989_260521082604_00_02_7453.mp4,[183, 346, 409, 599]
755RC01213_17_2498319_260521114137_00_00_9408.mp4,[753, 661, 1094, 1073]
755RC01213_17_2499169_260521114353_00_00_4804.mp4,[789, 677, 1066, 1024]
755RC01214_18_1747739_260520022323_00_02_9142.mp4,[426, 443, 636, 593]
755RC01217_19_1986429_260520125620_00_02_9890.mp4,[1303, 497, 1613, 875]
755RC01217_19_2951949_260522075053_00_00_5326.mp4,[831, 343, 1204, 649]
755RC01218_20_2023239_260520143446_00_02_7425.mp4,[806, 144, 938, 319]
755RC01218_20_2340869_260521044148_00_00_5537.mp4,[1002, 749, 1314, 1001]
755RC01227_309_880169_260521081107_00_00_3215.mp4,[1257, 679, 1570, 883]
755RC01268_253_196829_260522013321_00_02_7276.mp4,[1160, 550, 1364, 756]
755RC01268_253_2113519_260519064305_00_02_6148.mp4,[922, 633, 1279, 1076]
755RC01268_253_28469_260521180423_00_00_6753.mp4,[590, 639, 810, 895]
755RC01268_253_336819_260522074640_00_02_7655.mp4,[1032, 418, 1418, 857]
755RC01268_253_348919_260522081856_00_02_4722.mp4,[986, 599, 1387, 962]
755RC01268_253_350909_260522082415_00_02_6667.mp4,[961, 739, 1160, 933]
755RC01268_253_385089_260522095523_00_02_7084.mp4,[1040, 536, 1399, 717]
755RC01268_253_550529_260522171635_00_00_6147.mp4,[419, 414, 603, 597]
755RC01357_109_5372179_260522063202_00_02_9342.mp4,[555, 664, 702, 829]
755RC01370_1116_13249869_260520173924_00_00_7716.mp4,[673, 144, 955, 555]
755RC01391_178_2728449_260520100301_00_00_7165.mp4,[408, 178, 643, 396]
755RC0139_210_448229_260522114134_00_00_3261.mp4,[831, 219, 1129, 528]
755RC01437_232_376309_260522093215_00_00_9114.mp4,[852, 369, 1129, 607]
755RC01440_96_4080169_260519210556_00_02_4881.mp4,[718, 508, 978, 771]
755RC01451_315_827229_260521072045_00_00_1921.mp4,[671, 70, 1008, 226]
755RC01454_318_324199_260522074921_00_00_8681.mp4,[350, 254, 748, 720]
755RC01454_318_45419_260521185525_00_02_5637.mp4,[648, 229, 887, 441]
755RD01123_77_170939_260523232138_00_00_8981.mp4,[366, 316, 591, 527]
755RD01156_396_343319_260521003516_00_00_5953.mp4,[1321, 450, 1741, 1006]
755RD01156_396_343649_260521003611_00_00_4003.mp4,[1282, 261, 1623, 1067]
755RD01268_19_271659_260522045019_00_00_8776.mp4,[462, 553, 610, 779]
755RD01280_306_1517889_260521124317_00_00_9537.mp4,[742, 789, 1061, 1075]
755RD01389_11_997029_260523142403_00_00_5239.mp4,[1523, 540, 1710, 654]
755RD01614_254_1122149_260519181729_00_00_7339.mp4,[1467, 488, 1659, 748]
755RD01663_263_1520439_260520124332_00_00_9914.mp4,[305, 339, 461, 516]
755RD01666_381_997379_260521122518_00_00_9307.mp4,[1105, 55, 1426, 275]
755RD01667_107_758779_260524123233_00_00_1899.mp4,[285, 222, 604, 512]
755RD01667_32_1358759_260523060355_00_00_1245.mp4,[262, 353, 862, 944]
755RD01671_281_2545379_260520130835_00_02_6968.mp4,[811, 419, 1008, 581]
755RD01676_283_2658269_260520161635_00_00_1655.mp4,[1337, 398, 1545, 574]
755RD01679_35_43009_260521172930_00_02_4460.mp4,[501, 555, 867, 850]
755RD01681_36_468249_260522051845_00_02_9666.mp4,[806, 419, 1208, 868]
755RD01687_09_377539_260522024702_00_02_3509.mp4,[1363, 285, 1740, 644]
755RD01689_40_551679_260522073755_00_02_9345.mp4,[100, 0, 482, 334]
755RD01799_304_316399_260519050808_00_00_7997.mp4,[813, 604, 1036, 850]
755RD01799_321_738259_260521020411_00_00_1470.mp4,[1243, 701, 1394, 992]
755RD01799_321_738559_260521020501_00_00_8055.mp4,[1278, 738, 1409, 1021]
755RD01806_328_196029_260520005851_00_00_2796.mp4,[136, 567, 274, 767]
755VM03250_241_434049_260520092146_00_02_1530.mp4,[335, 549, 521, 766]
755W08142_185_913779_260518213649_00_00_9731.mp4,[1539, 91, 1679, 210]
755W08166_181_219419_260520023536_00_00_9609.mp4,[654, 184, 884, 636]
755W08167_387_420349_260521055123_00_00_5912.mp4,[276, 7, 1146, 537]
755W08169_388_1328909_260522221421_00_00_5503.mp4,[298, 164, 1005, 954]
755W08169_388_938609_260522045322_00_00_1871.mp4,[476, 5, 1078, 521]
755W08169_388_955549_260522053832_00_00_6385.mp4,[485, 10, 1028, 473]
755W08180_355_151429_260519233549_00_00_1271.mp4,[59, 530, 389, 858]
755W08214_402_291829_260522001500_00_02_9794.mp4,[1398, 793, 1695, 1076]
755W08226_146_1100339_260519075618_00_02_6099.mp4,[508, 122, 675, 333]
755W08243_269_1389249_260522063549_00_00_9241.mp4,[217, 425, 525, 810]
755W08590_424_912869_260522052214_00_00_2650.mp4,[232, 281, 540, 570]
755W08633_167_906549_260518212031_00_00_7999.mp4,[564, 228, 842, 368]
755W08635_169_1050629_260519034223_00_02_8561.mp4,[221, 458, 711, 890]
755W08635_169_1083129_260519050903_00_00_6057.mp4,[425, 398, 695, 881]
755W08635_304_257139_260520041704_00_00_7788.mp4,[317, 362, 503, 684]
755W08636_170_946839_260518230553_00_02_9602.mp4,[984, 641, 1387, 946]
755W08640_174_1497109_260518223727_00_00_8531.mp4,[1142, 397, 1873, 1073]
755W08641_310_289999_260520054642_00_00_3930.mp4,[339, 365, 751, 844]
755W08648_179_1008959_260519034010_00_02_3602.mp4,[632, 167, 772, 334]
755W08663_323_1433399_260522083415_00_00_6191.mp4,[549, 230, 921, 640]
755W08665_325_347119_260520081729_00_00_9600.mp4,[33, 594, 667, 1001]
755W08665_325_347419_260520081817_00_00_2980.mp4,[16, 615, 859, 939]
755W08694_229_935369_260518223636_00_02_4555.mp4,[354, 502, 663, 748]
755W08701_288_334579_260520074332_00_02_3466.mp4,[228, 702, 635, 1068]
755W08705_169_577659_260518074245_00_02_1113.mp4,[600, 265, 751, 444]
755W0920_131_1880009_260519202250_00_00_8075.mp4,[366, 270, 571, 602]
755WF2576_242_1853819_260519145941_00_02_3232.mp4,[889, 125, 1228, 434]
755WF2589_144_1321999_260519001236_00_02_7397.mp4,[972, 194, 1189, 428]
755WF2589_144_2151289_260519231527_00_02_1168.mp4,[908, 233, 1111, 406]
755WF27432_23_487889_260519045611_00_02_7620.mp4,[1381, 589, 1876, 1075]
755WF27451_39_426079_260519115445_00_00_1095.mp4,[1398, 3, 1662, 352]
755WF27463_164_5522509_260521052023_00_02_1605.mp4,[1478, 617, 1757, 839]
755WF27464_165_4910919_260520010624_00_00_4240.mp4,[144, 388, 463, 544]
755WF27464_165_6465309_260523010545_00_00_6178.mp4,[120, 365, 470, 532]
755WF27470_171_4472179_260519044756_00_00_8135.mp4,[1150, 443, 1750, 1073]
755WF27474_174_6040819_260522052633_00_02_4422.mp4,[732, 467, 1007, 717]
755WF27494_154_1305669_260523021729_00_00_1663.mp4,[492, 66, 1241, 540]
755WF27495_13_678179_260520115613_00_00_4517.mp4,[1253, 452, 1685, 653]
755WF27500_04_976569_260520080647_00_00_2799.mp4,[200, 512, 523, 715]
755WF27508_156_1488899_260519043001_00_00_4390.mp4,[157, 472, 524, 807]
755WF27754_11_772279_260518152114_00_00_6071.mp4,[209, 282, 959, 569]
755WF27787_122_243689_260522221555_00_00_1658.mp4,[709, 164, 974, 316]
755WF27797_130_44089_260521142334_00_02_9115.mp4,[770, 339, 1328, 896]
755WF27835_37_495589_260518113448_00_00_9370.mp4,[395, 263, 642, 521]
755WF27835_59_9519_260523051453_00_00_5216.mp4,[551, 249, 767, 729]
755WF27837_39_760769_260519121417_00_00_3646.mp4,[427, 290, 1168, 955]
755WF27839_41_457389_260518080239_00_00_2846.mp4,[604, 304, 1015, 955]
755WF27839_41_678799_260519043518_00_00_6514.mp4,[532, 370, 1172, 956]
755WF27839_41_777489_260519134903_00_00_6997.mp4,[573, 358, 1153, 953]
755WF27839_41_780859_260519140746_00_00_2967.mp4,[608, 242, 1136, 985]
755WF27839_41_819629_260519174310_00_00_3319.mp4,[482, 338, 1077, 955]
755WF27872_75_1526759_260521143324_00_02_9974.mp4,[622, 205, 1111, 790]
755WF27872_75_1646759_260522071325_00_00_2338.mp4,[554, 55, 914, 370]
755WF27873_193_1645379_260519025048_00_00_6074.mp4,[496, 1, 746, 464]
755WF27874_194_2196329_260521055216_00_00_2536.mp4,[694, 303, 951, 611]
755WF27874_194_2250599_260521105346_00_00_6912.mp4,[1413, 291, 1633, 633]
755WF27879_199_2109819_260520215142_00_02_7810.mp4,[97, 428, 568, 1007]
755WF27887_58_1206759_260520214017_00_00_9319.mp4,[1114, 53, 1420, 218]
755WF27899_70_4544059_260521130221_00_02_5603.mp4,[1548, 289, 1688, 455]
755WJ02467_18_1247549_260518211805_00_00_3675.mp4,[1326, 239, 1623, 408]
755WJ02737_11_189619_260519192412_00_00_4236.mp4,[1243, 256, 1426, 432]
755WJ0275_106_1088369_260521025614_00_00_6818.mp4,[1389, 442, 1731, 646]
755WJ02766_73_2474669_260521013019_00_00_4148.mp4,[887, 343, 1242, 679]
755WJ02767_74_2980659_260521235926_00_02_4625.mp4,[385, 126, 516, 320]
755WJ02777_83_1242829_260518184537_00_02_7425.mp4,[612, 491, 903, 853]
755WM011246_95_1174809_260518154653_00_02_7822.mp4,[1202, 282, 1411, 723]
755WM011796_54_1616469_260519142815_00_02_3531.mp4,[897, 785, 1282, 1077]
755WM011947_88_1655529_260519161549_00_02_4483.mp4,[140, 613, 318, 810]
755WM012072_14_575509_260519032015_00_02_7504.mp4,[850, 384, 1005, 571]
755WM0146_29_1514149_260519094445_00_00_3273.mp4,[884, 305, 1286, 767]
755WM01535_11_1568589_260518221229_00_02_9941.mp4,[969, 234, 1101, 388]
755WM01830_38_1222129_260518201520_00_02_4798.mp4,[1358, 305, 1502, 546]
755WM01873_06_1284069_260518230557_00_02_1055.mp4,[829, 288, 1118, 553]
755WM01880_13_1232659_260518204332_00_02_4666.mp4,[737, -1, 1191, 443]
755WM01942_43_1337339_260519013031_00_00_5958.mp4,[784, -1, 1734, 513]
755X02444_30_188269_260521112109_00_02_7087.mp4,[321, 186, 794, 607]
755X02452_60_510839_260519014454_00_02_3437.mp4,[869, 129, 1246, 641]
755X02452_60_529189_260519023350_00_00_2421.mp4,[871, 128, 1261, 520]
755X02473_80_349409_260523233545_00_00_5002.mp4,[1099, 376, 1347, 676]
755X02480_93_323059_260523222242_00_00_2742.mp4,[480, 842, 1048, 1072]
755X02596_27_394129_260518211624_00_00_1437.mp4,[625, 862, 964, 1077]
755X0262_38_14489_260522032542_00_02_4175.mp4,[126, 424, 296, 621]
756W01221_257_305029_260519044351_00_00_1632.mp4,[1437, 282, 1693, 410]
756W01243_277_1303429_260521143522_00_00_4698.mp4,[839, 502, 1295, 627]
756W01252_187_3704829_260522061930_00_00_2502.mp4,[1277, 559, 1871, 893]
756W01252_187_3706299_260522062334_00_00_6072.mp4,[1352, 573, 1883, 847]
756W01257_190_4341359_260523114648_00_00_5940.mp4,[558, 174, 733, 423]
756W01296_809_2953459_260520193529_00_00_9087.mp4,[381, 281, 583, 479]
756W01368_276_3685419_260522052923_00_00_3281.mp4,[101, 284, 330, 477]
756W01369_277_2534659_260520001250_00_00_9885.mp4,[505, 298, 685, 449]
756W01369_277_2534699_260520001256_00_02_3938.mp4,[435, 292, 582, 436]
756W01374_801_4437359_260523161731_00_02_6332.mp4,[0, 137, 267, 460]
756W01410_285_3263429_260521095234_00_00_6105.mp4,[1126, 156, 1359, 344]
756W01416_288_4506139_260523192332_00_02_2340.mp4,[343, 562, 538, 709]
756W01428_299_3700319_260522060558_00_00_8899.mp4,[976, 246, 1502, 874]
756W01430_301_2711159_260520081921_00_00_8261.mp4,[1424, 318, 1719, 586]
756W01485_236_304399_260519044238_00_00_1552.mp4,[446, 437, 722, 675]
756W01530_162_3356409_260520031936_00_00_6625.mp4,[1129, 239, 1392, 453]
756W01553_221_1167939_260518081901_00_00_8619.mp4,[1133, 316, 1492, 550]
756W01553_221_1305189_260518144033_00_00_9084.mp4,[1106, 384, 1285, 730]
756W01571_378_116359_260521075002_00_02_6572.mp4,[791, 625, 1314, 1054]
756W01571_378_365589_260521192249_00_02_4648.mp4,[661, 576, 958, 953]
756W01571_378_58199_260521050821_00_02_2946.mp4,[648, 571, 1109, 1030]
756W01571_378_583739_260522052914_00_02_2620.mp4,[929, 20, 1171, 336]
756W01571_378_73669_260521055121_00_02_1617.mp4,[966, 119, 1096, 291]
756W01572_379_622709_260522071733_00_00_2412.mp4,[1496, 301, 1878, 658]
756W01575_381_1103159_260523053308_00_02_4628.mp4,[708, 96, 880, 300]
756W01669_348_3519959_260521215103_00_00_9923.mp4,[1108, 554, 1609, 1072]
757WA0104_01_100059_260518215145_00_02_3824.mp4,[153, 352, 304, 624]
757WA0104_200_601199_260520224605_00_02_9515.mp4,[712, 313, 991, 669]
757WA011094_220_245719_260520062642_00_00_1085.mp4,[679, 563, 1281, 1054]
757WA011096_221_1760439_260523011408_00_00_9973.mp4,[1375, 236, 1767, 617]
757WA011103_224_227509_260520050835_00_00_3620.mp4,[690, 184, 1000, 535]
757WA011104_225_356929_260520113531_00_00_3187.mp4,[859, 448, 1350, 1070]
757WA011115_155_1876019_260522145105_00_02_1180.mp4,[839, 71, 1449, 432]
757WA011115_155_2687869_260524025455_00_00_6638.mp4,[799, 3, 1127, 374]
757WA011118_157_1632799_260522070431_00_00_1748.mp4,[493, 319, 934, 886]
757WA011167_232_1814539_260523070059_00_00_1679.mp4,[969, 289, 1453, 1070]
757WA011167_232_35049_260519204159_00_00_3898.mp4,[881, 316, 1174, 683]
757WA011167_232_35309_260519204242_00_00_1140.mp4,[856, 296, 1343, 790]
757WA011167_232_439679_260520152504_00_02_9885.mp4,[802, 191, 1195, 581]
757WA011167_90_94359_260518220828_00_02_6343.mp4,[518, 617, 1044, 1074]
757WA011173_233_1613589_260522214414_00_00_2196.mp4,[458, 275, 756, 661]
757WA01118_26_61839_260519060845_00_00_3805.mp4,[1214, 516, 1564, 794]
757WA011202_125_23239_260519043128_00_02_7659.mp4,[-1, 258, 411, 707]
757WA01121_29_137659_260518232242_00_02_3232.mp4,[731, 622, 979, 859]
757WA01121_29_90169_260518211603_00_02_2328.mp4,[917, 744, 1179, 1018]
757WA01135_191_156669_260520055133_00_00_7049.mp4,[863, 294, 1159, 586]
757WA0113_10_12489_260518174846_00_00_9753.mp4,[0, 373, 432, 793]
757WA0113_10_12519_260518174851_00_00_9676.mp4,[0, 364, 436, 764]
757WA0113_10_131479_260518231906_00_00_2672.mp4,[17, 346, 405, 738]
757WA0113_10_134009_260518232608_00_00_1160.mp4,[12, 342, 536, 729]
757WA0114_162_679929_260521022446_00_02_3759.mp4,[605, 193, 848, 406]
757WA011524_122_44179_260519053335_00_00_3005.mp4,[1368, 268, 1620, 406]
757WA011524_240_1393379_260522112535_00_00_3643.mp4,[1003, 216, 1312, 401]
757WA011524_83_21509_260518184808_00_00_9255.mp4,[1111, 328, 1466, 520]
757WA011528_244_801569_260521080415_00_00_8060.mp4,[1422, 188, 1703, 570]
757WA011529_127_46339_260519054040_00_00_4116.mp4,[143, 248, 353, 444]
757WA011529_245_567749_260520211818_00_00_3850.mp4,[315, 201, 678, 336]
757WA011595_128_1069729_260522054516_00_00_1199.mp4,[1254, 329, 1685, 637]
757WA0115_12_195109_260519021545_00_02_7318.mp4,[916, 326, 1297, 634]
757WA0115_163_169319_260520024716_00_02_9150.mp4,[1060, 3, 1442, 356]
757WA011610_132_463409_260520005250_00_00_9022.mp4,[1224, 316, 1508, 606]
757WA011610_132_528829_260520035517_00_00_2045.mp4,[971, 522, 1259, 927]
757WA011612_134_2090319_260523041521_00_00_1179.mp4,[1491, 307, 1906, 680]
757WA0116_164_746049_260521052821_00_02_7185.mp4,[665, 485, 1033, 914]
757WA0116_164_791559_260521073441_00_00_4033.mp4,[914, 454, 1202, 741]
757WA0117_165_437829_260520151248_00_02_9035.mp4,[891, 97, 1110, 603]
757WA011832_218_1085789_260521212220_00_02_4018.mp4,[1213, 134, 1482, 402]
757WA011862_148_1519759_260522015740_00_00_9666.mp4,[1321, 87, 1548, 238]
757WA011868_150_49309_260519054941_00_00_5905.mp4,[392, 2, 972, 540]
757WA011876_151_164559_260519080712_00_02_3560.mp4,[1034, 529, 1310, 953]
757WA01188_585_1904979_260521194200_00_00_8125.mp4,[1508, 581, 1920, 805]
757WA01188_585_1941209_260521212235_00_00_5128.mp4,[488, 546, 807, 796]
757WA011896_155_2126209_260523060258_00_00_8219.mp4,[1476, 64, 1733, 341]
757WA011896_155_708369_260520122146_00_00_6617.mp4,[1423, 52, 1913, 445]
757WA012038_261_444089_260520153747_00_00_5768.mp4,[1121, 91, 1386, 369]
757WA0123_170_677079_260521010034_00_02_4243.mp4,[1259, 400, 1428, 549]
757WA0123_170_753699_260521042454_00_00_9377.mp4,[1333, 689, 1780, 1073]
757WA0126_172_1148099_260521215703_00_02_2473.mp4,[914, 5, 1099, 238]
757WA01286_125_2341849_260524030045_00_00_6254.mp4,[333, 225, 682, 449]
757WA01288_127_1213109_260522005300_00_00_4069.mp4,[662, 478, 1022, 698]
757WA01288_127_759149_260521044308_00_00_3198.mp4,[336, 540, 672, 785]
757WA01290_128_1310419_260522051212_00_00_2486.mp4,[399, 269, 903, 611]
757WA01293_06_176689_260519013302_00_00_2601.mp4,[722, 4, 1049, 324]
757WA0129_24_116009_260518222118_00_02_8868.mp4,[389, 499, 679, 854]
757WA01339_141_887609_260521120635_00_00_3080.mp4,[273, 36, 635, 340]
757WA01339_70_234049_260519141634_00_00_7163.mp4,[632, 736, 1019, 952]
757WA01344_143_278289_260520075504_00_00_7751.mp4,[290, 416, 600, 660]
757WA01344_143_278659_260520075606_00_00_6448.mp4,[320, 359, 520, 655]
757WA01345_144_215589_260520043504_00_00_9707.mp4,[496, 216, 957, 681]
757WA01345_144_406889_260520130512_00_00_6113.mp4,[427, 251, 920, 815]
757WA01350_77_44729_260519052349_00_00_6285.mp4,[77, 63, 450, 675]
757WA01352_150_660559_260521002042_00_02_8779.mp4,[621, 67, 1672, 896]
757WA01352_150_662559_260521002602_00_02_3636.mp4,[635, 125, 920, 359]
757WA01352_17_104889_260518220154_00_02_6290.mp4,[803, 255, 1167, 626]
757WA01352_17_142639_260518234230_00_00_8911.mp4,[614, 278, 1026, 989]
757WA01353_151_149429_260520013830_00_02_2925.mp4,[568, 214, 833, 655]
757WA01357_154_66739_260519215809_00_02_7808.mp4,[988, 333, 1293, 591]
757WA01365_156_846409_260521083727_00_02_1904.mp4,[984, 463, 1156, 837]
757WA01369_598_142009_260518234213_00_00_6111.mp4,[901, 277, 1167, 628]
757WA01371_120_72149_260519064009_00_02_4218.mp4,[447, 693, 911, 1065]
757WA01371_159_501169_260520171602_00_00_8406.mp4,[669, 57, 1104, 647]
757WA01384_132_169_260519032846_00_00_6516.mp4,[233, 280, 459, 511]
757WA01394_174_1764139_260523012450_00_02_4826.mp4,[1228, 226, 1711, 737]
757WA01398_68_200409_260519122059_00_02_2853.mp4,[1489, 404, 1737, 688]
757WA01489_234_642509_260520233435_00_00_6204.mp4,[195, 309, 903, 1055]
757WA01490_235_1620179_260522190204_00_00_8858.mp4,[1433, 216, 1641, 461]
757WA01490_235_40289_260519204828_00_00_3352.mp4,[859, 416, 1231, 711]
757WA01491_236_587439_260520210748_00_02_3018.mp4,[1595, 314, 1752, 482]
757WA01491_84_77109_260518205422_00_02_9945.mp4,[1619, 357, 1832, 597]
757WA01496_241_1219329_260522011305_00_00_3195.mp4,[898, 314, 1774, 663]
757WA01506_269_523859_260524033944_00_02_2045.mp4,[1011, 417, 1407, 732]
757WA01513_249_2520789_260524151137_00_00_8519.mp4,[990, 535, 1290, 880]
757WA01578_210_1324619_260522055135_00_02_7972.mp4,[338, 719, 631, 1078]
757WA01650_189_238679_260519143150_00_00_6602.mp4,[1324, 330, 1629, 551]
757WA01693_226_1252299_260522050526_00_00_8665.mp4,[274, 412, 629, 706]
757WA01694_227_1366149_260522102206_00_00_3218.mp4,[1356, 236, 1541, 349]
757WA01865_166_633229_260520233250_00_00_2892.mp4,[993, 304, 1430, 523]
757WA0189_166_181969_260520032605_00_00_1444.mp4,[535, 235, 730, 416]
757WA01988_102_21139_260519042556_00_00_5621.mp4,[198, 308, 350, 433]
757WA0205_244_461399_260520153054_00_02_1952.mp4,[690, 99, 852, 254]
757WA0215_175_1393259_260522112854_00_02_7221.mp4,[266, 218, 499, 550]
757WA0221_91_278019_260519162103_00_00_6889.mp4,[538, 478, 1042, 909]
757WA0228_113_1737239_260523001226_00_00_9834.mp4,[1260, 301, 1531, 434]
757WA0242_209_1171269_260521230448_00_00_6709.mp4,[643, 8, 849, 346]
757WE0107_255_1876029_260520002106_00_02_4581.mp4,[596, 46, 941, 439]
757WE0107_255_1877529_260520002516_00_02_4448.mp4,[526, 89, 944, 472]
757WE0107_255_3729439_260523141156_00_02_8909.mp4,[625, 156, 831, 531]
757WE01101_292_395979_260520014816_00_02_1493.mp4,[1324, 228, 1557, 594]
757WE01113_302_1244329_260521153053_00_02_8948.mp4,[225, 740, 441, 1020]
757WE01134_283_1623569_260522082434_00_00_1625.mp4,[1448, 847, 1826, 1022]
757WE01160_293_2669229_260521080619_00_00_5616.mp4,[1111, 135, 1271, 439]
757WE0116_259_1391179_260518231713_00_02_2630.mp4,[131, 92, 356, 385]
757WE0116_259_1539229_260519055202_00_00_3633.mp4,[1445, 340, 1745, 673]
757WE0116_259_1577599_260519073423_00_00_3426.mp4,[1424, 339, 1727, 665]
757WE0116_259_1618729_260519092405_00_00_5670.mp4,[1434, 308, 1744, 666]
757WE0116_259_2537989_260521021525_00_02_3437.mp4,[129, 158, 517, 512]
757WE0116_259_2801449_260521135802_00_00_4160.mp4,[113, 156, 545, 696]
757WE0116_259_3158979_260522055130_00_02_9972.mp4,[233, 392, 416, 615]
757WE0116_259_4171129_260524025307_00_00_3820.mp4,[1415, 343, 1731, 670]
757WE0116_259_4194499_260524035527_00_00_5113.mp4,[1427, 335, 1729, 674]
757WE0116_259_4195859_260524035904_00_00_2487.mp4,[1424, 334, 1722, 661]
757WE0116_259_4464559_260524155541_00_00_3990.mp4,[172, 152, 538, 665]
757WE01171_296_2073469_260520053742_00_02_1370.mp4,[641, 81, 882, 273]
757WE01171_296_2493709_260521001825_00_02_6786.mp4,[691, 107, 852, 232]
757WE01171_296_3011359_260521231901_00_02_4116.mp4,[644, 111, 841, 261]
757WE01171_296_4170619_260524025225_00_02_9938.mp4,[652, 107, 833, 278]
757WE01172_297_2772439_260521124701_00_00_8110.mp4,[857, 645, 1520, 1072]
757WE01184_276_509509_260520065026_00_00_4918.mp4,[758, 460, 1076, 656]
757WE01184_276_666019_260520134749_00_00_6201.mp4,[1020, 543, 1219, 972]
757WE0118_261_1464469_260519051846_00_00_6442.mp4,[1075, 472, 1711, 715]
757WE01195_215_2232039_260520124047_00_02_4761.mp4,[568, 3, 1175, 510]
757WE01211_219_3545299_260522225755_00_00_6259.mp4,[434, 189, 760, 610]
757WE01220_271_1176239_260518134422_00_02_3973.mp4,[637, 776, 811, 976]
757WE01224_274_2532299_260521020150_00_02_3697.mp4,[20, 363, 367, 674]
757WE01224_274_3154809_260522054211_00_00_6357.mp4,[-2, 249, 441, 595]
757WE01236_277_2443829_260520220810_00_00_7863.mp4,[627, 630, 894, 941]
757WE01245_263_138389_260518141519_00_02_8492.mp4,[1230, 662, 1622, 980]
757WE01245_263_914389_260520004455_00_02_1795.mp4,[1352, 726, 1561, 940]
757WE01245_263_957629_260520024014_00_02_3927.mp4,[1351, 837, 1543, 1060]
757WE01287_299_1128369_260518113736_00_02_3416.mp4,[1183, 245, 1328, 413]
757WE01289_223_3003469_260522042407_00_00_1122.mp4,[841, 467, 1031, 643]
757WE0128_200_2082949_260520055854_00_00_9376.mp4,[805, 586, 1430, 935]
757WE01293_226_3157029_260522054804_00_00_4726.mp4,[923, 204, 1266, 384]
757WE01312_213_1285709_260518210355_00_02_9659.mp4,[723, 153, 906, 386]
757WE0131_1104_1462959_260519045850_00_00_9309.mp4,[1570, 303, 1763, 565]
757WE01350_165_3577719_260522052232_00_00_9877.mp4,[338, 496, 760, 977]
757WE01363_177_3079789_260521065731_00_00_5111.mp4,[155, 651, 1191, 1053]
757WE01366_280_1171659_260518152808_00_00_3635.mp4,[772, 126, 1174, 334]
757WE01366_280_2366359_260520223042_00_00_4076.mp4,[671, 88, 1056, 307]
757WE01366_280_3525439_260523035448_00_00_9929.mp4,[821, 23, 1098, 299]
757WE01402_112_1610539_260518075617_00_00_4011.mp4,[325, 544, 764, 1019]
757WE01402_112_2108069_260519060322_00_00_2227.mp4,[1328, 278, 1548, 591]
757WE01402_112_2692529_260520080225_00_00_1069.mp4,[274, 469, 808, 636]
757WE01492_290_1337789_260521194011_00_00_5229.mp4,[1216, 136, 1501, 263]
757WE01492_290_1531519_260522041651_00_02_1559.mp4,[1436, 185, 1805, 496]
757WE01492_290_428599_260520031457_00_00_6356.mp4,[1130, 48, 1513, 263]
757WE01518_316_410659_260520022610_00_00_7146.mp4,[295, 224, 823, 503]
757WE0152_208_2422749_260521013732_00_00_7467.mp4,[1275, 117, 1788, 582]
757WE01541_339_922679_260521025517_00_02_4422.mp4,[875, 30, 1243, 384]
757WE01547_787_12533499_260520220611_00_00_5515.mp4,[58, 457, 413, 645]
757WE01553_253_1363269_260520203719_00_00_6273.mp4,[189, 444, 540, 969]
757WE01556_792_13141849_260522014335_00_00_1250.mp4,[1295, 361, 1531, 617]
757WE01561_254_1473579_260521013557_00_00_6221.mp4,[947, 449, 1233, 722]
757WE01561_254_2557109_260523014523_00_00_5333.mp4,[919, 459, 1182, 721]
757WK01193_369_2131949_260520044936_00_02_9564.mp4,[1220, 382, 1358, 620]
757WK01457_394_2561519_260521004758_00_00_6152.mp4,[1011, 177, 1142, 366]
757WK01460_350_2668469_260521054304_00_02_1025.mp4,[868, 452, 1077, 581]
757WK01599_357_2651969_260521045801_00_00_7120.mp4,[667, 102, 867, 335]
759VA0262_00_23039_260520045235_00_02_6215.mp4,[389, 508, 610, 703]
760W02100_150_2641729_260520005447_00_02_5582.mp4,[1581, 719, 1800, 906]
760W02106_199_1416339_260518213044_00_00_7244.mp4,[1252, 261, 1544, 449]
760W02123_216_1488309_260518220450_00_02_8575.mp4,[172, 377, 385, 606]
760W02123_216_2536919_260520204407_00_00_6146.mp4,[247, 409, 523, 685]
760W02123_216_2723729_260521050217_00_02_6282.mp4,[255, 395, 523, 634]
760W02128_221_1360159_260518162332_00_00_7130.mp4,[1444, 536, 1596, 683]
760W02128_296_49619_260524150803_00_00_7345.mp4,[1468, 554, 1607, 690]
760W02130_223_2591939_260520231118_00_00_9065.mp4,[158, 665, 488, 1059]
760W02131_224_4049239_260523155745_00_02_3095.mp4,[569, 287, 974, 696]
760W02144_237_3003749_260521230305_00_02_7620.mp4,[1392, 725, 1656, 1069]
760W02146_239_3526089_260522232114_00_00_8898.mp4,[289, 588, 596, 894]
760W02185_140_2007709_260520005745_00_02_6023.mp4,[1210, 424, 1549, 767]
760W02185_140_2640429_260521061635_00_00_7567.mp4,[1230, 299, 1712, 796]
760W02192_190_1453179_260518231244_00_00_4680.mp4,[340, 93, 549, 362]
760W02213_234_2272179_260520131251_00_00_3459.mp4,[569, 395, 1000, 819]
760W02216_237_1529329_260519024813_00_00_8798.mp4,[878, 199, 1135, 368]
760W02219_239_2150709_260520073532_00_00_4890.mp4,[1080, 64, 1397, 311]
760W02438_273_2698119_260521194203_00_02_6907.mp4,[305, 728, 523, 943]
760W02448_283_995079_260518125122_00_02_6393.mp4,[766, 580, 1028, 938]
760W02449_305_2091079_260521003938_00_02_7748.mp4,[934, 577, 1104, 710]
760W02479_263_1133329_260520075720_00_02_3152.mp4,[757, 457, 1059, 697]
760W02612_327_506479_260520132014_00_02_7201.mp4,[605, 649, 951, 1073]
760WH01243_305_3615269_260524015138_00_02_9487.mp4,[141, 107, 350, 382]
760WH01504_282_3139319_260523034315_00_00_1783.mp4,[1318, 332, 1545, 548]
760WH01518_287_2378739_260521120408_00_00_8268.mp4,[960, 8, 1352, 299]
762VA01174_04_2601129_260521215555_00_00_9081.mp4,[747, 538, 1178, 783]
762VA01234_88_1163809_260521081702_00_00_1933.mp4,[89, 481, 341, 659]
762VA01255_29_2057529_260522213254_00_00_6328.mp4,[502, 37, 769, 234]
762VA01255_29_781509_260520125009_00_00_8881.mp4,[509, 39, 799, 267]
762VA02165_71_5708159_260522013117_00_00_6841.mp4,[783, 3, 946, 275]
762VA02168_74_4699649_260520044214_00_02_2136.mp4,[964, 322, 1145, 535]
762VA02168_74_5876449_260522090024_00_02_9194.mp4,[851, 379, 1132, 696]
762VA02242_46_894599_260519220948_00_02_7478.mp4,[771, 413, 1138, 780]
762VA02340_23_1174559_260520104305_00_02_4028.mp4,[489, 264, 795, 614]
763X0104_13_26349_260521045034_00_00_8580.mp4,[1002, 649, 1901, 1066]
763X0122_82_6178859_260519034410_00_02_7116.mp4,[763, 395, 1003, 744]
763X01336_03_39239_260522050109_00_02_6361.mp4,[602, 1, 984, 311]
763X01336_03_45599_260522051839_00_02_7451.mp4,[611, 1, 891, 309]
763X01336_53_490499_260522014158_00_02_7148.mp4,[510, 1, 1006, 615]
763X01336_53_510679_260522023741_00_02_6716.mp4,[588, 1, 837, 282]
763X0133_22_377609_260522202623_00_00_4859.mp4,[1241, 807, 1415, 977]
763X01341_32_48129_260521005411_00_02_5204.mp4,[561, 717, 882, 1076]
763X01341_32_59429_260521012525_00_02_9418.mp4,[596, 652, 940, 1075]
763X01341_32_60689_260521012855_00_02_4424.mp4,[638, 759, 861, 1009]
763X01341_77_14279799_260520022005_00_02_4433.mp4,[577, 702, 910, 1077]
763X01346_63_510169_260522024546_00_02_5852.mp4,[444, 91, 1488, 1070]
763X01369_30_73969_260521010737_00_02_6505.mp4,[614, 547, 846, 847]
763X01370_18_458229_260521000702_00_02_8154.mp4,[926, 303, 1141, 525]
763X01372_08_39299_260524045122_00_00_1883.mp4,[1, 704, 1064, 1075]
763X01373_07_40559_260520045504_00_02_3909.mp4,[1168, 631, 1409, 902]
763X01375_11_789_260524030446_00_02_4806.mp4,[717, 284, 946, 638]
763X01378_29_60079_260522054653_00_02_5736.mp4,[658, 495, 908, 698]
763X01380_20_410969_260520215614_00_02_1619.mp4,[1135, 764, 1389, 1076]
763X01380_20_513919_260522023915_00_02_6912.mp4,[1104, 735, 1356, 1077]
763X01384_24_336009_260520182833_00_02_7155.mp4,[764, 392, 971, 630]
763X01384_24_424959_260521223425_00_02_4151.mp4,[947, 362, 1218, 675]
763X01384_31_14168759_260519211416_00_02_5374.mp4,[1105, 420, 1283, 702]
763X01386_26_427459_260521224130_00_02_4756.mp4,[691, 650, 1036, 978]
763X01386_26_503349_260522021102_00_02_6777.mp4,[920, 587, 1227, 922]
763X01386_33_13700839_260518233731_00_02_2635.mp4,[754, 428, 1208, 953]
763X01396_36_98089_260520073201_00_02_5689.mp4,[696, 1, 1486, 771]
763X0144_18_79459_260523064122_00_02_4465.mp4,[1284, 705, 1628, 1056]
763X0161_25_13710129_260519025434_00_02_3002.mp4,[656, 153, 1063, 499]
763X0168_18_259159_260520004022_00_02_9176.mp4,[1075, 114, 1423, 532]
763X0177_25_64779_260520060935_00_00_3962.mp4,[946, 435, 1341, 734]
763X021098_12_28189_260522041856_00_02_4946.mp4,[598, 579, 941, 992]
763X021101_07_13653299_260518190507_00_02_5286.mp4,[836, 83, 1067, 338]
763X021101_07_13653609_260518190556_00_02_7774.mp4,[844, 348, 979, 505]
763X021101_07_13661369_260518192638_00_02_9519.mp4,[876, 255, 1093, 521]
763X021101_63_225299_260520130420_00_02_8766.mp4,[790, 222, 1136, 521]
763X021101_63_238269_260520133855_00_02_7718.mp4,[798, 275, 1106, 565]
763X021101_63_239299_260520134140_00_02_9168.mp4,[779, 248, 1017, 532]
763X021101_63_242899_260520135116_00_02_6845.mp4,[915, 161, 1033, 307]
763X021101_63_243069_260520135143_00_02_5613.mp4,[818, 148, 1049, 410]
763X021101_73_182729_260521111135_00_02_8741.mp4,[858, 130, 1083, 349]
763X021101_73_330019_260521174422_00_02_7759.mp4,[869, 302, 1051, 439]
763X021102_08_837599_260518185959_00_02_1025.mp4,[479, 143, 647, 408]
763X021102_08_837639_260518190004_00_02_8446.mp4,[522, 184, 658, 391]
763X021102_08_837729_260518190015_00_02_2739.mp4,[531, 153, 661, 424]
763X021102_08_838379_260518190133_00_02_1762.mp4,[512, 164, 627, 365]
763X021102_08_849669_260518192627_00_02_4727.mp4,[404, 135, 647, 419]
763X021102_08_849909_260518192706_00_02_7623.mp4,[444, 219, 653, 436]
763X021102_64_245759_260520130320_00_02_5344.mp4,[385, 176, 680, 449]
763X021102_74_435099_260521205159_00_02_5312.mp4,[487, 214, 675, 435]
763X021186_00_117619_260522185409_00_00_5998.mp4,[980, 199, 1232, 314]
763X021291_87_447709_260521235119_00_00_2780.mp4,[976, 46, 1236, 275]
763X021320_08_48379_260519015413_00_00_4666.mp4,[586, 69, 862, 202]
763X021327_13_486419_260521004021_00_00_7110.mp4,[826, 266, 1159, 488]
763X021463_10_22249_260521043714_00_02_3804.mp4,[637, 47, 903, 404]
763X021483_05_929_260520224109_00_02_3654.mp4,[941, 83, 1355, 365]
763X021488_13_228629_260522154903_00_02_4743.mp4,[94, 356, 302, 601]
763X021491_06_231729_260521134612_00_00_6096.mp4,[395, 119, 538, 237]
763X021494_24_439869_260520223537_00_02_3578.mp4,[1003, 625, 1152, 917]
763X021496_08_5437119_260518090338_00_02_5617.mp4,[1560, 639, 1683, 909]
763X021504_98_440289_260520223545_00_02_7500.mp4,[1364, 277, 1571, 626]
763X021519_18_29669_260520132333_00_00_5733.mp4,[1151, 309, 1632, 824]
763X021525_34_5524529_260519060804_00_02_8678.mp4,[372, 109, 638, 349]
763X02384_17_427919_260523225558_00_02_4699.mp4,[364, 158, 541, 328]
763X02520_03_1949_260521013329_00_02_4697.mp4,[895, 228, 1237, 558]
763X02522_02_6058819_260519025251_00_02_6533.mp4,[1599, 480, 1851, 782]
763X02675_20_84469_260522073609_00_02_1529.mp4,[837, 70, 1163, 333]
763X02698_08_13804189_260519071621_00_02_9829.mp4,[401, 714, 636, 957]
763X0278_112_1255969_260519135700_00_00_4412.mp4,[1391, 349, 1581, 499]
763X02832_28_215659_260523162003_00_02_5375.mp4,[556, 785, 817, 1075]
763X02832_28_225509_260523164715_00_02_7927.mp4,[555, 747, 863, 1078]
763X02832_28_241349_260523173055_00_02_1392.mp4,[559, 787, 783, 1071]
763X02835_19_478639_260521010620_00_02_1756.mp4,[768, 527, 917, 817]
763X02835_19_501469_260521020925_00_02_5946.mp4,[772, 474, 956, 788]
763X02839_23_346469_260520185925_00_02_2330.mp4,[647, 474, 916, 729]
763X02839_25_17139_260524042916_00_02_5646.mp4,[654, 304, 896, 579]
763X02839_35_48029_260521051450_00_02_3249.mp4,[682, 455, 842, 677]
763X02839_35_49469_260522051812_00_02_3868.mp4,[706, 351, 882, 550]
763X02839_35_57989_260522054142_00_02_1372.mp4,[812, 234, 1012, 489]
763X02861_17_35369_260521061825_00_02_6687.mp4,[709, 528, 1100, 896]
763X02861_29_5678929_260519233336_00_02_8282.mp4,[759, 584, 1227, 1075]
763X02863_19_3379_260521165111_00_02_6876.mp4,[158, 525, 701, 1071]
763X02878_90_22159_260524040241_00_02_9060.mp4,[656, 468, 1153, 1065]
763X0288_79_1332359_260519172113_00_00_4069.mp4,[1463, 418, 1635, 558]
763X02890_52_13670859_260518221635_00_02_2005.mp4,[918, 678, 1297, 1075]
763X02890_52_13775999_260519030720_00_02_5021.mp4,[757, 602, 1182, 1053]
763X02898_46_51579_260521052310_00_02_9846.mp4,[708, 196, 1056, 712]
763X02901_62_14243819_260520004230_00_02_7541.mp4,[180, 8, 870, 1076]
763X02902_17_7909_260523050546_00_02_3268.mp4,[733, 653, 1111, 1068]
763X02902_63_13638129_260518204242_00_02_3890.mp4,[692, 634, 1186, 1075]
763X02914_49_491259_260521014803_00_00_2555.mp4,[641, 7, 1810, 1065]
763X02918_02_317689_260523222524_00_02_1368.mp4,[664, 452, 1190, 1071]
763X02918_02_355689_260524001057_00_02_4767.mp4,[746, 544, 1367, 1072]
763X02918_24_31809_260524043419_00_02_6800.mp4,[654, 394, 1200, 1072]
763X02922_29_27369_260521225810_00_02_5318.mp4,[797, 434, 1289, 1074]
763X02926_00_156729_260521115647_00_02_3338.mp4,[546, 1, 1249, 756]
763X02926_10_150489_260523144106_00_02_6469.mp4,[956, 488, 1458, 1075]
763X02926_10_354919_260524000900_00_02_6147.mp4,[952, 348, 1605, 1073]
763X02926_16_14148299_260519233813_00_02_1496.mp4,[1141, 107, 1491, 984]
763X02927_01_39109_260521172956_00_02_1404.mp4,[659, 388, 1154, 912]
763X02929_19_13606179_260518223412_00_02_4414.mp4,[736, 427, 1549, 1074]
769WB0103_02_319809_260521051220_00_00_8281.mp4,[260, 358, 719, 542]
769WB0105_22_2157979_260519035611_00_00_1687.mp4,[44, 140, 311, 338]
769WB011001_99_277299_260523013832_00_00_5062.mp4,[305, 294, 518, 550]
769WB011002_100_235579_260522234239_00_02_6258.mp4,[130, 268, 334, 500]
769WB011002_100_284039_260523015716_00_00_3237.mp4,[281, 165, 488, 323]
769WB011003_31_700979_260521232516_00_00_7416.mp4,[300, 309, 591, 573]
769WB01290_67_117289_260522224300_00_00_2938.mp4,[545, 85, 960, 570]
769WB01301_244_184399_260522211817_00_00_4027.mp4,[278, 133, 636, 403]
769WB01301_244_288379_260523020707_00_00_7260.mp4,[310, 132, 629, 404]
769WB01359_261_821779_260524024903_00_00_5906.mp4,[534, 292, 777, 568]
769WB01360_262_312179_260523031330_00_00_4817.mp4,[488, 161, 874, 557]
769WB01360_262_373909_260523060458_00_00_3188.mp4,[401, 165, 748, 572]
769WB01374_196_287429_260523020502_00_02_1507.mp4,[101, 348, 358, 570]
769WB01384_58_2534239_260519204050_00_00_3259.mp4,[431, 167, 644, 386]
769WB01479_43_5299829_260518224815_00_02_7033.mp4,[1090, 696, 1214, 938]
769WB01561_216_403889_260523072715_00_00_4035.mp4,[28, 411, 447, 947]
769WB01573_53_5300289_260518224806_00_02_4917.mp4,[567, 23, 810, 304]
769WB01581_56_5280389_260518215421_00_02_8158.mp4,[432, 19, 663, 321]
769WB01582_23_175209_260520230153_00_02_8802.mp4,[766, 153, 993, 440]
769WB01584_59_5869819_260520011307_00_02_9001.mp4,[865, 372, 1121, 599]
769WB01602_73_870689_260520012001_00_02_6868.mp4,[1458, 674, 1915, 1078]
769WB01606_38_265859_260521031354_00_00_6317.mp4,[760, 292, 1070, 553]
769WB01626_186_279829_260523011735_00_00_8094.mp4,[400, 523, 1295, 1072]
769WB01638_45_195969_260522081033_00_02_5353.mp4,[342, 377, 981, 1074]
769WB01648_92_5844639_260520000211_00_02_7961.mp4,[611, 305, 841, 548]
769WB01649_257_291559_260523021547_00_00_3211.mp4,[1169, 459, 1463, 746]
769WB01670_261_332799_260523041242_00_02_8925.mp4,[731, 263, 1217, 843]
769WB01722_51_150879_260522194614_00_00_1600.mp4,[814, 298, 1347, 707]
769WB01722_51_151519_260522194801_00_00_9979.mp4,[808, 306, 1299, 698]
769WB01726_278_342429_260523043557_00_00_7629.mp4,[713, 494, 1008, 747]
769WB01736_39_5306649_260518231557_00_00_6271.mp4,[1028, 61, 1277, 456]
769WB01740_62_5939989_260520042603_00_02_7944.mp4,[1014, 690, 1354, 1078]
769WB01743_26_125709_260520203042_00_02_4164.mp4,[1338, 798, 1665, 1076]
769WB01743_26_132169_260520204755_00_02_7348.mp4,[1255, 735, 1685, 1071]
769WB01743_26_193219_260520233037_00_02_1811.mp4,[1072, 591, 1779, 1073]
769WB01743_26_197129_260520234102_00_02_8087.mp4,[1167, 679, 1405, 1056]
769WB01743_26_212619_260521002219_00_02_3840.mp4,[1131, 602, 1472, 1069]
769WB01743_26_277739_260521031553_00_02_5751.mp4,[1197, 846, 1424, 1076]
769WB01743_96_811619_260524004856_00_02_6723.mp4,[1095, 628, 1645, 1072]
769WB01750_70_5799099_260519215036_00_00_9885.mp4,[187, 226, 945, 808]
769WB01869_25_5929829_260520035205_00_00_3112.mp4,[545, 235, 744, 386]
769WB01903_44_5792439_260519212613_00_00_6835.mp4,[561, 94, 960, 509]
769WB01999_01_753059_260522015504_00_02_5363.mp4,[704, 268, 960, 496]
769WM011007_243_2380099_260520010601_00_02_2099.mp4,[249, 712, 640, 1076]
769WM011007_243_2459869_260520044823_00_02_2997.mp4,[176, 791, 475, 1075]
769WM011026_07_6560799_260520073541_00_02_7226.mp4,[557, 22, 860, 323]
769WM011036_17_8222009_260523123618_00_00_3834.mp4,[107, 500, 405, 661]
769WM011048_29_6753989_260520163446_00_00_1951.mp4,[1304, 447, 1524, 734]
769WM011056_37_7880209_260522204517_00_00_3269.mp4,[1110, 455, 1371, 576]
769WM011093_231_3740529_260522160812_00_00_6330.mp4,[1015, 2, 1751, 602]
769WM011125_246_2601419_260521154448_00_00_7112.mp4,[777, 392, 1144, 650]
769WM011125_246_3086199_260522141221_00_00_3212.mp4,[1471, 378, 1736, 616]
769WM011154_246_3248849_260522213352_00_00_8519.mp4,[1110, 235, 1294, 424]
769WM011164_89_235859_260519021726_00_00_7501.mp4,[226, 743, 407, 1075]
769WM011209_185_5379289_260522143748_00_02_5355.mp4,[674, 211, 943, 532]
769WM01190_96_1470969_260520124243_00_00_5940.mp4,[114, 533, 277, 673]
769WM0138_96_35499_260522045750_00_00_7172.mp4,[1329, 261, 1565, 506]
769WM01429_86_885729_260520083251_00_00_6289.mp4,[1122, 559, 1275, 792]
769WM01438_194_4869329_260519013934_00_02_5659.mp4,[991, 637, 1152, 827]
769WM01442_197_5206859_260519163235_00_02_2020.mp4,[1225, 3, 1563, 403]
769WM01445_198_5916889_260521012513_00_02_1523.mp4,[1423, 1, 1751, 351]
769WM01474_18_1317479_260519041531_00_02_1202.mp4,[770, 43, 1367, 611]
769WM0161_155_382709_260521121445_00_00_2052.mp4,[753, 218, 1013, 494]
769WM0165_148_36819_260520201252_00_02_6000.mp4,[529, 38, 741, 258]
769WM01760_14_7036409_260521054202_00_00_9243.mp4,[403, 444, 784, 760]
769WM01764_105_2318669_260522034737_00_00_9786.mp4,[1561, 147, 1721, 285]
769WM01792_48_2509539_260522123758_00_00_1855.mp4,[671, 275, 904, 501]
769WM01800_237_5432829_260520020521_00_00_5119.mp4,[635, 43, 1566, 1064]
769WM01800_237_5455259_260520030720_00_00_4094.mp4,[962, 318, 1458, 600]
769WM01866_168_4268459_260520021825_00_02_1745.mp4,[668, 495, 956, 753]
769WM01905_199_3939149_260519214350_00_00_2705.mp4,[680, 149, 907, 473]
769WM01910_203_4331129_260520155243_00_00_9571.mp4,[443, 362, 646, 515]
769WM01927_268_2655209_260521180943_00_00_9602.mp4,[549, 585, 893, 1012]
769WM01987_200_5715719_260520162944_00_00_2886.mp4,[447, 333, 1031, 778]
769WM01993_206_6005599_260521055521_00_00_8052.mp4,[1494, 223, 1918, 588]
769WM01996_209_4968059_260519055110_00_00_7587.mp4,[1068, 205, 1520, 440]
769XG011003_59_1576829_260521163226_00_02_9735.mp4,[1159, 452, 1361, 706]
769XG011026_52_583789_260519183349_00_00_7194.mp4,[240, 1, 584, 320]
769XG011026_52_944179_260520111455_00_00_8489.mp4,[532, 2, 1060, 272]
769XG011034_65_411439_260518080318_00_00_3211.mp4,[982, 133, 1153, 388]
769XG011038_49_1395489_260521080928_00_02_4468.mp4,[1213, 15, 1474, 217]
769XG011043_27_1362989_260521053943_00_00_2728.mp4,[845, 0, 1215, 357]
769XG011043_27_420939_260519100252_00_02_7060.mp4,[786, 35, 1077, 400]
769XG011043_27_78209_260518181050_00_02_9967.mp4,[863, 1, 1193, 292]
769XG011043_64_401609_260518073554_00_00_7921.mp4,[910, 5, 1401, 379]
769XG011215_20_401469_260519100752_00_00_2954.mp4,[0, 26, 628, 437]
769XG011215_20_407239_260519102354_00_00_3810.mp4,[28, 49, 436, 255]
769XG011215_20_451109_260519122546_00_00_1304.mp4,[-1, 61, 408, 319]
769XG011218_22_406909_260519102300_00_00_1154.mp4,[890, 209, 1077, 332]
769XG011218_22_447929_260519121657_00_00_1797.mp4,[858, 216, 1158, 340]
769XG011222_24_1219439_260521000009_00_02_8034.mp4,[665, 321, 809, 624]
769XG011222_24_1697209_260521220718_00_00_9890.mp4,[1473, 242, 1878, 499]
769XG011224_26_831019_260520042631_00_00_5555.mp4,[884, 435, 1548, 1057]
769XG011224_26_906659_260520074814_00_00_6741.mp4,[1203, 522, 1823, 1073]
769XG011225_27_1956239_260522062725_00_00_2255.mp4,[1465, 323, 1725, 557]
769XG011229_30_314209_260519052821_00_02_3964.mp4,[965, 178, 1473, 1064]
769XG011229_30_452159_260521044055_00_00_8162.mp4,[774, 269, 1195, 731]
769XG011229_30_458889_260521045852_00_00_4675.mp4,[645, 330, 1088, 639]
769XG011229_30_830309_260522211843_00_00_8951.mp4,[632, 193, 1406, 1070]
769XG011229_30_830669_260522211940_00_00_7994.mp4,[713, 192, 1349, 1066]
769XG011229_30_830749_260522211953_00_00_4404.mp4,[743, 234, 1314, 1071]
769XG011230_31_157319_260518222958_00_00_8244.mp4,[806, 787, 976, 1073]
769XG011230_31_295339_260522220726_00_02_5647.mp4,[765, 250, 1086, 588]
769XG011230_31_416589_260523033046_00_00_1689.mp4,[634, 227, 981, 788]
769XG011232_32_362959_260523010803_00_00_6014.mp4,[470, 3, 864, 304]
769XG011233_33_288659_260520212538_00_02_1081.mp4,[1052, 313, 1458, 1076]
769XG011233_33_450049_260522042533_00_00_3398.mp4,[979, 101, 1346, 566]
769XG011233_33_487439_260522060516_00_00_8513.mp4,[762, 7, 1184, 833]
769XG011235_34_322299_260520225530_00_02_8820.mp4,[1091, 88, 1311, 659]
769XG011235_34_374209_260521011356_00_02_5463.mp4,[1297, 208, 1560, 587]
769XG011236_35_794479_260520024911_00_00_3291.mp4,[957, 341, 1147, 701]
769XG011237_36_272739_260519033750_00_02_4800.mp4,[741, 238, 1055, 600]
769XG011237_36_393139_260522015747_00_00_7611.mp4,[834, 3, 1509, 544]
769XG011241_39_297799_260521214024_00_02_8777.mp4,[496, 580, 1020, 1071]
769XG011241_39_491969_260519132230_00_00_5238.mp4,[1230, 716, 1716, 1077]
769XG011269_23_906769_260520083221_00_02_6760.mp4,[20, 553, 559, 1074]
769XG011629_09_1322959_260521011844_00_00_5716.mp4,[1421, 375, 1874, 868]
769XG011824_03_82479_260518190847_00_02_7500.mp4,[1418, 450, 1638, 853]
769XG012138_23_511909_260519151341_00_00_2067.mp4,[1561, 176, 1847, 401]
769XG012140_25_1327489_260521045915_00_00_4573.mp4,[1330, 176, 1921, 1070]
769XG012143_26_1300439_260521034407_00_00_3070.mp4,[1429, 485, 1748, 963]
769XG012143_69_72639_260523052207_00_00_1409.mp4,[963, 501, 1739, 1046]
769XG012143_69_72669_260523052212_00_00_2950.mp4,[923, 477, 1744, 1067]
769XG012147_29_2887229_260521234551_00_02_7364.mp4,[729, 616, 1196, 1071]
769XG012167_49_177719_260518232300_00_00_9588.mp4,[672, 53, 844, 238]
769XG012194_04_409199_260519102850_00_02_9683.mp4,[467, 216, 1026, 927]
769XG01952_46_1332389_260521051409_00_02_6777.mp4,[409, 134, 589, 308]
769XG01954_17_386219_260519082616_00_00_2301.mp4,[905, 1, 1434, 326]
769XG01971_47_835989_260520061515_00_02_3050.mp4,[829, 199, 1075, 409]
769XG01987_58_952149_260520113707_00_00_3881.mp4,[684, 64, 1341, 628]
771W031011_116_87749_260518183211_00_00_5637.mp4,[1572, 299, 1878, 507]
771W031157_69_343349_260522075605_00_00_4889.mp4,[131, 470, 479, 841]
771W03307_100_173739_260522133507_00_00_7353.mp4,[554, 270, 774, 449]
771W03310_217_296519_260520201105_00_02_6158.mp4,[637, 579, 840, 877]
771W03311_218_382369_260520234543_00_02_8372.mp4,[458, 399, 662, 731]
771W03317_109_50639_260518164227_00_02_3736.mp4,[670, 724, 856, 913]
771W03442_192_284209_260520021913_00_02_1928.mp4,[1097, 174, 1310, 467]
771W03443_193_342769_260520050153_00_02_2122.mp4,[773, 280, 1007, 570]
771W0489_258_318749_260520223659_00_02_8505.mp4,[394, 26, 535, 271]
772VA03580_133_255839_260520140840_00_00_2660.mp4,[1442, 136, 1698, 336]
772VA03589_01_675199_260523021059_00_00_4976.mp4,[1589, 366, 1766, 652]
772VA03591_02_503829_260522212510_00_00_7772.mp4,[1526, 492, 1823, 813]
772VH01118_15_13144499_260519015447_00_02_8770.mp4,[1010, 244, 1146, 461]
772VH0168_09_13807169_260520083439_00_02_1522.mp4,[544, 111, 798, 344]
772VH0174_24_14785979_260522055408_00_02_2481.mp4,[424, 98, 636, 601]
772VH0175_25_13271759_260519074808_00_00_4381.mp4,[556, 158, 818, 441]
772VH0175_25_13295429_260519085350_00_00_4913.mp4,[588, 138, 770, 346]
772VH0188_26_14327199_260521083816_00_02_5981.mp4,[394, 419, 669, 959]
772VH0188_26_14331349_260521084947_00_00_8387.mp4,[656, 227, 808, 642]
774VB03178_04_10447079_260519115241_00_02_6656.mp4,[595, 285, 934, 639]
776VA0236_25_427559_260523003732_00_00_6270.mp4,[641, 228, 837, 457]
777VA02171_01_1752529_260518115532_00_02_4199.mp4,[452, 194, 673, 370]
794VA0308_34_133509_260520025210_00_02_7928.mp4,[711, 130, 942, 370]
794VA0324_15_45429_260520184302_00_00_6216.mp4,[130, 9, 356, 258]
797VH01178_17_77259_260523193221_00_02_5495.mp4,[363, 569, 550, 816]
797VH01270_14_361499_260522013737_00_02_5052.mp4,[237, 312, 370, 546]
797VH01271_38_2875929_260518231537_00_02_7564.mp4,[1118, 244, 1285, 448]
797VH01295_27_2867219_260519200055_00_00_1507.mp4,[1203, 75, 1492, 338]
797W02404_209_5658039_260520133436_00_02_6096.mp4,[748, 350, 969, 595]
797W02529_14_230479_260520032501_00_02_3502.mp4,[453, 615, 730, 847]
797W03122_194_4829799_260518141945_00_00_5666.mp4,[266, 444, 547, 692]
799VA0251_05_13853149_260520105705_00_00_6090.mp4,[415, 1, 584, 384]
813VA02115_30_2200449_260519000708_00_02_1798.mp4,[74, 197, 358, 555]
816VA02234_42_444919_260519013020_00_02_2105.mp4,[945, 2, 1200, 232]
816VA0298_25_149379_260520110644_00_02_9494.mp4,[621, 350, 896, 683]
817VA02239_38_12054599_260521044818_00_02_7646.mp4,[800, 127, 1037, 403]
818VA02221_74_14857499_260521063548_00_00_1497.mp4,[1042, 553, 1321, 892]
818VA02222_75_14585069_260520182828_00_00_6064.mp4,[217, 519, 423, 902]
825VA0192_48_899159_260519224658_00_00_4399.mp4,[899, 3, 1344, 432]
825VA0232_17_2371819_260521083145_00_02_2818.mp4,[979, 0, 1238, 291]
827VA0344_51_948409_260522105714_00_00_5404.mp4,[1357, 471, 1732, 736]
827VA0346_41_473039_260521134934_00_02_2431.mp4,[980, 1, 1221, 259]
830VA02280_31_893559_260520205749_00_02_4159.mp4,[192, 491, 472, 667]
830VA02305_36_1056549_260521043116_00_00_2638.mp4,[895, 261, 1142, 471]
830VA0282_24_791319_260520161334_00_02_4840.mp4,[1325, 538, 1766, 915]
831VA02120_21_386679_260520202153_00_02_7750.mp4,[1501, 4, 1922, 955]
831VA02120_21_452289_260520232408_00_02_2692.mp4,[1211, 290, 1655, 876]
831VA02149_32_52949_260519045314_00_00_5687.mp4,[667, 4, 1258, 778]
831VA0258_24_331649_260522174756_00_00_9169.mp4,[1388, 464, 1915, 1006]
833VA02145_80_14285759_260521065916_00_02_1111.mp4,[500, 1, 801, 220]
833VA02279_182_3198399_260521234513_00_00_6003.mp4,[587, 1, 1866, 1050]
834VA02122_00_941959_260521200937_00_02_4478.mp4,[245, 174, 584, 563]
834VA02147_29_721109_260518102108_00_00_1795.mp4,[1134, 23, 1447, 694]
834VA0298_07_1494039_260519205556_00_02_9360.mp4,[1387, 83, 1528, 300]
835VA02119_37_1552169_260521033706_00_02_5846.mp4,[996, 390, 1271, 589]
835VA02119_77_37439_260521102048_00_02_3879.mp4,[1304, 458, 1442, 604]
835VA02121_38_1270729_260520121451_00_00_5948.mp4,[1281, 626, 1738, 1045]
835VA0291_02_1095309_260520042623_00_00_4272.mp4,[769, 21, 1008, 236]
839VA0248_27_69809_260520062416_00_00_7258.mp4,[112, 5, 297, 174]
851W0150_115_495399_260519001538_00_02_6349.mp4,[963, 413, 1195, 569]
851WH02169_12_505049_260522010419_00_00_7236.mp4,[1324, 449, 1520, 632]
855VA0304_01_805969_260518223635_00_02_4555.mp4,[1172, 150, 1345, 463]
855VA0304_01_862799_260519011427_00_00_2260.mp4,[780, 173, 1077, 525]
855VA0308_02_828349_260518233856_00_02_6372.mp4,[117, 187, 319, 509]
857VA0104_14_128189_260519103248_00_02_2110.mp4,[1009, 440, 1270, 697]
857VA0113_13_20509_260519053507_00_02_3141.mp4,[797, 469, 1005, 744]
857VA0118_00_102729_260518092449_00_00_4316.mp4,[918, 371, 1249, 746]
870VA02178_37_25419_260521141617_00_00_9676.mp4,[1718, 367, 1904, 669]
870VA02179_38_25169_260521141536_00_00_5944.mp4,[1081, 29, 1300, 425]
870VA02219_00_572139_260521003017_00_00_1081.mp4,[1080, 12, 1234, 343]
870VA02262_19_48419_260521151937_00_02_4325.mp4,[225, 470, 602, 929]
870VA02342_05_438529_260520181912_00_00_3688.mp4,[1192, 156, 1631, 901]
870VA02343_01_168489_260520054901_00_02_1232.mp4,[1209, 279, 1454, 573]
871VH0102_62_3528249_260520050358_00_02_4634.mp4,[192, 382, 363, 742]
871VH01100_00_13056209_260518214438_00_00_6080.mp4,[1475, 868, 1722, 1029]
871VH01137_77_5749399_260519073922_00_00_6895.mp4,[992, 294, 1204, 612]
871VH01142_18_13042449_260518211850_00_00_9641.mp4,[674, 412, 848, 578]
871VH01244_42_14076179_260520205729_00_02_7872.mp4,[878, 137, 1096, 358]
871VH0177_12_2379_260521022138_00_00_3763.mp4,[889, 432, 1176, 621]
871VH0177_12_2749_260521022239_00_00_2311.mp4,[920, 429, 1175, 598]
871VH0178_11_397509_260522045943_00_00_9599.mp4,[897, 135, 1201, 417]
871VH0180_19_460309_260522075417_00_00_2522.mp4,[692, 498, 1321, 1071]
871VH0181_05_12981719_260518174228_00_00_5384.mp4,[939, 526, 1253, 911]
871VH0181_05_13133999_260519004452_00_02_6831.mp4,[116, 347, 258, 555]
871VH0184_01_13748039_260520055900_00_00_3052.mp4,[1593, 324, 1763, 683]
871W011083_76_5200469_260520001340_00_02_6459.mp4,[192, 446, 470, 677]
871W011092_127_4333649_260518074610_00_00_9991.mp4,[1446, 4, 1788, 383]
871W011235_1004_229589_260523165711_00_00_6290.mp4,[1586, 387, 1811, 870]
871W011238_1007_81519_260522042217_00_00_2278.mp4,[715, 227, 880, 515]
871W011244_1008_62539_260521194941_00_00_6517.mp4,[1407, 233, 1711, 507]
871W011253_226_762299_260518092530_00_00_4657.mp4,[933, 89, 1179, 212]
871W011253_982_263459_260520115841_00_00_2339.mp4,[937, 82, 1134, 232]
871W011253_982_314539_260521012320_00_00_3310.mp4,[514, 220, 706, 549]
871W011259_977_62749_260519220953_00_00_3422.mp4,[695, 219, 979, 452]
871W011259_977_75799_260520014723_00_00_7189.mp4,[957, 222, 1445, 522]
871W011272_440_46049_260521093847_00_02_9595.mp4,[1467, 547, 1916, 1012]
871W011305_994_427729_260519215709_00_00_3310.mp4,[897, 412, 1193, 805]
871W011322_350_1016679_260520165238_00_02_3553.mp4,[1058, 556, 1280, 804]
871W011326_270_6023369_260521135612_00_00_7305.mp4,[329, 455, 652, 739]
871W011440_14_4826399_260519063917_00_02_1878.mp4,[450, 855, 615, 1075]
871W011604_1011_318139_260521164914_00_02_3128.mp4,[1030, 776, 1620, 1078]
871W011714_403_697279_260520090715_00_00_2940.mp4,[-1, 497, 415, 1002]
871W0135_349_720939_260520113046_00_00_5766.mp4,[699, 397, 915, 553]
871W0138_352_809949_260520153806_00_02_1879.mp4,[787, 6, 968, 235]
871W0138_487_119869_260521074120_00_02_8767.mp4,[694, 9, 946, 202]
871W01902_370_313719_260519164315_00_00_2708.mp4,[989, 865, 1300, 1078]
871WA03106_151_843499_260519202720_00_00_8715.mp4,[779, 296, 1040, 453]
871WA03188_07_5693969_260520202810_00_02_2187.mp4,[759, 394, 963, 673]
871WA03189_08_5231269_260519231522_00_00_7281.mp4,[913, 133, 1411, 775]
871WA03340_66_4560449_260519234703_00_02_9205.mp4,[853, 302, 1045, 476]
872WW01102_35_111789_260519230930_00_00_2398.mp4,[612, 495, 1277, 1064]
872WW0159_23_503409_260519024033_00_02_9624.mp4,[1240, 44, 1400, 335]
872WW0164_32_1058209_260521042152_00_00_3130.mp4,[-1, 662, 507, 1067]
872WW0164_32_548519_260520044605_00_00_4837.mp4,[1, 593, 530, 1031]
872WW0175_14_161229_260519105004_00_02_7296.mp4,[171, 164, 424, 488]
872WW0180_16_1022989_260521024349_00_00_1685.mp4,[1379, 559, 1816, 815]
872WW0180_16_1074829_260521050749_00_00_6188.mp4,[1385, 344, 1614, 688]
874VA02125_29_38670579_260519050137_00_02_2047.mp4,[243, 307, 407, 503]
874VA0297_09_39926069_260521150829_00_02_2391.mp4,[593, 268, 951, 718]
875VA02140_19_7400809_260519204503_00_02_8506.mp4,[1397, 539, 1920, 1076]
875VA02140_19_7404079_260519205346_00_02_1461.mp4,[1316, 507, 1866, 1031]
875VA02179_34_7605599_260520194551_00_00_8258.mp4,[450, 160, 901, 522]
875VA0230_06_9387929_260523130401_00_00_4131.mp4,[238, 415, 674, 747]
875VA0233_48_5419719_260522081835_00_00_6582.mp4,[108, 488, 515, 1047]
876VA0280_99_14916499_260521112020_00_00_2526.mp4,[270, 177, 514, 401]
891VA04101_64_2647359_260520110320_00_00_4615.mp4,[1537, 1, 1917, 396]
891VA04102_69_9491409_260519150639_00_00_3357.mp4,[1613, 161, 1830, 390]
891VA04111_175_4218409_260520104010_00_00_2434.mp4,[1177, 98, 1531, 533]
891VA04111_175_5335039_260522142200_00_00_3264.mp4,[499, 136, 1215, 714]
891VA04175_36_11091079_260522170547_00_02_2482.mp4,[753, 128, 933, 373]
891VA04175_36_11091939_260522170810_00_02_6702.mp4,[672, 137, 872, 381]
891VA04175_36_9983719_260520134947_00_02_6360.mp4,[692, 124, 886, 380]
891VA0467_192_350969_260522004316_00_02_9905.mp4,[592, 619, 986, 958]
891VA0483_143_5554169_260519012630_00_00_3273.mp4,[450, 157, 671, 328]
891VA0488_145_5562549_260519014007_00_00_1168.mp4,[767, 197, 975, 460]
8981V0308_07_382989_260521103200_00_00_4427.mp4,[845, 154, 1119, 398]
8981V03151_72_259089_260521235340_00_00_1548.mp4,[1021, 409, 1277, 641]
8981V03155_65_11279_260520174548_00_00_1177.mp4,[116, 142, 601, 603]
8981V03156_75_70289_260521150925_00_00_9776.mp4,[558, 219, 819, 512]
8981V03245_114_129559_260521175439_00_00_1719.mp4,[269, 529, 516, 745]
8981V03245_27_345809_260521091839_00_02_7205.mp4,[1324, 628, 1601, 920]
8981V03246_28_220959_260521033151_00_00_9229.mp4,[948, 418, 1130, 683]
8981V03285_132_291189_260522012407_00_00_2087.mp4,[149, 440, 346, 683]
8981V03291_51_93159_260520213711_00_02_7163.mp4,[1002, 381, 1174, 715]
8981V03430_192_50639_260521132311_00_00_4609.mp4,[1141, 88, 1349, 316]
8981V03515_79_113559_260520223552_00_00_4460.mp4,[1148, 136, 1394, 317]
8981V03521_85_256539_260521051300_00_00_1489.mp4,[1233, 240, 1437, 421]
8981V0357_34_87409_260520205142_00_00_2740.mp4,[894, 460, 1238, 760]
8981V0357_34_87589_260520205212_00_00_7415.mp4,[796, 445, 1176, 785]
898W011034_1128_1350849_260520155414_00_02_5355.mp4,[288, 343, 680, 615]
898W011204_204_1035429_260519011250_00_00_1482.mp4,[1475, 82, 1747, 610]
898W011207_207_952569_260518212249_00_02_7408.mp4,[1552, 355, 1872, 714]
898W011208_208_1573369_260520020633_00_02_9676.mp4,[804, 616, 1279, 1074]
898W011209_209_1134479_260519054737_00_00_4533.mp4,[846, 617, 1299, 927]
898W01206_161_2527439_260518235201_00_02_1711.mp4,[707, 2, 1147, 518]
898W01252_177_1815009_260520131953_00_02_9581.mp4,[122, 388, 529, 957]
898W01293_188_1121229_260519051251_00_00_7736.mp4,[572, 19, 1114, 347]
898W01298_1125_1879489_260520161834_00_00_8097.mp4,[537, 492, 775, 738]
903VA0295_151_13065179_260518230738_00_00_4514.mp4,[901, 151, 1118, 329]
911VA0201_19_8846439_260520034629_00_00_7307.mp4,[648, 333, 821, 576]
911VA0237_27_9410249_260521060606_00_00_9509.mp4,[873, 2, 1163, 311]
911VA0239_23_8754219_260519234426_00_02_5535.mp4,[651, 546, 868, 784]
911VA0254_26_8378369_260519061821_00_00_4682.mp4,[1474, 10, 1716, 376]
912VA02213_22_145999_260520092238_00_02_1739.mp4,[1553, 445, 1860, 823]
912VA02273_24_210949_260519121710_00_00_9298.mp4,[1196, 316, 1875, 1039]
912VA02292_12_253349_260520140811_00_00_3485.mp4,[503, 477, 626, 602]
913VA0217_03_2457299_260520195256_00_00_5194.mp4,[1155, 660, 1409, 1073]
913VA0269_39_2126609_260520043718_00_02_6068.mp4,[646, 20, 879, 527]
914VA01194_25_85539_260519084440_00_02_2801.mp4,[1355, 384, 1476, 591]
914VA01237_37_124049_260518104319_00_00_6935.mp4,[921, 150, 1097, 522]
917VA02140_33_1482869_260520202315_00_00_5536.mp4,[718, 216, 970, 441]
917VA0277_18_37159_260522092224_00_00_1165.mp4,[148, 277, 510, 758]
930VA0108_08_3794049_260519033047_00_00_4952.mp4,[1469, 253, 1843, 615]
930VA0149_00_4711099_260520201929_00_02_5491.mp4,[1493, 371, 1917, 855]
930VA0150_44_1776919_260520141552_00_02_1682.mp4,[92, 598, 364, 866]
930VA0159_22_4380299_260520053334_00_00_5719.mp4,[563, 434, 973, 824]
931W011061_206_701459_260520213349_00_00_3036.mp4,[379, 370, 660, 631]
931W01221_151_240649_260520001212_00_00_1791.mp4,[1123, 368, 1325, 765]
931W01470_130_1425669_260522042343_00_00_3803.mp4,[272, 352, 598, 560]
931W01475_89_504989_260520113209_00_02_8617.mp4,[1057, 311, 1264, 481]
931W01565_107_282189_260520013756_00_00_1692.mp4,[1072, 520, 1287, 744]
931W01609_170_211399_260519224927_00_00_1006.mp4,[489, 91, 705, 276]
931W01614_15_231849_260518131725_00_02_2938.mp4,[508, 3, 742, 269]
931W01823_188_170499_260519205943_00_02_2992.mp4,[1039, 48, 1211, 194]
931W01975_21_370139_260519102501_00_00_1813.mp4,[925, 435, 1176, 675]
931W01992_146_780969_260521052054_00_00_3967.mp4,[992, 1, 1295, 264]
931WH01271_117_3073479_260522011409_00_00_4969.mp4,[245, 496, 488, 761]
931WH01277_353_2342749_260520152235_00_02_2322.mp4,[1449, 7, 1865, 300]
931WH01333_47_8219879_260519230252_00_02_3900.mp4,[251, 272, 1023, 1072]
935VA02113_01_244009_260518142941_00_02_8852.mp4,[1590, 471, 1848, 775]
935VA0271_03_1302499_260520152629_00_00_7015.mp4,[1115, 7, 1312, 302]
937VA02102_02_43589_260521043251_00_02_2482.mp4,[1290, 363, 1420, 540]
937VA0219_70_693269_260520095622_00_02_3611.mp4,[969, 283, 1204, 517]
937VA0232_68_1023599_260521023147_00_02_2843.mp4,[271, 182, 417, 666]
937VA0281_48_76829_260519063212_00_00_9420.mp4,[911, 243, 1095, 387]
937VA0295_12_54419_260521050152_00_02_7592.mp4,[285, 833, 490, 1075]
951W01615_283_9046609_260519125335_00_02_9638.mp4,[146, 704, 331, 848]
951W01744_296_8920679_260520024439_00_02_1930.mp4,[743, 228, 993, 442]
951W01757_101_1986249_260518221835_00_02_5336.mp4,[838, 4, 1002, 244]
951W01757_101_2441149_260519192207_00_00_5689.mp4,[822, 2, 1190, 371]
951W01772_162_8617429_260518170144_00_02_3887.mp4,[616, 90, 744, 608]
951W01772_162_9521899_260520105409_00_02_1984.mp4,[594, 0, 756, 151]
951W01772_162_9681559_260520181739_00_02_9201.mp4,[585, 1, 792, 238]
951W01810_213_1450899_260520091106_00_02_3687.mp4,[513, 641, 855, 936]
951W01810_213_777079_260519015956_00_00_5756.mp4,[757, 445, 1080, 803]
971VA02116_154_393259_260519012016_00_00_4764.mp4,[-10, 445, 1717, 1079]
971VA02129_193_783799_260522182009_00_02_3049.mp4,[719, 386, 891, 536]
971VA02193_120_1222899_260518134422_00_00_3973.mp4,[378, 338, 773, 783]
971VA02212_182_427959_260520215855_00_02_7480.mp4,[613, 456, 760, 648]
991R01285_981_9971829_260520190618_00_00_8047.mp4,[1331, 143, 1697, 703]
991R01290_983_9292289_260519113845_00_00_2290.mp4,[1154, 75, 1331, 590]
991R01304_08_10055869_260520202727_00_02_4110.mp4,[855, 297, 1112, 571]
991W021485_33_2115799_260522053613_00_00_3684.mp4,[1235, 219, 1536, 341]
992VA02109_39_3288399_260520224222_00_02_4801.mp4,[473, 698, 664, 951]
997VA0207_03_92479_260520214814_00_02_9066.mp4,[360, 510, 620, 959]
999VA01139_588_11602869_260520141319_00_00_3349.mp4,[630, 151, 945, 705]
999VA01146_570_11834489_260521003556_00_00_2557.mp4,[1308, 444, 1772, 960]
999VA01158_568_11298609_260520004133_00_02_5129.mp4,[141, 328, 295, 537]
999VA01171_579_12356459_260521234142_00_00_3716.mp4,[1153, 132, 1545, 304]
P020CDD01101_08_1184429_260518151456_00_02_6121.mp4,[640, 768, 882, 1076]
P020CDD01101_08_1943039_260520005805_00_02_7518.mp4,[630, 804, 850, 1077]
P020CDD01101_08_3791899_260523110843_00_02_4822.mp4,[646, 813, 886, 1077]
P020CDD01101_08_4597049_260524225553_00_02_3612.mp4,[800, 416, 953, 619]
P020CDD01116_13_1426899_260519043640_00_02_5458.mp4,[295, 243, 428, 478]
P020CDD01116_13_1432009_260519045051_00_00_8077.mp4,[768, 518, 1234, 958]
P020CDD01116_13_1432449_260519045204_00_00_5361.mp4,[495, 483, 803, 821]
P020CDD01116_13_1433549_260519045508_00_00_6291.mp4,[626, 457, 840, 810]
P020CDD01116_13_1903139_260520023845_00_00_1350.mp4,[136, 402, 345, 580]
P020CDD01116_13_2313809_260520213848_00_02_4239.mp4,[898, 250, 1051, 642]
P020CDD01116_13_2450519_260521035819_00_02_4954.mp4,[294, 574, 706, 897]
P020CDD01116_13_3405119_260523000822_00_02_9410.mp4,[-1, 561, 361, 955]
P020CDD01116_13_3975119_260524023045_00_02_2524.mp4,[1017, 433, 1256, 769]
P020CDD01154_05_13001589_260518200754_00_02_7058.mp4,[605, 93, 788, 315]
P020CDD01154_05_13223439_260519062435_00_02_9522.mp4,[1143, 43, 1267, 238]
P020CDD01154_05_14002379_260520182949_00_02_9662.mp4,[1261, 44, 1465, 299]
P020CDD01154_05_14138319_260521004741_00_02_8552.mp4,[1217, 60, 1373, 276]
P020CDD01154_05_14169679_260521021452_00_02_2220.mp4,[1228, 125, 1372, 274]
P020CDD01154_05_14169759_260521021505_00_02_1200.mp4,[1193, 62, 1346, 232]
P020CDD01154_05_14231039_260521050526_00_02_2968.mp4,[1212, 61, 1440, 272]
P020CDD01154_05_14571939_260521205302_00_02_7238.mp4,[1524, 281, 1724, 452]
P020CDD01154_05_14643949_260522001312_00_02_7963.mp4,[1228, 121, 1375, 307]
P020CDD01154_05_14688319_260522021632_00_02_7911.mp4,[1246, 135, 1378, 296]
P020CDD01154_05_14775099_260522061746_00_02_9330.mp4,[791, 169, 1034, 414]
P020CDD01154_05_14851039_260522094851_00_02_8648.mp4,[1230, 105, 1382, 297]
P020CDD01154_05_14862049_260522101927_00_02_8576.mp4,[1305, 55, 1441, 289]
P020CDD01154_05_14872509_260522104832_00_02_8818.mp4,[1279, 81, 1470, 291]
P020CDD01154_05_15088979_260522205016_00_02_6056.mp4,[1210, 115, 1322, 274]
P020CDD01154_05_15091089_260522205608_00_02_3062.mp4,[683, 20, 817, 204]
P020CDD01154_05_15160789_260523000952_00_00_9969.mp4,[241, 271, 480, 383]
P020CDD01154_05_15315809_260523072047_00_02_8338.mp4,[1187, 103, 1301, 249]
P020CDD01154_05_15354369_260523090758_00_02_4389.mp4,[1177, 108, 1369, 282]
P020CDD01154_05_15363009_260523093159_00_02_5317.mp4,[1001, 66, 1227, 301]
P020CDD01154_05_15363759_260523093404_00_02_5078.mp4,[1243, 144, 1376, 288]
P020CDD01154_05_15380739_260523102116_00_02_5032.mp4,[1049, 129, 1174, 264]
P020CDD01154_05_15403989_260523112554_00_02_5914.mp4,[1224, 113, 1374, 251]
P020CDD01154_05_15404019_260523112559_00_02_1587.mp4,[1144, 108, 1278, 240]
P020CDD01154_05_15404069_260523112607_00_02_3621.mp4,[1253, 125, 1379, 297]
P020CDD01154_05_15404139_260523112619_00_02_9037.mp4,[1212, 156, 1352, 326]
P020CDD01154_05_15404189_260523112628_00_02_4931.mp4,[1087, 114, 1221, 254]
P020CDD01154_05_15405099_260523112859_00_02_3126.mp4,[957, 51, 1180, 262]
P020CDD01154_05_15854819_260524081906_00_02_2741.mp4,[1198, 122, 1340, 284]
P020CDD01154_05_15856139_260524082246_00_02_8421.mp4,[1209, 138, 1382, 320]
P020CDD01154_05_15900699_260524102637_00_02_8574.mp4,[1205, 129, 1384, 285]
P020CDD01154_05_15915599_260524110803_00_02_3556.mp4,[1241, 76, 1403, 302]
P020CDD01155_01_13038839_260518213707_00_02_6874.mp4,[672, 388, 1131, 759]
P020CDD01155_01_13922129_260520143158_00_02_4042.mp4,[1015, 375, 1295, 702]
P020CDD01155_01_14700659_260522023518_00_02_7670.mp4,[993, 298, 1404, 815]
P020CDD01155_01_14857179_260522095010_00_02_2927.mp4,[499, 367, 826, 697]
P020CDD01155_01_15869589_260524084337_00_02_8993.mp4,[508, 146, 1125, 867]
P020CDD01155_01_15971839_260524132749_00_02_3654.mp4,[707, 129, 1374, 921]
P020CDD01158_06_13288609_260519092331_00_02_2960.mp4,[295, 310, 427, 476]
P020CDD01158_06_13339299_260519114426_00_02_7780.mp4,[305, 271, 476, 468]
P020CDD01158_06_13608019_260520001123_00_02_6060.mp4,[863, 467, 1086, 778]
P020CDD01158_06_13681679_260520033609_00_02_7017.mp4,[365, 382, 614, 693]
P020CDD01158_06_14938789_260522135105_00_02_1918.mp4,[149, 581, 359, 809]
P020CDD01158_06_15202889_260523020512_00_02_3721.mp4,[300, 322, 420, 476]
P020CDD01158_06_15347159_260523084614_00_02_7194.mp4,[297, 319, 456, 497]
P020CDD01158_06_15848579_260524080003_00_02_2786.mp4,[296, 247, 459, 478]
P020CDD01158_06_16183019_260524232942_00_00_1604.mp4,[1176, 466, 1291, 706]
P020CDD01192_18_1847899_260519204410_00_02_1902.mp4,[407, 250, 755, 594]
P020CDD01200_20_1370209_260519020318_00_02_5798.mp4,[1269, 157, 1460, 395]
P020CDD01200_20_1693459_260519170114_00_02_9075.mp4,[1180, 273, 1595, 866]
P020CDD01200_20_1703259_260519172827_00_02_7806.mp4,[1039, 214, 1409, 538]
P020CDD01200_20_1957909_260520051549_00_02_6826.mp4,[260, 324, 487, 629]
P020CDD01200_20_2253889_260520185759_00_02_7795.mp4,[322, 66, 692, 550]
P020CDD01200_20_2464349_260521044236_00_02_8321.mp4,[706, 94, 855, 289]
P020CDD01200_20_2783789_260521192957_00_02_9298.mp4,[579, 183, 898, 568]
P020CDD01200_20_3000409_260522053140_00_02_2029.mp4,[653, 190, 921, 423]
P020CDD01200_20_3472329_260523032234_00_02_1705.mp4,[400, 239, 626, 528]
P020CDD01207_21_13599109_260519225726_00_02_8498.mp4,[595, 288, 733, 419]
P020CDD01207_21_14307809_260521074451_00_02_6583.mp4,[452, 207, 590, 388]
P020CDD01207_21_15182559_260523001316_00_02_8411.mp4,[975, 202, 1094, 350]
P020CDD01207_21_15246149_260523030947_00_02_4550.mp4,[0, 379, 321, 649]
P020CDD01207_21_15792959_260524042748_00_02_2743.mp4,[599, 94, 751, 257]
P020CDD01217_27_1100239_260518133255_00_02_6832.mp4,[824, 296, 1046, 539]
P020CDD01217_27_1100269_260518133300_00_02_2067.mp4,[648, 251, 911, 547]
P020CDD01217_27_1535439_260519094104_00_02_1055.mp4,[957, 168, 1159, 408]
P020CDD01217_27_2333419_260520223620_00_02_9596.mp4,[545, 258, 729, 433]
P020CDD01217_27_2413209_260521021750_00_02_5792.mp4,[713, 329, 924, 545]
P020CDD01217_27_2426259_260521025404_00_02_1610.mp4,[803, 365, 1049, 603]
P020CDD01217_27_3067609_260522083431_00_00_6951.mp4,[514, 210, 874, 465]
P020CDD01217_27_3194389_260522142628_00_00_7312.mp4,[530, 174, 823, 550]
P020CDD01217_27_3241929_260522163827_00_02_7224.mp4,[566, 0, 754, 230]
P020CDD01217_27_3401179_260523000032_00_02_8800.mp4,[355, 200, 779, 734]
P020CDD01217_27_4093459_260524080223_00_02_1552.mp4,[478, 16, 788, 351]
P020CDD01219_30_1193899_260518153943_00_02_7773.mp4,[196, 94, 458, 419]
P020CDD01219_30_1393469_260519003141_00_02_8690.mp4,[1556, 152, 1852, 453]
P020CDD01219_30_1420279_260519014311_00_02_6239.mp4,[674, 171, 935, 478]
P020CDD01219_30_1455489_260519031704_00_02_9823.mp4,[513, 222, 660, 456]
P020CDD01219_30_1985509_260520025030_00_02_3811.mp4,[1103, 204, 1454, 591]
P020CDD01219_30_2041389_260520051932_00_02_9180.mp4,[1311, 352, 1624, 613]
P020CDD01219_30_2677489_260521093536_00_02_8247.mp4,[354, 379, 686, 792]
P020CDD01219_30_3057149_260522022804_00_02_5831.mp4,[581, 258, 1270, 871]
P020CDD01219_30_3377829_260522164315_00_02_8944.mp4,[1081, 159, 1296, 341]
P020CDD01219_30_3531599_260522233318_00_00_4695.mp4,[677, 163, 893, 329]
P020CDD0121_04_1286869_260518194802_00_02_5408.mp4,[786, 525, 995, 727]
P020CDD0121_04_3468669_260522204626_00_02_9490.mp4,[1555, 629, 1726, 870]
P020CDD01220_28_1169019_260518143323_00_00_7643.mp4,[1530, 173, 1741, 347]
P020CDD01220_28_1180389_260518150342_00_02_7695.mp4,[1556, 186, 1726, 382]
P020CDD01220_28_4199489_260524051411_00_02_3180.mp4,[126, 692, 405, 1059]
P020CDD01222_26_1147029_260518153943_00_02_7773.mp4,[507, 1, 876, 274]
P020CDD01222_26_1175799_260518165935_00_00_7906.mp4,[726, 151, 971, 415]
P020CDD01222_26_1211369_260518183820_00_02_6448.mp4,[806, 191, 1096, 469]
P020CDD01222_26_1244519_260518201022_00_00_4180.mp4,[956, 284, 1222, 467]
P020CDD01222_26_2695309_260521151755_00_02_3980.mp4,[955, 196, 1083, 394]
P020CDD01222_26_3061929_260522081541_00_00_4109.mp4,[1011, 312, 1281, 565]
P020CDD01222_26_3498649_260523042805_00_00_7658.mp4,[916, 225, 1258, 473]
P020CDD01222_26_3498749_260523042822_00_00_5411.mp4,[947, 243, 1244, 398]
P020CDD01263_34_13396399_260519135712_00_02_2623.mp4,[1070, 263, 1279, 650]
P020CDD0126_19_1871109_260519214524_00_02_8891.mp4,[141, 12, 820, 591]
P020CDD0126_19_2661129_260521085157_00_02_6759.mp4,[669, 282, 967, 505]
P020CDD0126_19_2873269_260521181740_00_02_5481.mp4,[-2, 10, 695, 632]
P020CDD0126_19_2915439_260521201007_00_02_7084.mp4,[1515, 3, 1791, 235]
P020CDD01286_09_1044349_260518105440_00_02_2825.mp4,[334, 1, 692, 253]
P020CDD01286_09_2170529_260520150104_00_02_6239.mp4,[77, 3, 394, 327]
P020CDD01286_09_2236129_260520180311_00_02_7882.mp4,[441, 526, 691, 752]
P020CDD01286_09_3977519_260524023729_00_02_4276.mp4,[745, 64, 1150, 478]
P020CDD01288_15_1237869_260518173500_00_02_9914.mp4,[533, 3, 963, 868]
P020CDD01288_15_1319909_260518211325_00_02_8359.mp4,[786, 0, 1177, 480]
P020CDD01288_15_1484569_260519043215_00_02_4265.mp4,[224, 1, 654, 279]
P020CDD01288_15_1655449_260519120740_00_02_6409.mp4,[776, 23, 1244, 701]
P020CDD01288_15_2053159_260520054736_00_02_7247.mp4,[103, 207, 385, 629]
P020CDD01288_15_3130629_260522053919_00_00_5737.mp4,[507, -1, 821, 518]
P020CDD01288_15_3130889_260522054001_00_02_9590.mp4,[391, 1, 721, 459]
P020CDD01288_15_3450309_260522195118_00_02_6863.mp4,[907, 199, 1144, 392]
P020CDD01288_15_3632399_260523035635_00_02_5529.mp4,[872, 1, 1223, 330]
P020CDD0133_00_1009989_260518092222_00_02_1245.mp4,[223, 141, 470, 425]
P020CDD0133_00_1010529_260518092352_00_02_6217.mp4,[334, 58, 490, 351]
P020CDD0133_00_1024579_260518100252_00_02_2659.mp4,[54, 504, 438, 958]
P020CDD0133_00_1045029_260518105939_00_02_7869.mp4,[248, 206, 458, 553]
P020CDD0133_00_1047979_260518110750_00_02_1416.mp4,[308, 40, 534, 346]
P020CDD0133_00_1049599_260518111220_00_02_2623.mp4,[302, 63, 491, 297]
P020CDD0133_00_1052309_260518111951_00_02_7973.mp4,[649, 192, 836, 415]
P020CDD0133_00_1107369_260518135242_00_02_4652.mp4,[685, 178, 908, 351]
P020CDD0133_00_1242029_260518200632_00_02_5667.mp4,[592, 1, 767, 200]
P020CDD0133_00_1243539_260518201044_00_02_3402.mp4,[584, 1, 820, 225]
P020CDD0133_00_1253299_260518203749_00_00_2218.mp4,[488, 0, 938, 402]
P020CDD0133_00_1386099_260519024629_00_02_4458.mp4,[-1, 350, 568, 946]
P020CDD0133_00_1616449_260519132558_00_02_4406.mp4,[124, 536, 420, 958]
P020CDD0133_00_1617789_260519132941_00_02_4726.mp4,[653, 3, 829, 287]
P020CDD0133_00_1796549_260519214556_00_02_4320.mp4,[737, 471, 1035, 843]
P020CDD0133_00_1837539_260519233944_00_02_1465.mp4,[748, 606, 1278, 955]
P020CDD0133_00_1838319_260519234154_00_02_8524.mp4,[668, 294, 929, 627]
P020CDD0133_00_1930929_260520035859_00_02_6357.mp4,[346, 51, 503, 325]
P020CDD0133_00_1933549_260520040616_00_00_1287.mp4,[334, 2, 564, 272]
P020CDD0133_00_1933609_260520040625_00_02_1114.mp4,[328, 2, 558, 366]
P020CDD0133_00_1936609_260520041445_00_02_7270.mp4,[363, 21, 479, 204]
P020CDD0133_00_1937079_260520041603_00_02_9699.mp4,[565, 1, 769, 239]
P020CDD0133_00_1955859_260520050811_00_02_1895.mp4,[260, 175, 484, 381]
P020CDD0133_00_2015199_260520075255_00_02_2737.mp4,[759, 490, 1019, 851]
P020CDD0133_00_2297229_260520205551_00_02_6072.mp4,[202, 586, 463, 868]
P020CDD0133_00_2428639_260521030040_00_02_2304.mp4,[332, 3, 533, 331]
P020CDD0133_00_2522779_260521072200_00_02_7087.mp4,[341, 11, 496, 288]
P020CDD0133_00_2532769_260521074944_00_02_5402.mp4,[341, 2, 539, 324]
P020CDD0133_00_2797639_260521200502_00_02_2851.mp4,[655, 176, 991, 455]
P020CDD0133_00_2800699_260521201332_00_02_1131.mp4,[228, 121, 498, 415]
P020CDD0133_00_2850039_260521223031_00_02_7171.mp4,[672, 239, 940, 560]
P020CDD0133_00_2869329_260521232404_00_02_5694.mp4,[295, 148, 456, 469]
P020CDD0133_00_2906949_260522010830_00_02_3452.mp4,[0, 133, 400, 586]
P020CDD0133_00_3278149_260522181859_00_02_7977.mp4,[337, 29, 474, 308]
P020CDD0133_00_3279959_260522182400_00_02_1312.mp4,[332, 1, 613, 329]
P020CDD0133_00_3496469_260523042503_00_02_7473.mp4,[348, 0, 679, 360]
P020CDD0133_00_3988439_260524031049_00_02_7952.mp4,[192, 141, 514, 475]
P020CDD0133_00_3992669_260524032234_00_02_4035.mp4,[340, 1, 506, 301]
P020CDD0133_00_3995629_260524033047_00_02_3597.mp4,[334, 6, 488, 316]
P020CDD0133_00_4058449_260524062510_00_02_8924.mp4,[751, 4, 1280, 747]
P020CDD0133_00_4078889_260524072155_00_02_4960.mp4,[632, 113, 787, 377]
P020CDD0133_00_4079779_260524072423_00_02_1477.mp4,[351, 8, 465, 237]
P020CDD0136_14_1874339_260519215401_00_02_4624.mp4,[1332, 51, 1491, 198]
P020CDD0136_14_1895679_260519225055_00_02_3956.mp4,[918, 212, 1101, 481]
P020CDD0136_14_1960529_260520014351_00_02_3708.mp4,[988, 158, 1211, 460]
P020CDD0136_14_1970289_260520020953_00_02_7759.mp4,[821, 236, 1243, 565]
P020CDD0136_14_2993589_260521233854_00_02_8780.mp4,[521, 173, 704, 499]
P020CDD0136_14_3249939_260522110232_00_02_1985.mp4,[1148, 72, 1337, 201]
P020CDD0136_14_3299779_260522131526_00_02_2731.mp4,[430, 41, 594, 216]
P020CDD0137_02_1272509_260518212958_00_02_6025.mp4,[787, 206, 984, 502]
P020CDD0137_02_1381949_260519023347_00_00_5886.mp4,[234, 280, 490, 539]
P020CDD0137_02_1411859_260519035649_00_02_1329.mp4,[447, 287, 718, 568]
P020CDD0137_02_1797059_260519214610_00_02_9435.mp4,[136, 325, 296, 546]
P020CDD0137_02_1886799_260520015518_00_00_1371.mp4,[190, 284, 354, 531]
P020CDD0137_02_2929829_260522021051_00_00_4479.mp4,[89, 309, 422, 495]
P020CDD0137_02_2989729_260522045709_00_02_4790.mp4,[153, 155, 267, 336]
P020CDD0137_02_3979069_260524024340_00_02_9548.mp4,[184, 326, 405, 540]
P020CDD0141_25_1304839_260518225944_00_02_3718.mp4,[704, 300, 858, 427]
P020CDD0141_25_2499489_260521061612_00_02_7900.mp4,[501, 114, 722, 355]
P020CDD0166_32_1471719_260519040103_00_02_3793.mp4,[1059, 694, 1218, 825]
P020CDD0166_32_3608359_260523025909_00_02_6275.mp4,[962, 518, 1191, 792]
P020CDD0186_11_3872229_260523144211_00_02_6981.mp4,[377, 1, 624, 289]
P020CDD0193_31_1374859_260519021405_00_02_3911.mp4,[367, 393, 663, 832]
P020CDD0193_31_2396019_260521012856_00_02_9369.mp4,[949, 262, 1142, 508]
P020CDD0193_31_2467759_260521044806_00_02_4124.mp4,[471, 489, 787, 744]
P020CDD0193_31_2515049_260521065922_00_02_4127.mp4,[847, 350, 1250, 811]
P020CDD0193_31_3434699_260523013225_00_02_1604.mp4,[617, 504, 737, 774]
P020CDD0194_23_1218399_260518164519_00_00_6241.mp4,[333, 8, 1281, 896]
P020CDD0194_23_2818019_260521155036_00_00_4273.mp4,[448, 189, 791, 885]
P020CDD0194_23_3542699_260523000308_00_02_3511.mp4,[1511, 106, 1903, 524]
P024LYB01100_07_10761989_260518083413_00_02_2934.mp4,[733, 41, 931, 224]
P024LYB01100_07_11121189_260519011242_00_00_1733.mp4,[1505, 199, 1670, 322]
P024LYB01100_07_11319449_260519102349_00_00_7136.mp4,[1128, 277, 1353, 406]
P024LYB01100_07_11368569_260519124022_00_00_8705.mp4,[1105, 157, 1340, 368]
P024LYB01100_07_11471829_260519172724_00_00_2443.mp4,[1076, 152, 1369, 333]
P024LYB01100_07_11511079_260519191630_00_02_1474.mp4,[1117, 45, 1336, 274]
P024LYB01100_07_11859209_260520112455_00_00_7366.mp4,[1082, 407, 1615, 822]
P024LYB01100_07_11882039_260520122822_00_00_1451.mp4,[1404, 470, 1809, 929]
P024LYB01100_07_11909029_260520134324_00_02_5837.mp4,[1180, 66, 1395, 290]
P024LYB01100_07_12384669_260521114533_00_00_6833.mp4,[738, 31, 967, 224]
P024LYB01100_07_12632659_260521231455_00_00_3356.mp4,[642, 439, 1070, 788]
P024LYB01100_07_13343789_260523081140_00_00_2394.mp4,[1245, 325, 1723, 778]
P024LYB01100_07_14090809_260524184812_00_00_6048.mp4,[1054, 152, 1355, 350]
P024LYB01101_08_12009749_260520182304_00_02_3492.mp4,[803, 30, 987, 309]
P024LYB01101_08_12579199_260521204559_00_00_4122.mp4,[653, 153, 934, 418]
P024LYB01101_08_14007609_260524145635_00_02_8354.mp4,[332, 311, 815, 805]
P024LYB01102_09_13928649_260524111649_00_00_4536.mp4,[1379, 127, 1613, 314]
P024LYB01103_10_10869999_260518133404_00_00_5974.mp4,[823, 109, 1161, 295]
P024LYB01103_10_11031839_260518210356_00_02_3095.mp4,[973, 3, 1155, 232]
P024LYB01103_10_11498479_260519184105_00_02_8324.mp4,[1064, 3, 1258, 244]
P024LYB01103_10_11908189_260520134039_00_02_4502.mp4,[750, 3, 913, 216]
P024LYB01103_10_12122109_260520233517_00_00_9467.mp4,[104, 442, 460, 775]
P024LYB01103_10_12524739_260521181430_00_00_5910.mp4,[230, 181, 575, 358]
P024LYB01103_10_12703429_260522023113_00_02_8312.mp4,[1097, 274, 1264, 437]
P024LYB01103_10_12859599_260522094520_00_00_3974.mp4,[518, 149, 793, 264]
P024LYB01103_10_12928799_260522125741_00_00_6276.mp4,[1066, 382, 1395, 799]
P024LYB01103_10_12931459_260522130505_00_00_5081.mp4,[1054, 387, 1474, 806]
P024LYB01103_10_14008459_260524145851_00_00_2203.mp4,[242, 131, 478, 295]
P024LYB01103_10_14087089_260524183725_00_00_3220.mp4,[229, 145, 488, 331]
P024LYB01103_10_14183719_260524230602_00_00_5052.mp4,[1490, 372, 1883, 626]
P024LYB01105_11_10995879_260518192436_00_00_6046.mp4,[759, 142, 964, 338]
P024LYB01105_11_11047309_260518214734_00_00_8926.mp4,[337, 388, 536, 619]
P024LYB01105_11_11126829_260519012836_00_00_3431.mp4,[775, 215, 940, 430]
P024LYB01105_11_12164869_260521013428_00_00_4174.mp4,[450, 142, 631, 290]
P024LYB01105_11_12595239_260521213046_00_00_9796.mp4,[970, 540, 1305, 904]
P024LYB01105_11_12693529_260522020400_00_00_4827.mp4,[317, 253, 528, 423]
P024LYB01105_11_13119979_260522214925_00_02_9290.mp4,[693, 345, 944, 487]
P024LYB01105_11_13138229_260522224009_00_00_4652.mp4,[585, 325, 782, 517]
P024LYB01105_11_13351399_260523083242_00_00_7207.mp4,[742, 158, 944, 342]
P024LYB01105_11_13795609_260524050729_00_02_3880.mp4,[440, 770, 624, 1062]
P024LYB01107_12_11220499_260519054919_00_00_3863.mp4,[1601, 123, 1766, 314]
P024LYB01107_12_11560809_260519213517_00_02_5869.mp4,[1333, 565, 1889, 1071]
P024LYB01107_12_12303349_260521075921_00_00_6930.mp4,[1617, 94, 1774, 278]
P024LYB01107_12_13071859_260522193536_00_02_1254.mp4,[137, 448, 455, 747]
P024LYB01107_12_13378209_260523094710_00_00_3944.mp4,[590, 141, 1003, 471]
P024LYB01109_13_13194399_260523011610_00_00_3195.mp4,[1062, 415, 1331, 911]
P024LYB01109_13_13433919_260523122158_00_02_7346.mp4,[478, 716, 617, 909]
P024LYB01115_15_10882399_260518140904_00_02_7024.mp4,[462, 290, 709, 495]
P024LYB01115_15_12044409_260520195932_00_00_5214.mp4,[443, 50, 824, 354]
P024LYB01115_15_12639049_260521233229_00_02_7524.mp4,[403, 683, 624, 1072]
P024LYB01115_15_12790889_260522063433_00_02_9540.mp4,[837, 1, 1047, 486]
P024LYB0144_17_11042619_260518213407_00_02_4319.mp4,[994, -2, 1355, 324]
P024LYB0144_17_11719989_260520045701_00_02_5012.mp4,[1042, 543, 1630, 1075]
P024LYB0144_17_11723209_260520050558_00_02_8280.mp4,[1384, 77, 1597, 353]
P024LYB0144_17_11793469_260520082117_00_00_7909.mp4,[366, -14, 1293, 1076]
P024LYB0182_00_10885679_260518141710_00_02_7208.mp4,[1052, 471, 1257, 660]
P024LYB0182_00_10935579_260518163553_00_02_5497.mp4,[687, 141, 841, 503]
P024LYB0182_00_10962359_260518175019_00_02_4594.mp4,[898, 380, 1272, 685]
P024LYB0182_00_11485119_260519180326_00_02_2717.mp4,[1000, 455, 1229, 675]
P024LYB0182_00_11835589_260520101738_00_00_4676.mp4,[1564, 86, 1814, 319]
P024LYB0182_00_11965329_260520161816_00_02_4420.mp4,[1004, 416, 1265, 644]
P024LYB0182_00_12113999_260520231131_00_02_1280.mp4,[849, 624, 1257, 1015]
P024LYB0182_00_12398639_260521122244_00_00_1927.mp4,[1534, 248, 1759, 547]
P024LYB0182_00_12949679_260522135455_00_02_9697.mp4,[984, 467, 1244, 728]
P024LYB0182_00_13413639_260523112435_00_02_7338.mp4,[1046, 499, 1254, 698]
P024LYB0182_00_13464709_260523134632_00_02_1955.mp4,[932, 635, 1196, 1004]
P024LYB0182_00_13485889_260523144525_00_02_5517.mp4,[750, 386, 1261, 669]
P024LYB0182_00_13961149_260524124630_00_00_8957.mp4,[1355, 126, 1713, 358]
P027LYB01104_01_13588689_260521132348_00_02_4478.mp4,[1021, 626, 1256, 1044]
P027LYB01105_02_12673379_260519190122_00_02_1357.mp4,[1099, 811, 1306, 938]
P027LYB01105_02_15136299_260524130459_00_02_2981.mp4,[959, 791, 1157, 925]
P027LYB01106_03_15142869_260524132304_00_00_5126.mp4,[548, 204, 715, 410]
P027LYB01107_04_13082769_260520135809_00_02_2045.mp4,[1450, 636, 1799, 992]
P027LYB01107_04_15028069_260524080357_00_02_4633.mp4,[1349, 395, 1586, 626]
P027LYB0133_07_13250559_260520214159_00_02_2662.mp4,[753, 149, 911, 343]
P027LYB0178_00_13177489_260520182042_00_00_8572.mp4,[375, 270, 623, 425]
P027LYB0194_05_13747629_260521204656_00_02_2988.mp4,[917, 645, 1184, 937]
P027LYB0194_05_15228439_260524172021_00_02_4646.mp4,[99, 810, 320, 1060]
P028LYB0137_00_14364669_260521101707_00_02_4709.mp4,[426, 367, 557, 563]
P028LYB0143_05_14563729_260521192912_00_00_8600.mp4,[784, 386, 1043, 714]
P028LYB0144_06_13474519_260519170357_00_02_7638.mp4,[697, 295, 856, 468]
P028LYB0149_11_14315569_260521075959_00_02_6772.mp4,[1099, 133, 1265, 305]
P028LYB0149_11_14343509_260521091736_00_00_4175.mp4,[840, 120, 1147, 364]
P029LYB01110_21_23443359_260520205853_00_02_7874.mp4,[502, 7, 864, 307]
P029LYB01114_22_11511879_260520165424_00_02_2923.mp4,[546, 445, 838, 1070]
P029LYB01150_08_14509829_260521173441_00_02_3119.mp4,[1627, 482, 1824, 722]
P029LYB01172_13_12915849_260518154056_00_02_7718.mp4,[672, 582, 1147, 1059]
P029LYB01172_13_12957459_260518173635_00_02_4076.mp4,[605, 621, 1142, 1052]
P029LYB0170_17_10350669_260518092238_00_02_7996.mp4,[599, 681, 988, 1078]
P029LYB0170_17_10561179_260518190747_00_02_9691.mp4,[1063, 90, 1192, 235]
P029LYB0170_17_10562259_260518191047_00_02_7065.mp4,[1100, 214, 1339, 427]
P029LYB0170_17_10909079_260519111451_00_02_1900.mp4,[1123, 372, 1297, 753]
P029LYB0170_17_12018479_260521143900_00_02_1618.mp4,[811, 141, 1077, 416]
P029LYB0170_17_12109019_260521185041_00_02_4965.mp4,[833, 243, 1165, 793]
P029LYB0170_17_12159609_260521211118_00_02_6573.mp4,[378, 177, 778, 686]
P029LYB0170_17_12159859_260521211200_00_02_7386.mp4,[1325, 267, 1699, 585]
P029LYB0170_17_12163139_260521212107_00_02_6040.mp4,[499, 518, 865, 848]
P029LYB0170_17_12240939_260522005723_00_02_1519.mp4,[1104, 39, 1509, 434]
P029LYB0171_18_21434539_260518131048_00_02_1487.mp4,[1375, 691, 1588, 916]
P029LYB0171_18_22741959_260520013124_00_02_6758.mp4,[1508, 361, 1720, 541]
P029LYB0171_18_24276689_260521201125_00_02_8037.mp4,[137, 414, 297, 667]
P029LYB0171_18_24314979_260521211517_00_02_9979.mp4,[254, 449, 556, 742]
P029LYB0171_18_24316899_260521211829_00_02_1568.mp4,[567, 527, 992, 960]
P029LYB0171_18_24383579_260521230942_00_02_5111.mp4,[447, 503, 606, 916]
P029LYB0171_18_24792149_260522103108_00_02_5448.mp4,[624, 755, 848, 1002]
P029LYB0171_18_24867519_260522123651_00_02_6753.mp4,[384, 861, 577, 1072]
P029LYB0173_19_10350079_260518100926_00_02_2862.mp4,[940, 206, 1063, 351]
P029LYB0173_19_10354899_260518102250_00_02_2531.mp4,[384, 732, 662, 929]
P029LYB0173_19_10371289_260518110824_00_02_4156.mp4,[964, 302, 1165, 526]
P029LYB0173_19_10482439_260518161722_00_02_8712.mp4,[146, 543, 419, 909]
P029LYB0173_19_10653369_260519001231_00_02_9233.mp4,[787, 543, 933, 808]
P029LYB0173_19_11223019_260520023617_00_02_9100.mp4,[967, 168, 1079, 299]
P029LYB0173_19_11448659_260520130331_00_02_5921.mp4,[832, 190, 954, 328]
P029LYB0173_19_11561809_260520181802_00_02_4467.mp4,[957, 176, 1092, 317]
P029LYB0173_19_11568269_260520183600_00_02_1894.mp4,[893, 755, 1172, 1077]
P029LYB0173_19_11606559_260520202226_00_02_8536.mp4,[611, 361, 1102, 918]
P029LYB0173_19_11686569_260521000450_00_02_6474.mp4,[822, 70, 1023, 233]
P029LYB0173_19_11701609_260521004639_00_02_8349.mp4,[912, 197, 1031, 329]
P029LYB0173_19_12098149_260521190855_00_02_5535.mp4,[440, 362, 955, 1075]
P029LYB0173_19_12145259_260521211952_00_02_6301.mp4,[1164, 256, 1775, 809]
P029LYB0173_19_13500439_260524120654_00_02_2241.mp4,[800, 249, 939, 398]
P311LYB01100_17_13432849_260519145808_00_02_5158.mp4,[698, 16, 1103, 307]
P311LYB01100_17_14026079_260520182531_00_02_6452.mp4,[29, 4, 529, 564]
P311LYB01100_17_14028679_260520183244_00_02_9756.mp4,[796, 3, 1128, 262]
P311LYB01104_18_14446439_260521135218_00_00_9939.mp4,[722, 1, 908, 238]
P311LYB0126_25_13912149_260519112126_00_02_2808.mp4,[94, 308, 218, 468]
P311LYB0129_28_14636969_260520193323_00_02_6881.mp4,[541, 241, 1005, 689]
P311LYB0130_29_14616589_260520184141_00_02_5564.mp4,[579, 247, 694, 375]
P311LYB0151_03_13386059_260518120049_00_02_2179.mp4,[674, 534, 811, 713]
P311LYB0151_03_13387739_260518120518_00_02_3456.mp4,[764, 441, 888, 567]
P311LYB0151_03_13590409_260518210537_00_02_3133.mp4,[445, 516, 612, 658]
P311LYB0151_03_13602629_260518213812_00_02_1618.mp4,[453, 492, 605, 656]
P311LYB0151_03_14036919_260519165610_00_02_9875.mp4,[578, 246, 735, 404]
P311LYB0151_03_14038579_260519170035_00_02_4477.mp4,[702, 109, 924, 343]
P311LYB0151_03_14051769_260519173545_00_02_8083.mp4,[339, 451, 484, 606]
P311LYB0151_03_14057609_260519175120_00_02_2825.mp4,[342, 459, 474, 640]
P311LYB0151_03_14077269_260519184344_00_02_3762.mp4,[433, 211, 553, 354]
P311LYB0151_03_14169969_260519225053_00_02_3462.mp4,[414, 210, 543, 347]
P311LYB0151_03_14567499_260520163042_00_02_1991.mp4,[265, 519, 471, 697]
P311LYB0151_03_14579039_260520170128_00_02_4208.mp4,[278, 272, 397, 403]
P311LYB0151_03_14641579_260520194812_00_02_3463.mp4,[330, 417, 485, 561]
P311LYB0151_03_14666289_260520205404_00_02_2191.mp4,[699, 284, 826, 421]
P311LYB0151_03_14699269_260520222200_00_02_2959.mp4,[216, 550, 406, 699]
P311LYB0151_03_14716389_260520230739_00_02_6176.mp4,[286, 465, 424, 591]
P311LYB0151_03_15025979_260521125301_00_02_5509.mp4,[280, 356, 460, 523]
P311LYB0151_03_15510129_260522102354_00_02_9480.mp4,[382, 296, 496, 434]
P311LYB0152_04_13385719_260518115937_00_02_1913.mp4,[1047, 280, 1177, 427]
P311LYB0152_04_13386409_260518120127_00_02_8840.mp4,[1080, 289, 1197, 421]
P311LYB0152_04_13386549_260518120149_00_02_8913.mp4,[1053, 238, 1172, 404]
P311LYB0152_04_13430489_260518135858_00_02_1777.mp4,[622, 282, 772, 430]
P311LYB0152_04_13430789_260518135946_00_02_5685.mp4,[475, 124, 657, 277]
P311LYB0152_04_13431329_260518140112_00_02_2158.mp4,[473, 128, 632, 330]
P311LYB0152_04_14977029_260521104151_00_02_8364.mp4,[1074, 306, 1201, 443]
P311LYB0163_08_6940149_260520114858_00_02_3015.mp4,[564, 507, 744, 684]
P311LYB0166_10_13330299_260518094209_00_02_7192.mp4,[1508, 322, 1921, 778]
P311LYB0168_12_12908409_260518145308_00_00_3474.mp4,[566, 426, 900, 681]
P311LYB0168_12_12915169_260518151155_00_00_1154.mp4,[471, 464, 772, 724]
P311LYB0168_12_12916529_260518151541_00_00_2814.mp4,[478, 453, 823, 726]
P311LYB0168_12_12917359_260518151800_00_00_7378.mp4,[550, 479, 860, 670]
P311LYB0168_12_13471509_260519165720_00_02_2369.mp4,[903, 279, 1116, 467]
P311LYB0168_12_13871019_260520112706_00_02_2809.mp4,[1122, 609, 1571, 971]
P311LYB0168_12_14085489_260520212252_00_02_2062.mp4,[179, 588, 378, 780]
P311LYB0168_12_14124669_260520231142_00_02_4448.mp4,[135, 598, 434, 907]
P311LYB0170_13_13437209_260519152158_00_00_3417.mp4,[87, 84, 338, 282]
P311LYB0170_13_13590109_260519222641_00_00_6664.mp4,[156, 101, 419, 245]
P311LYB0175_14_15259319_260521232520_00_00_8692.mp4,[1233, 140, 1399, 275]
P311LYB0192_15_15028439_260521125951_00_00_3790.mp4,[879, 128, 1242, 453]
P371LYB0102_01_12926169_260518153552_00_02_3231.mp4,[742, 93, 900, 301]
P371LYB0103_02_13343199_260519105558_00_02_8492.mp4,[800, 87, 1329, 657]
P371LYB0104_03_13002629_260518190942_00_02_2253.mp4,[619, 784, 998, 1077]
P371LYB0104_03_13005889_260518191846_00_02_8334.mp4,[695, 765, 991, 1074]
P371LYB0104_03_13375069_260519122417_00_02_8296.mp4,[390, 674, 604, 938]
P371LYB0104_03_13417069_260519142057_00_02_3584.mp4,[427, 619, 566, 837]
P371LYB0104_03_13506809_260519183014_00_02_6171.mp4,[350, 762, 562, 1034]
P371LYB0104_03_13590879_260519222346_00_02_3659.mp4,[682, 732, 862, 913]
P371LYB0104_03_13592009_260519222654_00_02_8904.mp4,[346, 756, 594, 1040]
P371LYB0104_03_13592129_260519222714_00_02_2701.mp4,[328, 757, 573, 1054]
P371LYB0104_03_13592309_260519222744_00_02_2296.mp4,[325, 766, 555, 1054]
P371LYB0104_03_13592469_260519222811_00_02_5659.mp4,[404, 741, 607, 1055]
P371LYB0104_03_13592629_260519222838_00_02_3533.mp4,[316, 764, 601, 1057]
P371LYB0104_03_13592699_260519222849_00_02_6422.mp4,[403, 815, 615, 1046]
P371LYB0104_03_13950179_260520150151_00_02_8508.mp4,[381, 777, 563, 1076]
P371LYB0104_03_13958139_260520152358_00_02_9466.mp4,[474, 667, 667, 889]
P371LYB0104_03_14384679_260521110849_00_02_5170.mp4,[325, 744, 538, 1035]
P371LYB0104_03_14461159_260521144116_00_02_7692.mp4,[393, 746, 600, 1073]
P371LYB0104_03_14461629_260521144234_00_02_1753.mp4,[380, 730, 562, 931]
P371LYB0104_03_14461859_260521144313_00_02_9194.mp4,[313, 730, 572, 1029]
P371LYB0104_03_14462159_260521144403_00_02_3679.mp4,[388, 802, 652, 1073]
P371LYB0104_03_14468669_260521150208_00_02_8647.mp4,[456, 752, 778, 1071]
P371LYB0104_03_14507799_260521165049_00_02_7411.mp4,[726, 845, 998, 1072]
P371LYB0104_03_14551989_260521185334_00_02_8605.mp4,[680, 869, 864, 1075]
P371LYB0104_03_14622859_260521221027_00_02_5979.mp4,[348, 769, 553, 951]
P371LYB0104_03_14622909_260521221035_00_02_7155.mp4,[319, 809, 599, 1073]
P371LYB0104_03_14622979_260521221046_00_02_2877.mp4,[332, 739, 593, 987]
P371LYB0104_03_14623009_260521221052_00_02_3118.mp4,[331, 746, 595, 1065]
P371LYB0104_03_14746939_260522035507_00_02_7074.mp4,[650, 527, 817, 684]
P371LYB0104_03_14980109_260522144249_00_02_9365.mp4,[334, 759, 729, 1068]
P371LYB0105_04_13008599_260518192608_00_02_9522.mp4,[785, 562, 947, 834]
P371LYB0105_04_13521909_260519191201_00_02_9702.mp4,[711, 594, 914, 808]
P371LYB0105_04_13522219_260519191253_00_02_6588.mp4,[696, 764, 851, 1022]
P371LYB0105_04_13566509_260519211554_00_02_5585.mp4,[578, 774, 814, 1079]
P371LYB0105_04_14068879_260520203124_00_00_3627.mp4,[751, 213, 1080, 498]
P371LYB0105_04_14571569_260521194747_00_02_4187.mp4,[723, 330, 990, 596]
P371LYB0105_04_14576009_260521200007_00_02_1642.mp4,[733, 428, 903, 652]
P371LYB0149_07_13645279_260518233749_00_00_1056.mp4,[310, 55, 610, 328]
P371LYB0153_08_14084809_260520211717_00_02_7394.mp4,[781, 1, 1072, 279]
P371LYB0160_09_13651739_260520011254_00_00_6563.mp4,[710, 106, 1189, 810]
P371LYB0160_09_14172469_260521011925_00_02_6870.mp4,[1054, 362, 1204, 644]
P371LYB0160_09_14209909_260521030325_00_02_1851.mp4,[1013, 335, 1160, 583]
P371LYB0169_12_13369499_260518110115_00_02_3045.mp4,[1008, 673, 1133, 944]
P371LYB0169_12_13375919_260518111821_00_02_1551.mp4,[819, 686, 959, 954]
P371LYB0169_12_13688509_260519011127_00_00_8451.mp4,[33, 343, 233, 609]
P371LYB0169_12_15272109_260521233149_00_02_8291.mp4,[661, 643, 898, 958]
P371LYB0184_19_13000779_260518190309_00_00_3811.mp4,[883, 358, 1141, 740]
P371LYB0184_19_13565059_260519211037_00_02_4199.mp4,[1007, 395, 1209, 808]
P371LYB0185_20_13641509_260520004422_00_02_6723.mp4,[596, 287, 997, 733]
P371LYB0185_20_13850509_260520102456_00_02_6170.mp4,[719, 305, 956, 566]
P532LYB01184_17_13470049_260518155244_00_02_6989.mp4,[896, 70, 1032, 293]
P532LYB01184_17_14526509_260520145020_00_02_5269.mp4,[962, 97, 1076, 283]
P532LYB01184_17_14528199_260520145451_00_02_4465.mp4,[794, 63, 1052, 421]
P532LYB01184_17_14537689_260520152009_00_02_3225.mp4,[811, 86, 1140, 498]
P532LYB01184_17_14579529_260520171144_00_02_4865.mp4,[858, 132, 1049, 527]
P532LYB01184_17_14580589_260520171433_00_02_1666.mp4,[602, 184, 925, 577]
P532LYB01184_17_14718279_260520232146_00_02_6393.mp4,[516, 84, 1351, 931]
P532LYB01184_17_15062039_260521143832_00_02_3966.mp4,[1, 32, 761, 731]
P532LYB01184_17_15064739_260521144544_00_02_8384.mp4,[717, 79, 977, 474]
P532LYB01184_17_15642419_260522162629_00_02_5429.mp4,[645, 46, 1122, 468]
P532LYB01189_18_12795689_260518093629_00_00_2426.mp4,[615, 414, 890, 605]
P532LYB01190_19_14557069_260521191133_00_00_1377.mp4,[725, 300, 926, 639]
P571LYB0133_00_14151489_260519220944_00_00_3187.mp4,[714, 226, 1352, 837]
P571LYB0138_01_14567309_260520163650_00_02_6964.mp4,[785, 113, 906, 407]
P571LYB0141_02_13953979_260519132142_00_00_8169.mp4,[791, 28, 1213, 189]
P571LYB0141_02_13954489_260519132304_00_00_9664.mp4,[943, 41, 1197, 186]
P571LYB0152_04_14544489_260520153533_00_02_2714.mp4,[0, 6, 398, 427]
P571LYB0159_06_13966899_260519135545_00_00_5480.mp4,[0, 137, 406, 1071]
P571LYB0159_06_15063599_260521144021_00_00_5619.mp4,[38, 78, 634, 467]
P592LYB01111_18_5546079_260524094904_00_02_3218.mp4,[734, 51, 866, 301]
P592LYB0122_26_12794069_260518095853_00_02_7955.mp4,[211, 576, 364, 766]
P592LYB0123_27_14105599_260520221431_00_02_6020.mp4,[829, 568, 1306, 1078]
P592LYB0123_27_14113329_260520223559_00_02_5319.mp4,[978, 767, 1118, 1006]
P592LYB0126_30_14325869_260521082621_00_02_6249.mp4,[855, 364, 1037, 571]
P592LYB0127_31_12772159_260518083058_00_02_5591.mp4,[1555, 589, 1870, 960]
P592LYB0134_35_14938349_260522132014_00_02_5515.mp4,[1321, 497, 1508, 701]
P592LYB0157_01_13520719_260519193928_00_00_2832.mp4,[1374, 156, 1908, 677]
P592LYB0157_01_14026249_260520190444_00_00_5386.mp4,[1459, 114, 1682, 744]
P592LYB0157_01_14970199_260522144842_00_02_8821.mp4,[680, 191, 1105, 929]
P592LYB0157_01_15484849_260523143919_00_02_5584.mp4,[715, 1, 892, 257]
P592LYB0157_01_15490529_260523145506_00_02_4261.mp4,[859, 114, 1080, 355]
P592LYB0159_03_15080979_260522195736_00_02_2830.mp4,[464, 461, 638, 721]
P592LYB0173_07_3159109_260522185833_00_02_4466.mp4,[630, 59, 866, 373]
P592LYB0177_10_10930369_260520095124_00_02_6023.mp4,[407, 461, 635, 728]
P592LYB0182_12_8898039_260519181707_00_02_2958.mp4,[585, 1, 837, 293]
P592LYB0191_13_1523869_260522135641_00_00_3981.mp4,[303, 76, 508, 202]
P769CSB0113_18_12912639_260518144834_00_02_3101.mp4,[1045, 426, 1289, 659]
P769CSB0113_18_13440199_260519151309_00_02_5502.mp4,[947, 615, 1172, 994]
P769CSB0113_18_13476299_260519165322_00_02_8292.mp4,[301, 556, 753, 1074]
P769CSB0114_19_14640739_260521224557_00_02_9325.mp4,[841, 299, 1079, 575]
P769CSB0114_19_14968569_260522135603_00_02_4687.mp4,[834, 554, 1599, 1074]
P769CSB01186_14_13335009_260519104410_00_02_5642.mp4,[552, 252, 690, 372]
P769CSB01186_14_13513479_260519185955_00_02_5359.mp4,[1461, 272, 1722, 827]
P769CSB01186_14_13638339_260520004646_00_02_3419.mp4,[391, 261, 520, 445]
P769CSB0118_20_13494169_260519180617_00_02_5081.mp4,[786, 856, 1052, 1076]
P769CSB01239_12_12902099_260518104925_00_02_7097.mp4,[974, 18, 1247, 288]
P769CSB01239_12_13366399_260519081014_00_02_6510.mp4,[558, 237, 1218, 570]
P769CSB01239_12_13569469_260519173053_00_02_8135.mp4,[416, 493, 627, 807]
P769CSB01239_12_13571239_260519173548_00_02_8337.mp4,[336, 230, 983, 878]
P769CSB01239_12_14395259_260521072937_00_02_2368.mp4,[484, 220, 1017, 909]
P769CSB01239_12_15057539_260522135800_00_02_8376.mp4,[0, 194, 662, 1043]
P769CSB01239_12_15458029_260523082319_00_02_2327.mp4,[20, 85, 402, 569]
P769CSB01239_12_16154079_260524162222_00_02_9999.mp4,[146, 150, 352, 599]
P769CSB01239_12_16273209_260524215100_00_02_6025.mp4,[758, 568, 1193, 1059]
P769CSB01241_13_13508219_260519143609_00_02_3472.mp4,[422, 368, 741, 583]
P769CSB01241_13_14783999_260522011553_00_02_6371.mp4,[343, 537, 526, 903]
P769CSB01241_13_14787109_260522012422_00_00_6384.mp4,[861, 125, 1101, 294]
P769CSB01241_13_15060389_260522135904_00_02_6762.mp4,[182, 185, 461, 482]
P769CSB01241_13_15230929_260522214941_00_02_2205.mp4,[527, 55, 716, 258]
