1,2,3,4
20260511-0516_抽查,1-paoren,00100001001310016042_6889_199_260512091028_00_00_5408.mp4,
20260511-0516_抽查,1-paoren,00100001001310016734_5500_1769_260514161449_00_00_8664.mp4,
20260511-0516_抽查,1-paoren,00100001001310017185_2823_1619_260514072426_00_00_7677.mp4,
20260511-0516_抽查,1-paoren,00100001581314000912_15476_19_260514071000_00_00_5929.mp4,
20260511-0516_抽查,1-paoren,00100001581314014367_13256_2319_260513150607_00_00_8883.mp4,
20260511-0516_抽查,1-paoren,00100001581314014367_13256_2509_260513150638_00_00_3571.mp4,
20260511-0516_抽查,1-paoren,00100001581314014367_8700_2349_260513072612_00_00_5663.mp4,
20260511-0516_抽查,1-paoren,00100001581314014640_658_1879_260513151507_00_00_7338.mp4,
20260511-0516_抽查,1-paoren,00100001581314014643_758_3099_260513152831_00_00_6285.mp4,
20260511-0516_抽查,1-paoren,00100001581314015691_777_2519_260512070640_00_00_9257.mp4,
20260511-0516_抽查,1-paoren,00100001581314021163_6845_1419_260512151346_00_00_7125.mp4,
20260511-0516_抽查,1-paoren,00100001581314021163_8594_309_260513152042_00_00_6660.mp4,
20260511-0516_抽查,1-paoren,00100001581314021588_1443_1359_260513153325_00_00_3533.mp4,
20260511-0516_抽查,1-paoren,00100001581314023102_3914_1119_260514120301_00_00_4003.mp4,
20260511-0516_抽查,1-paoren,00100001581314023102_7877_1079_260513121255_00_00_2855.mp4,
20260511-0516_抽查,1-paoren,00100001581314023463_5785_29_260514184000_00_00_6709.mp4,
20260511-0516_抽查,1-paoren,00100001581314023463_9313_889_260513183209_00_00_5003.mp4,
20260511-0516_抽查,1-paoren,00100001581314023715_1479_339_260513153046_00_00_2182.mp4,
20260511-0516_抽查,1-paoren,00100001581314026538_1637_1589_260513161420_00_00_7713.mp4,
20260511-0516_抽查,1-paoren,00100001581314026538_1637_1739_260513161445_00_00_6016.mp4,
20260511-0516_抽查,1-paoren,00100001581314029897_3040_3719_260514073607_00_00_8752.mp4,
20260511-0516_抽查,1-paoren,00100001581314030783_3886_419_260512172105_00_00_6647.mp4,
20260511-0516_抽查,1-paoren,00100001581314034859_7469_2029_260513093528_00_00_5117.mp4,
20260511-0516_抽查,1-paoren,00100001581314039090_4889_1639_260512070423_00_00_8803.mp4,
20260511-0516_抽查,1-paoren,00100001581314039090_4889_2269_260512070608_00_00_8806.mp4,
20260511-0516_抽查,1-paoren,00100001581314039645_6522_1899_260512072511_00_00_6831.mp4,
20260511-0516_抽查,1-paoren,00100001581314039645_6522_2329_260512072623_00_00_1701.mp4,
20260511-0516_抽查,1-paoren,00100001581314039898_10019_219_260514072015_00_00_2466.mp4,
20260511-0516_抽查,1-paoren,00100001581314039905_13843_1919_260513162515_00_00_3849.mp4,
20260511-0516_抽查,1-paoren,00100001581314040455_15602_1099_260514072258_00_02_5631.mp4,
20260511-0516_抽查,1-paoren,00100001581314040459_6053_2989_260512065757_00_00_4438.mp4,
20260511-0516_抽查,1-paoren,00100001581314040481_4827_2989_260512065756_00_00_4465.mp4,
20260511-0516_抽查,1-paoren,00100001581314041059_6901_1449_260513070340_00_00_6884.mp4,
20260511-0516_抽查,1-paoren,00100001581314042379_2756_1719_260514071425_00_00_2600.mp4,
20260511-0516_抽查,1-paoren,00100001581314042902_11615_2699_260514155708_00_00_7926.mp4,
20260511-0516_抽查,1-paoren,00100001581314043789_10946_3419_260513071919_00_00_5216.mp4,
20260511-0516_抽查,1-paoren,00100001581314043800_2634_1209_260514071312_00_00_7357.mp4,
20260511-0516_抽查,1-paoren,00100001581314044083_9249_2089_260512165526_00_00_9275.mp4,
20260511-0516_抽查,1-paoren,00100001581314044531_2930_869_260514072204_00_00_7668.mp4,
20260511-0516_抽查,1-paoren,00100001581314045322_4239_429_260514132050_00_00_1576.mp4,
20260511-0516_抽查,1-paoren,00100001581314047508_11451_3269_260514151855_00_02_7967.mp4,
20260511-0516_抽查,1-paoren,00100001581314048243_1071_2889_260513144751_00_00_3238.mp4,
20260511-0516_抽查,1-paoren,00100001581314048462_10146_39_260514073000_00_00_6826.mp4,
20260511-0516_抽查,1-paoren,00100001581314048466_3765_839_260514113210_00_00_7353.mp4,
20260511-0516_抽查,1-paoren,00100001581314048992_4293_509_260514133104_00_02_8459.mp4,
20260511-0516_抽查,1-paoren,00100001581314050507_9895_2009_260514071530_00_00_8259.mp4,
20260511-0516_抽查,1-paoren,00100001581314050507_9895_2469_260514071646_00_00_4503.mp4,
20260511-0516_抽查,1-paoren,00100001581314051034_7956_509_260513123120_00_00_5651.mp4,
20260511-0516_抽查,1-paoren,00100001581314051034_7956_599_260513123135_00_00_1920.mp4,
20260511-0516_抽查,1-paoren,00100001581314051049_1431_1189_260513172313_00_00_2876.mp4,
20260511-0516_抽查,1-paoren,00200001001310020420_294_49_260512072004_00_00_2697.mp4,
20260511-0516_抽查,1-paoren,00200001001310032258_3466_859_260512063202_00_00_7935.mp4,
20260511-0516_抽查,1-paoren,00200001001310042159_3515_2109_260513072531_00_00_4069.mp4,
20260511-0516_抽查,1-paoren,00200001581314005400_1046_829_260514094213_00_02_3572.mp4,
20260511-0516_抽查,1-paoren,00200001581314009676_3562_2039_260513072825_00_00_8589.mp4,
20260511-0516_抽查,1-paoren,00200001581314013698_7155_669_260514072130_00_00_4125.mp4,
20260511-0516_抽查,1-paoren,00200001581314013933_251_3119_260514072829_00_00_8559.mp4,
20260511-0516_抽查,1-paoren,00200001581314015432_6520_2899_260514060753_00_00_1284.mp4,
20260511-0516_抽查,1-paoren,00200001581314015432_6520_3029_260514060815_00_00_2189.mp4,
20260511-0516_抽查,1-paoren,00200001581314016515_6920_2829_260512071746_00_00_8865.mp4,
20260511-0516_抽查,1-paoren,00200001581314017016_6853_619_260513175134_00_02_6983.mp4,
20260511-0516_抽查,1-paoren,00200001581314017064_4715_1089_260513160241_00_00_6142.mp4,
20260511-0516_抽查,1-paoren,00200001581314017064_4715_1639_260513160412_00_00_4982.mp4,
20260511-0516_抽查,1-paoren,00200001581314017064_4715_1729_260513160427_00_00_9709.mp4,
20260511-0516_抽查,1-paoren,00200001581314017064_4715_1959_260513160506_00_00_1209.mp4,
20260511-0516_抽查,1-paoren,00200001581314025424_10538_3139_260512193839_00_00_7268.mp4,
20260511-0516_抽查,1-paoren,00200001581314025713_3800_2989_260513065808_00_00_4309.mp4,
20260511-0516_抽查,1-paoren,00200001581314028395_124_3349_260512071913_00_00_9777.mp4,
20260511-0516_抽查,1-paoren,00200001581314028793_6214_3239_260511192838_00_00_9784.mp4,
20260511-0516_抽查,1-paoren,00200001581314031039_589_2859_260512090735_00_00_7682.mp4,
20260511-0516_抽查,1-paoren,00200001581314031039_7908_2119_260512092532_00_00_7180.mp4,
20260511-0516_抽查,1-paoren,00200001581314031230_6917_1219_260514070318_00_00_8509.mp4,
20260511-0516_抽查,1-paoren,00200001581314032070_391_1379_260512074345_00_00_2723.mp4,
20260511-0516_抽查,1-paoren,00200001581314032884_290_1949_260512073503_00_00_1725.mp4,
20260511-0516_抽查,1-paoren,00200001581314035343_4656_3149_260513130839_00_00_5742.mp4,
20260511-0516_抽查,1-paoren,00200001581314035578_2463_2989_260512173818_00_00_6909.mp4,
20260511-0516_抽查,1-paoren,00200001581314035578_7403_2309_260512071619_00_02_9980.mp4,
20260511-0516_抽查,1-paoren,00200001581314035742_1981_699_260514180151_00_02_5019.mp4,
20260511-0516_抽查,1-paoren,00200001581314036804_1047_2429_260512114638_00_00_5521.mp4,
20260511-0516_抽查,1-paoren,00200001581314036916_833_1349_260513114334_00_00_3025.mp4,
20260511-0516_抽查,1-paoren,00200001581314038706_327_2879_260514120442_00_00_1122.mp4,
20260511-0516_抽查,1-paoren,00200001581314039424_11354_2019_260513065516_00_02_7786.mp4,
20260511-0516_抽查,1-paoren,00200001581314040664_7674_2179_260514152553_00_00_2320.mp4,
20260511-0516_抽查,1-paoren,00200001581314040674_7949_1249_260514172318_00_00_2261.mp4,
20260511-0516_抽查,1-paoren,00200001581314042069_7063_9_260514072000_00_00_8244.mp4,
20260511-0516_抽查,1-paoren,00200001581314042216_8406_1759_260512120716_00_00_2770.mp4,
20260511-0516_抽查,1-paoren,00200014581314007609_7511_2399_260512072619_00_00_8901.mp4,
20260511-0516_抽查,1-paoren,00200014581314011067_76_1419_260514101351_00_00_2649.mp4,
20260511-0516_抽查,1-paoren,00200014581314011628_225_5159_260512072706_00_00_2808.mp4,
20260511-0516_抽查,1-paoren,00200014581314011705_3830_2269_260513075612_00_02_3024.mp4,
20260511-0516_抽查,1-paoren,00210001581314004647_48501_1029_260512070241_00_00_6866.mp4,
20260511-0516_抽查,1-paoren,00210001581314007351_46736_2179_260512041553_00_00_4998.mp4,
20260511-0516_抽查,1-paoren,00210001581314007351_46736_2269_260512041608_00_02_5757.mp4,
20260511-0516_抽查,1-paoren,00210001581314014972_57552_1059_260514064252_00_00_2396.mp4,
20260511-0516_抽查,1-paoren,00210001581314017208_52648_1999_260512064512_00_00_7656.mp4,
20260511-0516_抽查,1-paoren,00210001581314036653_51649_2519_260512053649_00_00_1342.mp4,
20260511-0516_抽查,1-paoren,00210001581314038796_57327_179_260514063022_00_02_5953.mp4,
20260511-0516_抽查,1-paoren,00210001581314042547_50361_229_260513063017_00_00_5432.mp4,
20260511-0516_抽查,1-paoren,00210001581314042831_56673_2129_260514060550_00_02_6025.mp4,
20260511-0516_抽查,1-paoren,00210001581314043432_49464_509_260513053104_00_00_2924.mp4,
20260511-0516_抽查,1-paoren,00210001581314043432_51736_629_260512054124_00_00_8098.mp4,
20260511-0516_抽查,1-paoren,00210001581314045904_53132_1379_260514064329_00_00_4470.mp4,
20260511-0516_抽查,1-paoren,00210001581314056499_48218_369_260512064041_00_00_4931.mp4,
20260511-0516_抽查,1-paoren,00210001581314056499_50916_2429_260511064623_00_00_6491.mp4,
20260511-0516_抽查,1-paoren,00210001581314057026_51893_529_260512060119_00_00_1691.mp4,
20260511-0516_抽查,1-paoren,00210001581314058149_57138_1429_260514062337_00_00_1720.mp4,
20260511-0516_抽查,1-paoren,00210001581314058413_52380_1039_260514061232_00_00_1789.mp4,
20260511-0516_抽查,1-paoren,00210001581314062367_53114_1469_260514064355_00_00_4470.mp4,
20260511-0516_抽查,1-paoren,00210001581314062894_50699_1009_260513064243_00_00_7112.mp4,
20260511-0516_抽查,1-paoren,00210001581314062894_50699_1369_260513064343_00_00_9406.mp4,
20260511-0516_抽查,1-paoren,00210001581314063343_55195_3139_260513064822_00_00_6951.mp4,
20260511-0516_抽查,1-paoren,00210001581314063349_52621_329_260514062034_00_00_2854.mp4,
20260511-0516_抽查,1-paoren,00210001581314063351_52123_2669_260514055703_00_00_1711.mp4,
20260511-0516_抽查,1-paoren,00210001581314064233_53081_159_260512070016_00_02_8717.mp4,
20260511-0516_抽查,1-paoren,00210001581314064233_53081_3209_260512070844_00_00_5572.mp4,
20260511-0516_抽查,1-paoren,00210001581314064860_50656_909_260513064210_00_00_9284.mp4,
20260511-0516_抽查,1-paoren,00210001581314064860_55438_2009_260513065512_00_00_9483.mp4,
20260511-0516_抽查,1-paoren,00210002581314020055_47453_1399_260512055333_00_00_6623.mp4,
20260511-0516_抽查,1-paoren,00220001001310011833_101570_669_260514111147_00_00_1919.mp4,
20260511-0516_抽查,1-paoren,00220001001310011833_44833_2649_260514112717_00_00_3067.mp4,
20260511-0516_抽查,1-paoren,00220001001310011833_44833_3069_260514112827_00_00_6673.mp4,
20260511-0516_抽查,1-paoren,00220001001310012308_46605_1709_260514181424_00_00_1805.mp4,
20260511-0516_抽查,1-paoren,00220001001310012308_46605_1919_260514181459_00_00_5186.mp4,
20260511-0516_抽查,1-paoren,00220001001310012308_46605_1999_260514181513_00_00_1997.mp4,
20260511-0516_抽查,1-paoren,00220001001310012668_37221_1529_260512134353_00_00_7855.mp4,
20260511-0516_抽查,1-paoren,00220001001310012677_45373_2529_260514133641_00_00_9618.mp4,
20260511-0516_抽查,1-paoren,00220001001310014941_95039_1289_260512132331_00_00_7545.mp4,
20260511-0516_抽查,1-paoren,00220001001310015428_43966_1489_260514071347_00_02_4275.mp4,
20260511-0516_抽查,1-paoren,00220001001310015496_84028_859_260513184219_00_00_3728.mp4,
20260511-0516_抽查,1-paoren,00220001581314001675_122261_2139_260512071552_00_00_6773.mp4,
20260511-0516_抽查,1-paoren,00220001581314004256_99278_409_260513171047_00_00_6037.mp4,
20260511-0516_抽查,1-paoren,00220001581314008211_128319_199_260513140013_00_00_5151.mp4,
20260511-0516_抽查,1-paoren,00220001581314008221_41341_1709_260513135424_00_00_7846.mp4,
20260511-0516_抽查,1-paoren,00220001581314008618_85055_3319_260514072852_00_02_7007.mp4,
20260511-0516_抽查,1-paoren,00220001581314010366_95776_3529_260512161927_00_00_1870.mp4,
20260511-0516_抽查,1-paoren,00220001581314010366_99036_219_260513160016_00_00_6796.mp4,
20260511-0516_抽查,1-paoren,00220001581314012609_86977_3529_260514183938_00_00_2711.mp4,
20260511-0516_抽查,1-paoren,00220001581314015079_100825_1199_260514071259_00_02_2063.mp4,
20260511-0516_抽查,1-paoren,00220001581314015163_100959_2779_260514072721_00_00_1439.mp4,
20260511-0516_抽查,1-paoren,00220001581314015974_85190_2419_260514075622_00_00_5855.mp4,
20260511-0516_抽查,1-paoren,00220001581314016991_102140_1479_260514133347_00_00_8389.mp4,
20260511-0516_抽查,1-paoren,00230001581314008568_8324_2919_260514192756_00_00_2734.mp4,
20260511-0516_抽查,1-paoren,00230001581314014311_476_2659_260513074713_00_00_1795.mp4,
20260511-0516_抽查,1-paoren,00230001581314032242_6636_529_260514144119_00_02_5078.mp4,
20260511-0516_抽查,1-paoren,00230001581314039106_10711_2969_260512131753_00_00_6949.mp4,
20260511-0516_抽查,1-paoren,00230001581314041571_7025_549_260514145110_00_02_9728.mp4,
20260511-0516_抽查,1-paoren,00230001581314042844_4618_1259_260514070309_00_00_5228.mp4,
20260511-0516_抽查,1-paoren,00230001581314043023_803_2059_260513073521_00_02_4465.mp4,
20260511-0516_抽查,1-paoren,00230001581314043075_9808_2339_260512082609_00_00_6924.mp4,
20260511-0516_抽查,1-paoren,00230001581314043902_28813_3069_260514184808_00_00_3660.mp4,
20260511-0516_抽查,1-paoren,00230001581314044522_19995_2519_260511183638_00_02_5150.mp4,
20260511-0516_抽查,1-paoren,00230001581314044898_28076_2869_260514151735_00_00_2448.mp4,
20260511-0516_抽查,1-paoren,00230001581314045399_2173_2759_260513144719_00_00_1496.mp4,
20260511-0516_抽查,1-paoren,00240001001310018053_132914_1639_260513183423_00_00_2768.mp4,
20260511-0516_抽查,1-paoren,00240001001310018199_125034_2699_260514082720_00_00_2192.mp4,
20260511-0516_抽查,1-paoren,00240001001310018406_96325_739_260512072153_00_00_1994.mp4,
20260511-0516_抽查,1-paoren,00240001581314001293_126372_2709_260514145722_00_00_3896.mp4,
20260511-0516_抽查,1-paoren,00240001581314004057_86406_1959_260514072517_00_00_7953.mp4,
20260511-0516_抽查,1-paoren,00240001581314006266_116589_1429_260512081339_00_00_4779.mp4,
20260511-0516_抽查,1-paoren,00240001581314006266_116589_2489_260512081635_00_00_1971.mp4,
20260511-0516_抽查,1-paoren,00240001581314011677_96654_1869_260512084450_00_00_1256.mp4,
20260511-0516_抽查,1-paoren,00240001581314015903_129864_2539_260513074642_00_00_9619.mp4,
20260511-0516_抽查,1-paoren,00250001581314011881_66012_2009_260513135525_00_00_7228.mp4,
20260511-0516_抽查,1-paoren,00250001581314012013_3194_1309_260514201328_00_00_1478.mp4,
20260511-0516_抽查,1-paoren,00250001581314012013_3194_1459_260514201353_00_00_2076.mp4,
20260511-0516_抽查,1-paoren,00250001581314012013_3194_1649_260514201424_00_00_9233.mp4,
20260511-0516_抽查,1-paoren,00250001581314012013_3194_2449_260514201637_00_00_6768.mp4,
20260511-0516_抽查,1-paoren,00250001581314012013_68153_2889_260513201751_00_00_7417.mp4,
20260511-0516_抽查,1-paoren,00250001581314012013_68153_3149_260513201834_00_00_7268.mp4,
20260511-0516_抽查,1-paoren,00250001581314012015_89227_1439_260512183350_00_00_6988.mp4,
20260511-0516_抽查,1-paoren,00250001581314012804_67996_2709_260512141721_00_00_3124.mp4,
20260511-0516_抽查,1-paoren,00250001581314012804_67996_2869_260512141748_00_00_5629.mp4,
20260511-0516_抽查,1-paoren,00250001581314013090_67202_179_260513180020_00_00_5520.mp4,
20260511-0516_抽查,1-paoren,00250001581314013805_2243_329_260514141045_00_00_4682.mp4,
20260511-0516_抽查,1-paoren,00250001581314014007_71988_1619_260513182424_00_02_2596.mp4,
20260511-0516_抽查,1-paoren,00250001581314014641_66832_1629_260512072421_00_00_5927.mp4,
20260511-0516_抽查,1-paoren,00250001581314014676_68048_599_260512143130_00_00_8971.mp4,
20260511-0516_抽查,1-paoren,00250001581314015622_2398_589_260514144128_00_00_4960.mp4,
20260511-0516_抽查,1-paoren,00250001581314016555_90916_2899_260513071743_00_00_6718.mp4,
20260511-0516_抽查,1-paoren,00250001581314018727_932_609_260514075131_00_00_8977.mp4,
20260511-0516_抽查,1-paoren,00250001581314019697_65306_2359_260513073612_00_00_1396.mp4,
20260511-0516_抽查,1-paoren,00250001581314021065_86645_89_260512074001_00_00_6589.mp4,
20260511-0516_抽查,1-paoren,00250001581314021076_71135_2029_260513142528_00_00_3403.mp4,
20260511-0516_抽查,1-paoren,00250001581314021638_1555_3149_260514134835_00_00_3001.mp4,
20260511-0516_抽查,1-paoren,00250001581314022430_68099_289_260512145039_00_00_8433.mp4,
20260511-0516_抽查,1-paoren,00250001581314022491_2386_2289_260514145601_00_00_6778.mp4,
20260511-0516_抽查,1-paoren,00250001581314023709_71703_2379_260513171626_00_00_7470.mp4,
20260511-0516_抽查,1-paoren,00250001581314023787_66877_19_260512073000_00_00_4050.mp4,
20260511-0516_抽查,1-paoren,00250001581314024470_988_7719_260514083502_00_00_8589.mp4,
20260511-0516_抽查,1-paoren,00250001581314026570_655_1619_260514071409_00_00_7786.mp4,
20260511-0516_抽查,1-paoren,00250001581314026570_655_1919_260514071458_00_00_5240.mp4,
20260511-0516_抽查,1-paoren,00250001581314027185_66571_1909_260513155457_00_00_9032.mp4,
20260511-0516_抽查,1-paoren,00250001581314032293_443_1059_260514065235_00_00_6456.mp4,
20260511-0516_抽查,1-paoren,00250001581314032293_86224_1989_260512064510_00_00_5551.mp4,
20260511-0516_抽查,1-paoren,00250001581314032452_60850_2659_260512070701_00_00_8189.mp4,
20260511-0516_抽查,1-paoren,00250001581314033613_89487_5629_260512191338_00_00_7446.mp4,
20260511-0516_抽查,1-paoren,00280001581314096531_10032_2379_260514152631_00_00_3814.mp4,
20260511-0516_抽查,1-paoren,00280001581314098747_6960_3069_260514073821_00_00_1879.mp4,
20260511-0516_抽查,1-paoren,00280001581314098896_9759_779_260514145205_00_00_4112.mp4,
20260511-0516_抽查,1-paoren,00280001581314099586_9825_3129_260514171820_00_02_6284.mp4,
20260511-0516_抽查,1-paoren,00280001581314100778_1177_3009_260512145811_00_00_8616.mp4,
20260511-0516_抽查,1-paoren,00290001001310010429_94688_29_260512072000_00_00_9522.mp4,
20260511-0516_抽查,1-paoren,00290001001310014079_12492_1939_260514083518_00_00_2354.mp4,
20260511-0516_抽查,1-paoren,00290001001310014456_68209_3399_260512153916_00_00_6714.mp4,
20260511-0516_抽查,1-paoren,00290001001310015013_4289_799_260512081208_00_00_8822.mp4,
20260511-0516_抽查,1-paoren,00290001001310015455_1073_2929_260513071803_00_02_8042.mp4,
20260511-0516_抽查,1-paoren,00290001001310016611_69632_1689_260513072437_00_00_7154.mp4,
20260511-0516_抽查,1-paoren,00290001581314001996_1213_2709_260513073726_00_00_9208.mp4,
20260511-0516_抽查,1-paoren,00290001581314015789_71142_3299_260513152859_00_00_6300.mp4,
20260511-0516_抽查,1-paoren,00290001581314028564_130433_2679_260513071722_00_00_7562.mp4,
20260511-0516_抽查,1-paoren,00290001581314029366_130514_1089_260513072256_00_02_8913.mp4,
20260511-0516_抽查,1-paoren,00290001581314030395_67860_3559_260512144947_00_00_9305.mp4,
20260511-0516_抽查,1-paoren,00290001581314032587_69775_2159_260513074554_00_00_5310.mp4,
20260511-0516_抽查,1-paoren,00290001581314037135_3705_9_260514152000_00_00_9793.mp4,
20260511-0516_抽查,1-paoren,00290001581314038868_1281_1239_260513074139_00_02_6435.mp4,
20260511-0516_抽查,1-paoren,00290001581314039778_130710_2459_260513074317_00_00_4997.mp4,
20260511-0516_抽查,1-paoren,00290001581314040965_5829_5449_260512152721_00_02_6465.mp4,
20260511-0516_抽查,1-paoren,00595001581314001157_7810_1859_260514162500_00_00_8495.mp4,
20260511-0516_抽查,1-paoren,00595001581314001790_5045_3189_260514072829_00_02_9342.mp4,
20260511-0516_抽查,1-paoren,00595001581314001931_144577_1389_260512075532_00_00_1857.mp4,
20260511-0516_抽查,1-paoren,00595001581314001931_149713_829_260513075323_00_00_2718.mp4,
20260511-0516_抽查,1-paoren,02400344581314000082_104515_1899_260514151455_00_00_7427.mp4,
20260511-0516_抽查,1-paoren,02400399581314003906_84163_449_260513112054_00_00_5357.mp4,
20260511-0516_抽查,1-paoren,02400399581314004372_125578_489_260512092101_00_00_5564.mp4,
20260511-0516_抽查,1-paoren,02720001001310006118_19524_879_260513073206_00_00_9112.mp4,
20260511-0516_抽查,1-paoren,02720001001310009321_21301_2809_260513135743_00_02_6848.mp4,
20260511-0516_抽查,1-paoren,02720001001310014534_24760_2789_260514145735_00_00_5755.mp4,
20260511-0516_抽查,1-paoren,02720001001310016430_29104_2259_260514070611_00_02_8961.mp4,
20260511-0516_抽查,1-paoren,02720001001310016432_32286_309_260514071047_00_02_4727.mp4,
20260511-0516_抽查,1-paoren,02720001581314000543_30007_2459_260513142644_00_00_5920.mp4,
20260511-0516_抽查,1-paoren,02720001581314001757_17914_1829_260512122455_00_00_9728.mp4,
20260511-0516_抽查,1-paoren,02720001581314001763_22846_1879_260514070503_00_00_3867.mp4,
20260511-0516_抽查,1-paoren,02720001581314002250_17230_899_260512080208_00_00_3211.mp4,
20260511-0516_抽查,1-paoren,02720001581314003588_24730_2769_260514153736_00_00_7667.mp4,
20260511-0516_抽查,1-paoren,02720001581314004351_24269_2499_260512075636_00_00_8041.mp4,
20260511-0516_抽查,1-paoren,02720001581314005081_21298_1039_260513135232_00_00_7363.mp4,
20260511-0516_抽查,1-paoren,02720001581314005832_25942_629_260513114124_00_00_3834.mp4,
20260511-0516_抽查,1-paoren,02720001581314006427_32333_189_260514072011_00_00_4248.mp4,
20260511-0516_抽查,1-paoren,02720001581314006601_21988_2209_260513165558_00_00_8200.mp4,
20260511-0516_抽查,1-paoren,02720001581314006601_21988_3229_260513165848_00_00_7918.mp4,
20260511-0516_抽查,1-paoren,02720001581314007344_34154_1239_260514140305_00_02_2261.mp4,
20260511-0516_抽查,1-paoren,02720001581314009674_32264_1009_260514161227_00_00_6029.mp4,
20260511-0516_抽查,1-paoren,02720001581314009679_24210_2099_260514133528_00_00_2020.mp4,
20260511-0516_抽查,1-paoren,02720001581314010692_35434_2579_260514180649_00_00_6768.mp4,
20260511-0516_抽查,1-paoren,02720001581314014552_31089_6899_260514133912_00_00_6042.mp4,
20260511-0516_抽查,1-paoren,02720001581314015533_25161_2849_260514162347_00_00_2245.mp4,
20260511-0516_抽查,1-paoren,02720110581314023023_30354_199_260514112023_00_00_6933.mp4,
20260511-0516_抽查,1-paoren,02720110581314025830_34677_3959_260514153414_00_00_1339.mp4,
20260511-0516_抽查,1-paoren,02720110581314026888_24822_3239_260512101840_00_00_9195.mp4,
20260511-0516_抽查,1-paoren,02720110581314026888_25726_609_260513102123_00_00_6620.mp4,
20260511-0516_抽查,1-paoren,02720110581314027125_18830_1279_260511172312_00_02_3912.mp4,
20260511-0516_抽查,1-paoren,02720110581314029781_30417_3099_260513152826_00_00_1781.mp4,
20260511-0516_抽查,1-paoren,02720110581314031575_21012_2719_260512100712_00_00_3108.mp4,
20260511-0516_抽查,1-paoren,02720110581314032379_34648_1379_260514152147_00_00_7652.mp4,
20260511-0516_抽查,1-paoren,02729900581314008461_33101_2429_260514094640_00_00_7269.mp4,
20260511-0516_抽查,1-paoren,02729900581314010114_19388_669_260513071142_00_00_4371.mp4,
20260511-0516_抽查,1-paoren,02729900581314010761_31931_2019_260514063527_00_02_3367.mp4,
20260511-0516_抽查,1-paoren,02729900581314016633_22931_359_260514071055_00_00_1919.mp4,
20260511-0516_抽查,1-paoren,02729999581314000077_21765_2649_260512130711_00_02_6470.mp4,
20260511-0516_抽查,1-paoren,03160001581314003543_21078_1779_260514185446_00_00_3750.mp4,
20260511-0516_抽查,1-paoren,03160001581314005210_149671_219_260514125032_00_02_3932.mp4,
20260511-0516_抽查,1-paoren,03160001581314005232_21020_1239_260513183321_00_02_3361.mp4,
20260511-0516_抽查,1-paoren,03160001581314005645_24891_309_260514193047_00_02_2661.mp4,
20260511-0516_抽查,1-paoren,03161323581314000001_137912_2209_260512155219_00_00_3491.mp4,
20260511-0516_抽查,1-paoren,03180001001310012881_142664_3529_260512191942_00_00_5874.mp4,
20260511-0516_抽查,1-paoren,03180001001310012881_14660_3409_260511191922_00_00_5369.mp4,
20260511-0516_抽查,1-paoren,03180001001310017237_149860_3379_260514134918_00_00_6775.mp4,
20260511-0516_抽查,1-paoren,03186566581314000008_152166_3429_260514194921_00_00_4244.mp4,
20260511-0516_抽查,1-paoren,03186566581314000008_152166_3499_260514194933_00_00_4933.mp4,
20260511-0516_抽查,1-paoren,03189999581314009649_147236_219_260513191027_00_00_2150.mp4,
20260511-0516_抽查,1-paoren,03189999581314012310_139049_3009_260512192815_00_00_7000.mp4,
20260511-0516_抽查,1-paoren,03510001001310008303_126678_609_260512145136_00_00_5847.mp4,
20260511-0516_抽查,1-paoren,03510001001310010804_133870_1769_260514080434_00_00_3122.mp4,
20260511-0516_抽查,1-paoren,03510001001310011338_126473_2249_260514144554_00_00_9090.mp4,
20260511-0516_抽查,1-paoren,03510001001310012495_105630_1359_260514180342_00_00_8929.mp4,
20260511-0516_抽查,1-paoren,03510001001310016384_102389_3359_260513184914_00_00_4052.mp4,
20260511-0516_抽查,1-paoren,03510001001310016515_105817_3309_260514182906_00_00_2607.mp4,
20260511-0516_抽查,1-paoren,03510001001310016515_105817_3339_260514182911_00_00_8664.mp4,
20260511-0516_抽查,1-paoren,03510001001310016840_129647_649_260513080143_00_00_8767.mp4,
20260511-0516_抽查,1-paoren,03510001001310017668_122789_3019_260513152818_00_00_8802.mp4,
20260511-0516_抽查,1-paoren,03510001001310017765_116792_589_260512074133_00_00_3961.mp4,
20260511-0516_抽查,1-paoren,03510001001310018828_106224_3299_260514192904_00_00_9639.mp4,
20260511-0516_抽查,1-paoren,03512230581314000008_98161_1479_260512151345_00_00_1507.mp4,
20260511-0516_抽查,1-paoren,03512999581314000089_120939_2179_260513075558_00_02_2064.mp4,
20260511-0516_抽查,1-paoren,03518586581314000047_117004_2049_260512081521_00_00_5591.mp4,
20260511-0516_抽查,1-paoren,03519999581314003434_104905_1929_260514144500_00_00_8633.mp4,
20260511-0516_抽查,1-paoren,03519999581314015268_99871_3109_260513072816_00_00_6761.mp4,
20260511-0516_抽查,1-paoren,03519999581314015566_125948_259_260514115023_00_00_5787.mp4,
20260511-0516_抽查,1-paoren,03519999581314015817_105110_2229_260514151124_00_00_7996.mp4,
20260511-0516_抽查,1-paoren,03519999581314018684_83085_909_260513072210_00_02_5686.mp4,
20260511-0516_抽查,1-paoren,03519999581314018783_118203_679_260512143133_00_00_4442.mp4,
20260511-0516_抽查,1-paoren,03710001001310011673_66559_79_260514075008_00_00_3635.mp4,
20260511-0516_抽查,1-paoren,03710001001310018642_63604_279_260513073037_00_00_4823.mp4,
20260511-0516_抽查,1-paoren,03710001001310018642_66542_2079_260514075536_00_00_3949.mp4,
20260511-0516_抽查,1-paoren,03719499581314000066_62066_3429_260512150926_00_00_5745.mp4,
20260511-0516_抽查,1-paoren,03719925581314000006_126515_7459_260512090608_00_00_9564.mp4,
20260511-0516_抽查,1-paoren,03719999581314002018_132689_1489_260513153404_00_00_3763.mp4,
20260511-0516_抽查,1-paoren,03719999581314002018_132689_2389_260513153634_00_00_7943.mp4,
20260511-0516_抽查,1-paoren,03719999581314004158_129095_3039_260514071816_00_00_4921.mp4,
20260511-0516_抽查,1-paoren,03719999581314036173_105224_1799_260514073440_00_00_7590.mp4,
20260511-0516_抽查,1-paoren,03719999581314036601_66741_349_260514084053_00_00_9393.mp4,
20260511-0516_抽查,1-paoren,04323500581314000004_137160_2849_260514064734_00_00_6635.mp4,
20260511-0516_抽查,1-paoren,04325499581314000017_100191_3089_260513121829_00_00_7808.mp4,
20260511-0516_抽查,1-paoren,04329914581314000021_118373_2479_260512174751_00_00_6648.mp4,
20260511-0516_抽查,1-paoren,04329999581314000165_83702_1069_260513071254_00_00_5280.mp4,
20260511-0516_抽查,1-paoren,04329999581314006193_132836_5559_260513072910_00_00_2365.mp4,
20260511-0516_抽查,1-paoren,04329999581314006447_124789_3549_260514092946_00_00_9936.mp4,
20260511-0516_抽查,1-paoren,04510001001310010033_86766_2669_260514072704_00_00_6299.mp4,
20260511-0516_抽查,1-paoren,04510001001310010598_86885_1919_260514074514_00_00_3099.mp4,
20260511-0516_抽查,1-paoren,04510001001310011467_84718_2899_260513125742_00_00_5344.mp4,
20260511-0516_抽查,1-paoren,04510001001310011481_103680_3459_260514105931_00_00_8056.mp4,
20260511-0516_抽查,1-paoren,04510001001310011495_138660_3509_260514105939_00_00_9097.mp4,
20260511-0516_抽查,1-paoren,04510001001310013002_120005_2989_260513073813_00_00_2275.mp4,
20260511-0516_抽查,1-paoren,04510001001310016295_128454_129_260512075012_00_00_7380.mp4,
20260511-0516_抽查,1-paoren,04510001001310016307_119012_1799_260512200449_00_00_1355.mp4,
20260511-0516_抽查,1-paoren,04510001001310016307_119012_2049_260512200531_00_00_2883.mp4,
20260511-0516_抽查,1-paoren,04510001001310016307_140952_1759_260514200443_00_00_9020.mp4,
20260511-0516_抽查,1-paoren,04510001001310016307_140952_1799_260514200450_00_00_1523.mp4,
20260511-0516_抽查,1-paoren,04510001001310016307_140952_1879_260514200503_00_00_3612.mp4,
20260511-0516_抽查,1-paoren,04510001001310016307_140952_1969_260514200518_00_00_8162.mp4,
20260511-0516_抽查,1-paoren,04510001001310016307_140952_2059_260514200533_00_00_4762.mp4,
20260511-0516_抽查,1-paoren,04510001001310016307_140952_2089_260514200539_00_00_7773.mp4,
20260511-0516_抽查,1-paoren,04510001001310016307_140952_2189_260514200555_00_00_8059.mp4,
20260511-0516_抽查,1-paoren,04510001581314001529_81749_2209_260512125558_00_00_6890.mp4,
20260511-0516_抽查,1-paoren,04511100581314000011_88494_909_260514165222_00_02_2976.mp4,
20260511-0516_抽查,1-paoren,04511100581314000020_96941_2889_260512130752_00_00_5420.mp4,
20260511-0516_抽查,1-paoren,04512100581314000008_126878_2429_260514180624_00_00_3157.mp4,
20260511-0516_抽查,1-paoren,04514399581314000002_100603_699_260513141151_00_00_6457.mp4,
20260511-0516_抽查,1-paoren,04514399581314000002_139173_1909_260514140513_00_00_6081.mp4,
20260511-0516_抽查,1-paoren,04519900581314011986_84671_179_260513121009_00_00_5160.mp4,
20260511-0516_抽查,1-paoren,04519900581314013069_129256_3299_260512111859_00_00_8484.mp4,
20260511-0516_抽查,1-paoren,04519999581314003364_100267_2499_260513123646_00_00_5163.mp4,
20260511-0516_抽查,1-paoren,04519999581314018011_100755_369_260513145041_00_00_3319.mp4,
20260511-0516_抽查,1-paoren,04519999581314025168_99532_2599_260513081415_00_00_3051.mp4,
20260511-0516_抽查,1-paoren,04519999581314025515_135240_6359_260513160423_00_00_6141.mp4,
20260511-0516_抽查,1-paoren,04519999581314025762_133611_6339_260513095832_00_00_7240.mp4,
20260511-0516_抽查,1-paoren,04519999581314025857_98344_13059_260512191838_00_00_1300.mp4,
20260511-0516_抽查,1-paoren,04519999581314026140_125567_5039_260514122818_00_02_6765.mp4,
20260511-0516_抽查,1-paoren,04710001001310006947_123633_2429_260512075639_00_00_8539.mp4,
20260511-0516_抽查,1-paoren,04710001001310007659_125630_869_260514155204_00_00_8316.mp4,
20260511-0516_抽查,1-paoren,04710001001310008230_88272_1639_260514184428_00_00_8686.mp4,
20260511-0516_抽查,1-paoren,04710001001310009313_121076_2309_260513145615_00_00_4484.mp4,
20260511-0516_抽查,1-paoren,04710001001310009313_121076_2899_260513145753_00_00_8175.mp4,
20260511-0516_抽查,1-paoren,04710001001310010852_86422_2449_260514081643_00_00_8424.mp4,
20260511-0516_抽查,1-paoren,04710001001310011894_87256_2799_260514140741_00_00_6070.mp4,
20260511-0516_抽查,1-paoren,04710001001310012247_116737_1519_260512140403_00_00_7918.mp4,
20260511-0516_抽查,1-paoren,04710001001310012764_116508_3089_260512122830_00_00_9066.mp4,
20260511-0516_抽查,1-paoren,04710001581314001238_87910_269_260514164035_00_00_9624.mp4,
20260511-0516_抽查,1-paoren,04710001581314001611_86099_2549_260514073654_00_00_7520.mp4,
20260511-0516_抽查,1-paoren,04711400581314000030_103384_1349_260514120335_00_00_1442.mp4,
20260511-0516_抽查,1-paoren,04719099581314000054_86370_2359_260514080611_00_00_9523.mp4,
20260511-0516_抽查,1-paoren,04719400581314000065_99143_1099_260513075253_00_02_6887.mp4,
20260511-0516_抽查,1-paoren,04719999581314002917_96480_2439_260512121636_00_00_2589.mp4,
20260511-0516_抽查,1-paoren,04719999581314017837_125561_1359_260514153325_00_00_3446.mp4,
20260511-0516_抽查,1-paoren,04719999581314019120_123335_2479_260514074407_00_00_8284.mp4,
20260511-0516_抽查,1-paoren,04719999581314019427_115662_2499_260512081655_00_00_6811.mp4,
20260511-0516_抽查,1-paoren,04719999581314021689_120805_619_260513142033_00_02_4269.mp4,
20260511-0516_抽查,1-paoren,05121199581314000028_6764_379_260514101053_00_00_1526.mp4,
20260511-0516_抽查,1-paoren,05123399581314000129_2820_3529_260514171943_00_00_6284.mp4,
20260511-0516_抽查,1-paoren,05126799581314000050_56827_1809_260512090441_00_00_1355.mp4,
20260511-0516_抽查,1-paoren,05127699581314000012_5965_589_260514070133_00_00_3862.mp4,
20260511-0516_抽查,1-paoren,05129918581314000008_1463_599_260513064135_00_00_1464.mp4,
20260511-0516_抽查,1-paoren,05129999581314004673_2845_3509_260513073940_00_00_4530.mp4,
20260511-0516_抽查,1-paoren,05129999581314006460_327_779_260513075206_00_00_8391.mp4,
20260511-0516_抽查,1-paoren,05129999581314012717_955_1889_260513182454_00_00_6011.mp4,
20260511-0516_抽查,1-paoren,05129999581314014955_3722_2939_260514190759_00_02_3356.mp4,
20260511-0516_抽查,1-paoren,05129999581314018027_4269_379_260514074059_00_00_8609.mp4,
20260511-0516_抽查,1-paoren,05129999581314018027_563_3109_260514073833_00_00_1823.mp4,
20260511-0516_抽查,1-paoren,05129999581314019556_83710_3259_260511181853_00_00_7395.mp4,
20260511-0516_抽查,1-paoren,05129999581314023027_6999_3019_260514174818_00_00_7984.mp4,
20260511-0516_抽查,1-paoren,05129999581314027159_1174_3329_260513121853_00_00_9343.mp4,
20260511-0516_抽查,1-paoren,05129999581314027159_1202_799_260513122152_00_00_3553.mp4,
20260511-0516_抽查,1-paoren,05129999581314027857_1464_1619_260513192408_00_00_8690.mp4,
20260511-0516_抽查,1-paoren,05129999581314029939_2585_739_260513184158_00_00_8958.mp4,
20260511-0516_抽查,1-paoren,05129999581314033401_57002_13359_260512095851_00_00_9592.mp4,
20260511-0516_抽查,1-paoren,05130001581314000403_602_149_260514073015_00_00_1683.mp4,
20260511-0516_抽查,1-paoren,05130001581314000403_602_2039_260514073529_00_00_2382.mp4,
20260511-0516_抽查,1-paoren,05130001581314000403_602_569_260514073124_00_00_1085.mp4,
20260511-0516_抽查,1-paoren,05130001581314000403_602_99_260514073006_00_00_5715.mp4,
20260511-0516_抽查,1-paoren,05160001001310010230_70380_3069_260514173826_00_00_3132.mp4,
20260511-0516_抽查,1-paoren,05160001001310016100_36649_1559_260512170359_00_00_1599.mp4,
20260511-0516_抽查,1-paoren,05160001581314000402_106135_2949_260514184806_00_00_4331.mp4,
20260511-0516_抽查,1-paoren,05166099581314000030_98068_1269_260512140328_00_00_1671.mp4,
20260511-0516_抽查,1-paoren,05167400581314000057_104802_10939_260514135710_00_00_9280.mp4,
20260511-0516_抽查,1-paoren,05169900581314004883_45114_139_260514164002_00_00_8048.mp4,
20260511-0516_抽查,1-paoren,05169900581314004924_63521_3369_260512134916_00_00_2838.mp4,
20260511-0516_抽查,1-paoren,05169900581314005342_43800_59_260514131000_00_00_3409.mp4,
20260511-0516_抽查,1-paoren,05169900581314005833_44591_1449_260514150356_00_00_1794.mp4,
20260511-0516_抽查,1-paoren,05169900581314007181_122984_3549_260513171929_00_00_6950.mp4,
20260511-0516_抽查,1-paoren,05169900581314008056_45925_3009_260514183759_00_00_5399.mp4,
20260511-0516_抽查,1-paoren,05319999581314016301_138114_1729_260514140438_00_00_2386.mp4,
20260511-0516_抽查,1-paoren,05319999581314018562_128755_839_260512134159_00_00_7444.mp4,
20260511-0516_抽查,1-paoren,05319999581314018672_47985_3039_260514142816_00_02_1648.mp4,
20260511-0516_抽查,1-paoren,05319999581314022419_46677_2979_260514071806_00_00_1047.mp4,
20260511-0516_抽查,1-paoren,05319999581314024427_22754_1049_260512071233_00_00_8298.mp4,
20260511-0516_抽查,1-paoren,05319999581314024427_22754_1129_260512071247_00_00_2355.mp4,
20260511-0516_抽查,1-paoren,05319999581314024623_129107_1619_260512142421_00_00_6051.mp4,
20260511-0516_抽查,1-paoren,05319999581314025976_28898_3159_260513134841_00_00_9088.mp4,
20260511-0516_抽查,1-paoren,05319999581314029483_63509_1179_260512095306_00_00_9157.mp4,
20260511-0516_抽查,1-paoren,05319999581314030301_46729_3159_260514072836_00_00_9605.mp4,
20260511-0516_抽查,1-paoren,05319999581314031661_22673_2389_260512070628_00_00_7730.mp4,
20260511-0516_抽查,1-paoren,05319999581314036396_68575_2819_260513173728_00_00_5946.mp4,
20260511-0516_抽查,1-paoren,05319999581314036536_71205_3509_260514133939_00_00_5519.mp4,
20260511-0516_抽查,1-paoren,05320127581314000032_126411_1169_260513165304_00_00_6896.mp4,
20260511-0516_抽查,1-paoren,05320130581314000033_105923_1349_260514160335_00_00_9444.mp4,
20260511-0516_抽查,1-paoren,05320130581314000033_105923_1919_260514160509_00_00_9865.mp4,
20260511-0516_抽查,1-paoren,05320166581314000026_130944_109_260514170013_00_00_5429.mp4,
20260511-0516_抽查,1-paoren,05320167581314000033_102333_1679_260513163430_00_00_9967.mp4,
20260511-0516_抽查,1-paoren,05320199581314003574_89215_3459_260514171926_00_00_8023.mp4,
20260511-0516_抽查,1-paoren,05320199581314003584_105382_1339_260514142333_00_02_5595.mp4,
20260511-0516_抽查,1-paoren,05320199581314004025_134058_1259_260514073325_00_00_1853.mp4,
20260511-0516_抽查,1-paoren,05320199581314004025_134058_1399_260514073348_00_00_6164.mp4,
20260511-0516_抽查,1-paoren,05320199581314004025_134058_1739_260514073445_00_00_1626.mp4,
20260511-0516_抽查,1-paoren,05320199581314005435_130417_729_260514155140_00_00_2333.mp4,
20260511-0516_抽查,1-paoren,05320199581314005438_137321_3419_260514180908_00_00_5687.mp4,
20260511-0516_抽查,1-paoren,05320199581314005658_129640_329_260514134049_00_02_6447.mp4,
20260511-0516_抽查,1-paoren,05320199581314006919_100621_809_260513092218_00_00_4304.mp4,
20260511-0516_抽查,1-paoren,05320199581314007377_127636_589_260514063128_00_00_9379.mp4,
20260511-0516_抽查,1-paoren,05320199581314009541_131687_2679_260513160722_00_00_9266.mp4,
20260511-0516_抽查,1-paoren,05320199581314010521_136171_1659_260514152431_00_00_7757.mp4,
20260511-0516_抽查,1-paoren,05320199581314010521_136171_1999_260514152528_00_00_9858.mp4,
20260511-0516_抽查,1-paoren,05320199581314010521_136171_2039_260514152534_00_00_5364.mp4,
20260511-0516_抽查,1-paoren,05320199581314010899_131122_89_260513143005_00_00_8513.mp4,
20260511-0516_抽查,1-paoren,05320199581314012525_104985_949_260514131217_00_00_2891.mp4,
20260511-0516_抽查,1-paoren,05320199581314014885_104305_2879_260514092738_00_00_5004.mp4,
20260511-0516_抽查,1-paoren,05320199581314016056_136042_3019_260514145802_00_02_3046.mp4,
20260511-0516_抽查,1-paoren,05320199581314016518_127660_879_260514064205_00_00_2445.mp4,
20260511-0516_抽查,1-paoren,05320199581314017020_105598_2019_260514150515_00_00_2108.mp4,
20260511-0516_抽查,1-paoren,05320199581314017020_105598_2769_260514150720_00_00_9467.mp4,
20260511-0516_抽查,1-paoren,05320199581314017080_129617_1369_260514134327_00_00_8409.mp4,
20260511-0516_抽查,1-paoren,05510010001310014844_1397_3129_260514070837_00_00_9491.mp4,
20260511-0516_抽查,1-paoren,05510010001310015122_211_3499_260512161933_00_00_2553.mp4,
20260511-0516_抽查,1-paoren,05510010001310015867_1937_979_260514065233_00_00_9535.mp4,
20260511-0516_抽查,1-paoren,05513800581314000008_54_2139_260514151546_00_00_5581.mp4,
20260511-0516_抽查,1-paoren,05519900581314001731_3808_3059_260512140809_00_00_7888.mp4,
20260511-0516_抽查,1-paoren,05519900581314004458_983_3099_260514182815_00_00_5212.mp4,
20260511-0516_抽查,1-paoren,05519900581314007797_9512_3009_260514164816_00_00_5493.mp4,
20260511-0516_抽查,1-paoren,05519900581314008373_2936_129_260512104001_00_00_8319.mp4,
20260511-0516_抽查,1-paoren,05519900581314009109_2083_2959_260513071808_00_02_3092.mp4,
20260511-0516_抽查,1-paoren,05519900581314009560_2187_2509_260513071637_00_00_9869.mp4,
20260511-0516_抽查,1-paoren,05519900581314009560_88_9_260514070000_00_00_9774.mp4,
20260511-0516_抽查,1-paoren,05519900581314015763_2086_2569_260513070646_00_00_3157.mp4,
20260511-0516_抽查,1-paoren,05519900581314019217_1850_269_260512070024_00_00_5590.mp4,
20260511-0516_抽查,1-paoren,05519900581314021607_2834_1969_260512095508_00_00_3771.mp4,
20260511-0516_抽查,1-paoren,05519900581314021939_3065_1479_260513100345_00_00_5527.mp4,
20260511-0516_抽查,1-paoren,05519900581314021958_6099_519_260513185106_00_00_4697.mp4,
20260511-0516_抽查,1-paoren,05519999581314009411_1998_3219_260513065846_00_02_9263.mp4,
20260511-0516_抽查,1-paoren,05710001001310015057_118654_309_260512073032_00_00_6367.mp4,
20260511-0516_抽查,1-paoren,05710001001310017884_84836_1469_260513073400_00_00_6590.mp4,
20260511-0516_抽查,1-paoren,05710001581314000458_11761_109_260514073013_00_00_7543.mp4,
20260511-0516_抽查,1-paoren,05710015001310002975_127297_579_260514074127_00_00_4815.mp4,
20260511-0516_抽查,1-paoren,05710015001310003005_140423_2319_260514152616_00_00_7073.mp4,
20260511-0516_抽查,1-paoren,05710015001310003454_84562_2569_260513065658_00_00_6858.mp4,
20260511-0516_抽查,1-paoren,05710015001310003790_13271_1919_260514143459_00_00_2748.mp4,
20260511-0516_抽查,1-paoren,05710015001310003790_13271_2009_260514143514_00_00_3306.mp4,
20260511-0516_抽查,1-paoren,05710015581314000162_136291_3359_260513170914_00_00_2809.mp4,
20260511-0516_抽查,1-paoren,05712300581314000073_130035_2519_260514174639_00_00_8440.mp4,
20260511-0516_抽查,1-paoren,05713300581314000009_121516_69_260512182000_00_00_7789.mp4,
20260511-0516_抽查,1-paoren,05715100581314000075_86998_1469_260513183344_00_00_9822.mp4,
20260511-0516_抽查,1-paoren,05718200581314000006_8111_2259_260513071554_00_00_6894.mp4,
20260511-0516_抽查,1-paoren,05719900581314000618_11521_2719_260514070723_00_00_9700.mp4,
20260511-0516_抽查,1-paoren,05719900581314001081_13724_2539_260514163653_00_00_9191.mp4,
20260511-0516_抽查,1-paoren,05719900581314004320_137704_1189_260514064308_00_00_5600.mp4,
20260511-0516_抽查,1-paoren,05719900581314008664_125218_3219_260513162837_00_00_8536.mp4,
20260511-0516_抽查,1-paoren,05719900581314013288_136767_3449_260513181913_00_00_3427.mp4,
20260511-0516_抽查,1-paoren,05719900581314013351_120393_699_260512150135_00_00_6526.mp4,
20260511-0516_抽查,1-paoren,05719900581314014418_8040_2429_260513070624_00_00_5227.mp4,
20260511-0516_抽查,1-paoren,05719900581314014788_123004_1439_260513074338_00_00_1891.mp4,
20260511-0516_抽查,1-paoren,05719900581314015469_130765_2979_260512145753_00_00_4378.mp4,
20260511-0516_抽查,1-paoren,05719900581314015518_11835_1589_260514074404_00_00_7407.mp4,
20260511-0516_抽查,1-paoren,05719900581314015518_138263_3129_260514073820_00_00_1280.mp4,
20260511-0516_抽查,1-paoren,05719900581314016389_10156_2769_260513155720_00_00_5590.mp4,
20260511-0516_抽查,1-paoren,05719900581314016652_138252_1399_260514072333_00_00_6025.mp4,
20260511-0516_抽查,1-paoren,05719900581314017467_138225_949_260514072217_00_00_4943.mp4,
20260511-0516_抽查,1-paoren,05719900581314017471_9221_909_260513113211_00_00_1844.mp4,
20260511-0516_抽查,1-paoren,05719900581314018185_129677_1849_260514170447_00_00_5186.mp4,
20260511-0516_抽查,1-paoren,05740414581314000018_12175_2629_260512072708_00_00_9743.mp4,
20260511-0516_抽查,1-paoren,05742865581314000020_39885_1029_260514081242_00_00_4225.mp4,
20260511-0516_抽查,1-paoren,05746099581314000057_17334_1939_260514073502_00_00_5821.mp4,
20260511-0516_抽查,1-paoren,05747074581314000025_17146_2059_260514071533_00_00_5730.mp4,
20260511-0516_抽查,1-paoren,05748199581314000025_26163_709_260514192148_00_00_2087.mp4,
20260511-0516_抽查,1-paoren,05749397581314000034_19571_159_260514174017_00_00_8730.mp4,
20260511-0516_抽查,1-paoren,05749999581314000630_16262_1789_260512190448_00_00_9982.mp4,
20260511-0516_抽查,1-paoren,05749999581314001916_18987_1899_260514152456_00_00_1292.mp4,
20260511-0516_抽查,1-paoren,05749999581314004219_14385_2649_260512135700_00_00_7462.mp4,
20260511-0516_抽查,1-paoren,05749999581314007291_12231_1069_260512072248_00_00_8484.mp4,
20260511-0516_抽查,1-paoren,05749999581314012462_16299_2479_260513071643_00_00_4673.mp4,
20260511-0516_抽查,1-paoren,05749999581314012532_17443_3049_260514074807_00_00_8548.mp4,
20260511-0516_抽查,1-paoren,05749999581314015206_24754_719_260514153149_00_00_3408.mp4,
20260511-0516_抽查,1-paoren,05749999581314015344_17415_399_260513073045_00_00_2189.mp4,
20260511-0516_抽查,1-paoren,05749999581314015400_16757_1979_260513075509_00_00_1479.mp4,
20260511-0516_抽查,1-paoren,05749999581314015973_33390_1809_260512075440_00_00_9560.mp4,
20260511-0516_抽查,1-paoren,05749999581314017685_22279_899_260514070219_00_00_3465.mp4,
20260511-0516_抽查,1-paoren,05749999581314018558_20543_939_260513154216_00_00_7970.mp4,
20260511-0516_抽查,1-paoren,05749999581314019362_10972_1169_260512141305_00_00_7416.mp4,
20260511-0516_抽查,1-paoren,05749999581314020449_22769_1909_260514074513_00_00_1162.mp4,
20260511-0516_抽查,1-paoren,05749999581314022048_23401_1329_260514144331_00_02_4981.mp4,
20260511-0516_抽查,1-paoren,05749999581314022733_16911_1989_260513080509_00_00_8088.mp4,
20260511-0516_抽查,1-paoren,05749999581314022827_39669_2869_260514073748_00_00_6929.mp4,
20260511-0516_抽查,1-paoren,05749999581314023355_11878_2269_260512070613_00_00_6470.mp4,
20260511-0516_抽查,1-paoren,05749999581314023355_12991_2839_260513071748_00_00_4377.mp4,
20260511-0516_抽查,1-paoren,05749999581314023360_33194_619_260512072139_00_00_3980.mp4,
20260511-0516_抽查,1-paoren,05749999581314023710_36515_499_260513082102_00_00_5269.mp4,
20260511-0516_抽查,1-paoren,05749999581314024826_17501_3109_260513074828_00_00_7768.mp4,
20260511-0516_抽查,1-paoren,05749999581314025373_11982_2629_260512070708_00_00_4761.mp4,
20260511-0516_抽查,1-paoren,05749999581314025396_16343_119_260513071010_00_00_3381.mp4,
20260511-0516_抽查,1-paoren,05749999581314025592_9648_2339_260512072620_00_02_9556.mp4,
20260511-0516_抽查,1-paoren,05749999581314026274_14106_889_260512132207_00_00_7955.mp4,
20260511-0516_抽查,1-paoren,05749999581314026643_20733_3029_260513185804_00_02_2331.mp4,
20260511-0516_抽查,1-paoren,05749999581314027030_17020_2559_260513070644_00_02_6475.mp4,
20260511-0516_抽查,1-paoren,05749999581314027247_16093_1929_260513064501_00_00_3782.mp4,
20260511-0516_抽查,1-paoren,05794899581314000078_4873_4069_260514163526_00_00_8382.mp4,
20260511-0516_抽查,1-paoren,05798299581314000014_510_3029_260513084804_00_00_5839.mp4,
20260511-0516_抽查,1-paoren,05799999581314002636_126218_1789_260512080448_00_00_4660.mp4,
20260511-0516_抽查,1-paoren,05799999581314010797_6739_2779_260514160738_00_00_7745.mp4,
20260511-0516_抽查,1-paoren,05799999581314011318_13_939_260513071226_00_00_7427.mp4,
20260511-0516_抽查,1-paoren,05799999581314011331_2364_229_260513144029_00_00_2579.mp4,
20260511-0516_抽查,1-paoren,05799999581314011610_434_2169_260513082557_00_02_4663.mp4,
20260511-0516_抽查,1-paoren,05799999581314011911_121722_359_260513063055_00_00_8846.mp4,
20260511-0516_抽查,1-paoren,05799999581314012971_121077_2779_260512180737_00_00_9311.mp4,
20260511-0516_抽查,1-paoren,05799999581314014114_118665_1829_260512095455_00_00_3198.mp4,
20260511-0516_抽查,1-paoren,05799999581314014537_120911_259_260512174033_00_00_3688.mp4,
20260511-0516_抽查,1-paoren,05799999581314014537_120911_3129_260512174831_00_00_8723.mp4,
20260511-0516_抽查,1-paoren,05799999581314018188_2421_1079_260513145255_00_00_7861.mp4,
20260511-0516_抽查,1-paoren,05799999581314018188_2421_1339_260513145338_00_00_2048.mp4,
20260511-0516_抽查,1-paoren,05799999581314018199_4846_1439_260514075355_00_00_7729.mp4,
20260511-0516_抽查,1-paoren,05799999581314019850_345_399_260513082045_00_00_4760.mp4,
20260511-0516_抽查,1-paoren,05799999581314019951_3763_3049_260514095403_00_00_8058.mp4,
20260511-0516_抽查,1-paoren,05799999581314019954_4105_3379_260514091429_00_00_2827.mp4,
20260511-0516_抽查,1-paoren,05799999581314020003_3031_989_260514071234_00_00_1533.mp4,
20260511-0516_抽查,1-paoren,05799999581314020863_127722_6399_260512140834_00_00_3585.mp4,
20260511-0516_抽查,1-paoren,05910001581314000855_3610_2789_260513191740_00_00_9903.mp4,
20260511-0516_抽查,1-paoren,05910001581314000923_76650_439_260513184109_00_00_2529.mp4,
20260511-0516_抽查,1-paoren,05910001581314001427_77584_819_260514074212_00_02_1612.mp4,
20260511-0516_抽查,1-paoren,05914500581314000021_1197_119_260513133015_00_00_5049.mp4,
20260511-0516_抽查,1-paoren,05915800581314000014_78995_179_260514171020_00_00_3864.mp4,
20260511-0516_抽查,1-paoren,05916400581314000014_154376_2449_260514061638_00_00_4936.mp4,
20260511-0516_抽查,1-paoren,05918000581314000024_77593_539_260514071124_00_02_5817.mp4,
20260511-0516_抽查,1-paoren,05919900581314000771_3628_129_260513191016_00_00_6878.mp4,
20260511-0516_抽查,1-paoren,05919900581314001312_9014_9_260514190000_00_00_1119.mp4,
20260511-0516_抽查,1-paoren,05919900581314001449_522_239_260513103030_00_00_1387.mp4,
20260511-0516_抽查,1-paoren,05919900581314001523_5876_1439_260514100350_00_00_2162.mp4,
20260511-0516_抽查,1-paoren,05919900581314001523_5876_499_260514100113_00_00_8789.mp4,
20260511-0516_抽查,1-paoren,05919900581314003618_147392_1239_260512171306_00_00_2092.mp4,
20260511-0516_抽查,1-paoren,05919900581314003836_157214_979_260514151238_00_00_2829.mp4,
20260511-0516_抽查,1-paoren,05919900581314004290_157322_3019_260514153802_00_00_5403.mp4,
20260511-0516_抽查,1-paoren,05919900581314005018_78299_2669_260514132719_00_00_7748.mp4,
20260511-0516_抽查,1-paoren,05919900581314005253_1717_1099_260513145254_00_00_2018.mp4,
20260511-0516_抽查,1-paoren,05919900581314005352_78946_59_260514171005_00_00_4195.mp4,
20260511-0516_抽查,1-paoren,05919934581314000014_153469_19_260513191000_00_00_9244.mp4,
20260511-0516_抽查,1-paoren,05919958581314000002_147394_3219_260512173833_00_00_6002.mp4,
20260511-0516_抽查,1-paoren,05919961581314000012_152610_549_260513174110_00_00_5300.mp4,
20260511-0516_抽查,1-paoren,05919961581314000012_79025_2169_260514173540_00_00_1763.mp4,
20260511-0516_抽查,1-paoren,05920001581314001207_157360_1949_260514153520_00_00_9422.mp4,
20260511-0516_抽查,1-paoren,05920001581314001611_73437_3059_260512154825_00_00_1482.mp4,
20260511-0516_抽查,1-paoren,05920001581314001775_8566_1849_260514181448_00_02_1836.mp4,
20260511-0516_抽查,1-paoren,05920001581314003119_157078_3239_260514145854_00_00_3710.mp4,
20260511-0516_抽查,1-paoren,05920001581314003394_4855_2339_260514070619_00_00_4710.mp4,
20260511-0516_抽查,1-paoren,05920899581314000009_73259_1939_260512150502_00_02_1928.mp4,
20260511-0516_抽查,1-paoren,05921151581314000002_146888_1929_260512152511_00_02_7925.mp4,
20260511-0516_抽查,1-paoren,05928889581314000035_7878_1329_260514164322_00_00_4946.mp4,
20260511-0516_抽查,1-paoren,05929900581314001199_151169_329_260513135035_00_00_8045.mp4,
20260511-0516_抽查,1-paoren,05929900581314001474_156625_2739_260514134731_00_00_4757.mp4,
20260511-0516_抽查,1-paoren,05929900581314001474_156625_3049_260514134822_00_00_8566.mp4,
20260511-0516_抽查,1-paoren,05929900581314001603_1392_2309_260513135603_00_00_8700.mp4,
20260511-0516_抽查,1-paoren,05950001001310011472_75770_2739_260513145731_00_00_3894.mp4,
20260511-0516_抽查,1-paoren,05950001001310012097_153416_2839_260513191748_00_00_7620.mp4,
20260511-0516_抽查,1-paoren,05950701581314000057_156767_3189_260514135841_00_00_6533.mp4,
20260511-0516_抽查,1-paoren,05950701581314000134_73170_2829_260512143746_00_02_8885.mp4,
20260511-0516_抽查,1-paoren,05950701581314001556_151405_3129_260513143320_00_00_7989.mp4,
20260511-0516_抽查,1-paoren,05953242581314000022_145833_1269_260512130322_00_02_2439.mp4,
20260511-0516_抽查,1-paoren,05953403581314000005_74894_519_260513074158_00_00_1015.mp4,
20260511-0516_抽查,1-paoren,05954555581314000029_78483_1519_260514135408_00_00_5134.mp4,
20260511-0516_抽查,1-paoren,05959192581314000007_145673_1299_260512130331_00_02_4398.mp4,
20260511-0516_抽查,1-paoren,07310001001310001526_132244_2709_260514184710_00_00_1483.mp4,
20260511-0516_抽查,1-paoren,07310001001310004827_137420_1259_260513153309_00_02_8615.mp4,
20260511-0516_抽查,1-paoren,07310001001310006333_129298_939_260514073232_00_00_6758.mp4,
20260511-0516_抽查,1-paoren,07310001001310006336_89730_2539_260514150658_00_00_5250.mp4,
20260511-0516_抽查,1-paoren,07310800581314000012_129665_179_260514085020_00_00_9355.mp4,
20260511-0516_抽查,1-paoren,07311500581314000020_87413_13899_260513182911_00_00_5616.mp4,
20260511-0516_抽查,1-paoren,07314772581314000005_106399_2899_260514154753_00_00_9104.mp4,
20260511-0516_抽查,1-paoren,07319900581314002741_122437_2699_260512153720_00_00_7477.mp4,
20260511-0516_抽查,1-paoren,07319900581314003035_141302_3509_260514125934_00_00_5534.mp4,
20260511-0516_抽查,1-paoren,07319900581314004184_107412_3099_260514191826_00_00_5833.mp4,
20260511-0516_抽查,1-paoren,07319900581314004367_90020_1949_260514160515_00_02_3964.mp4,
20260511-0516_抽查,1-paoren,07319900581314004633_123303_2679_260512181705_00_00_3706.mp4,
20260511-0516_抽查,1-paoren,07319900581314004670_100992_3309_260513072850_00_00_3612.mp4,
20260511-0516_抽查,1-paoren,07319900581314004721_86790_2749_260513154717_00_00_7803.mp4,
20260511-0516_抽查,1-paoren,07319900581314005417_129522_49_260514081001_00_00_1235.mp4,
20260511-0516_抽查,1-paoren,07319900581314005449_131559_819_260514163156_00_00_6660.mp4,
20260511-0516_抽查,1-paoren,07319900581314005697_98690_1889_260512131505_00_00_7439.mp4,
20260511-0516_抽查,1-paoren,07319900581314005896_88318_2019_260514073526_00_00_5729.mp4,
20260511-0516_抽查,1-paoren,07319900581314006352_132582_159_260514192021_00_02_4237.mp4,
20260511-0516_抽查,1-paoren,07319900581314010743_130675_3529_260512073937_00_00_3361.mp4,
20260511-0516_抽查,1-paoren,07319900581314011436_130779_3019_260514135359_00_00_6186.mp4,
20260511-0516_抽查,1-paoren,07520001001310005901_136475_1359_260514073337_00_00_9768.mp4,
20260511-0516_抽查,1-paoren,07520001001310006073_85559_199_260513135023_00_00_4617.mp4,
20260511-0516_抽查,1-paoren,07520001001310006343_81356_2249_260512072605_00_00_2114.mp4,
20260511-0516_抽查,1-paoren,07521600581314000002_138352_419_260514134100_00_00_3496.mp4,
20260511-0516_抽查,1-paoren,07522800581314000006_82614_2209_260512134558_00_02_2027.mp4,
20260511-0516_抽查,1-paoren,07523323581314000070_129564_219_260512154032_00_00_8263.mp4,
20260511-0516_抽查,1-paoren,07523323581314000070_88826_1329_260514154336_00_00_4353.mp4,
20260511-0516_抽查,1-paoren,07523332581314000218_106438_1339_260514074339_00_00_2091.mp4,
20260511-0516_抽查,1-paoren,07523352581314000137_129898_3169_260513122844_00_00_8459.mp4,
20260511-0516_抽查,1-paoren,07523357581314000071_85360_859_260513125213_00_00_3627.mp4,
20260511-0516_抽查,1-paoren,07523359581314000079_106696_2499_260514080651_00_00_9122.mp4,
20260511-0516_抽查,1-paoren,07523359581314000079_106696_3179_260514080844_00_00_2826.mp4,
20260511-0516_抽查,1-paoren,07523371581314000114_132233_329_260513075050_00_00_6268.mp4,
20260511-0516_抽查,1-paoren,07523372581314000072_126979_539_260512070109_00_00_2659.mp4,
20260511-0516_抽查,1-paoren,07523372581314000076_104532_19_260513155000_00_00_2488.mp4,
20260511-0516_抽查,1-paoren,07523372581314000076_134688_139_260514131002_00_00_7650.mp4,
20260511-0516_抽查,1-paoren,07523399581314004700_134257_1929_260513161516_00_00_7784.mp4,
20260511-0516_抽查,1-paoren,07523399581314005237_129424_1939_260512151519_00_00_4103.mp4,
20260511-0516_抽查,1-paoren,07523399581314008246_136511_2319_260514073621_00_02_5876.mp4,
20260511-0516_抽查,1-paoren,07523399581314009998_125684_2749_260512130717_00_00_4858.mp4,
20260511-0516_抽查,1-paoren,07523399581314010680_87240_749_260514072144_00_00_9155.mp4,
20260511-0516_抽查,1-paoren,07523399581314013944_138647_3349_260514152857_00_00_7137.mp4,
20260511-0516_抽查,1-paoren,07527677581314000029_81136_2489_260512065645_00_00_8750.mp4,
20260511-0516_抽查,1-paoren,07529900581314000301_134911_89_260514135000_00_00_5334.mp4,
20260511-0516_抽查,1-paoren,07529900581314000581_87580_1289_260514075313_00_00_1320.mp4,
20260511-0516_抽查,1-paoren,07529900581314002604_82420_2419_260512130637_00_00_3755.mp4,
20260511-0516_抽查,1-paoren,07529900581314002701_86134_2069_260513173539_00_00_2291.mp4,
20260511-0516_抽查,1-paoren,07529999581314001327_138601_1109_260514151255_00_00_5403.mp4,
20260511-0516_抽查,1-paoren,07554001581314071916_259394_829_260513195208_00_00_5564.mp4,
20260511-0516_抽查,1-paoren,07554001581314074897_258093_1829_260513133500_00_00_7693.mp4,
20260511-0516_抽查,1-paoren,07554001581314080317_261810_3249_260514091856_00_00_6874.mp4,
20260511-0516_抽查,1-paoren,07554001581314080892_259040_1219_260513182313_00_00_1032.mp4,
20260511-0516_抽查,1-paoren,07554001581314082144_270261_619_260513154134_00_00_6900.mp4,
20260511-0516_抽查,1-paoren,07554001581314083714_57560_299_260513185040_00_00_1927.mp4,
20260511-0516_抽查,1-paoren,07554001581314084050_272154_2409_260514050636_00_02_6648.mp4,
20260511-0516_抽查,1-paoren,07554001581314084101_275317_1009_260514190047_00_00_1720.mp4,
20260511-0516_抽查,1-paoren,07554001581314085021_52472_3049_260512100818_00_00_9216.mp4,
20260511-0516_抽查,1-paoren,07554001581314085542_274962_3269_260514175901_00_00_3750.mp4,
20260511-0516_抽查,1-paoren,07554001581314085612_263644_3939_260514184233_00_00_2004.mp4,
20260511-0516_抽查,1-paoren,07554001581314085671_261966_2269_260514095612_00_00_2362.mp4,
20260511-0516_抽查,1-paoren,07554001581314086438_272940_1659_260514071435_00_00_8954.mp4,
20260511-0516_抽查,1-paoren,07554001581314087972_274525_1909_260514153513_00_00_5973.mp4,
20260511-0516_抽查,1-paoren,07554001581314088709_273294_1239_260514080316_00_00_9697.mp4,
20260511-0516_抽查,1-paoren,07554001581314088821_273617_3459_260514101926_00_00_6960.mp4,
20260511-0516_抽查,1-paoren,07554001581314091300_273606_2979_260514100812_00_00_3238.mp4,
20260511-0516_抽查,1-paoren,07554001581314091973_252448_2679_260512102721_00_00_9443.mp4,
20260511-0516_抽查,1-paoren,07554001581314093980_136703_2879_260513163754_00_00_8257.mp4,
20260511-0516_抽查,1-paoren,07554001581314095277_273690_739_260514104159_00_00_3831.mp4,
20260511-0516_抽查,1-paoren,07554001581314095277_273690_829_260514104215_00_00_1379.mp4,
20260511-0516_抽查,1-paoren,07554001581314095581_265107_569_260512133114_00_00_1353.mp4,
20260511-0516_抽查,1-paoren,07554001581314096876_263209_1039_260512055249_00_00_4200.mp4,
20260511-0516_抽查,1-paoren,07554001581314096896_273447_1329_260514091337_00_00_2287.mp4,
20260511-0516_抽查,1-paoren,07554001581314097120_131861_899_260512055226_00_00_6366.mp4,
20260511-0516_抽查,1-paoren,07554001581314098882_258536_2439_260513161641_00_00_8692.mp4,
20260511-0516_抽查,1-paoren,07554001581314099155_265784_3869_260512170409_00_00_1122.mp4,
20260511-0516_抽查,1-paoren,07554001581314099155_265784_3909_260512170412_00_00_9026.mp4,
20260511-0516_抽查,1-paoren,07554001581314099155_265784_4969_260512170522_00_00_9383.mp4,
20260511-0516_抽查,1-paoren,07554001581314101323_275019_1529_260514182353_00_00_1272.mp4,
20260511-0516_抽查,1-paoren,07554001581314101323_275019_3179_260514182826_00_00_4512.mp4,
20260511-0516_抽查,1-paoren,07554001581314102123_270237_139_260513153002_00_00_8191.mp4,
20260511-0516_抽查,1-paoren,07554001581314102166_60533_319_260514152032_00_00_2215.mp4,
20260511-0516_抽查,1-paoren,07554001581314102166_60533_479_260514152059_00_00_2727.mp4,
20260511-0516_抽查,1-paoren,07554001581314102166_60533_609_260514152120_00_00_4195.mp4,
20260511-0516_抽查,1-paoren,07554001581314104108_258080_3469_260513133916_00_00_8225.mp4,
20260511-0516_抽查,1-paoren,07554001581314108235_139295_709_260514150153_00_02_7019.mp4,
20260511-0516_抽查,1-paoren,07554001581314108286_136524_1219_260513153043_00_00_1984.mp4,
20260511-0516_抽查,1-paoren,07554001581314108286_274536_2939_260514153152_00_00_2874.mp4,
20260511-0516_抽查,1-paoren,07554001581314108568_251927_219_260512074032_00_00_2461.mp4,
20260511-0516_抽查,1-paoren,07554001581314108643_259062_829_260513184209_00_00_6652.mp4,
20260511-0516_抽查,1-paoren,07554001581314109142_261579_2129_260514075545_00_00_9500.mp4,
20260511-0516_抽查,1-paoren,07554001581314109352_264181_1219_260512080318_00_00_8052.mp4,
20260511-0516_抽查,1-paoren,07554001581314114672_133729_1079_260512175239_00_00_4119.mp4,
20260511-0516_抽查,1-paoren,07554001581314114672_258800_2539_260513174642_00_00_3726.mp4,
20260511-0516_抽查,1-paoren,07554001581314114726_264065_1239_260512074304_00_00_3953.mp4,
20260511-0516_抽查,1-paoren,07554001581314115317_259309_139_260513192018_00_00_1982.mp4,
20260511-0516_抽查,1-paoren,07554001581314117262_261283_3619_260514072350_00_00_3745.mp4,
20260511-0516_抽查,1-paoren,07554001581314118114_260840_2009_260514062525_00_00_2678.mp4,
20260511-0516_抽查,1-paoren,07554001581314118114_260840_2369_260514062625_00_00_7993.mp4,
20260511-0516_抽查,1-paoren,07554001581314118301_268789_869_260513074204_00_00_4549.mp4,
20260511-0516_抽查,1-paoren,07554001581314119920_261476_619_260514074123_00_00_5089.mp4,
20260511-0516_抽查,1-paoren,07554001581314119920_273237_529_260514075108_00_00_3697.mp4,
20260511-0516_抽查,1-paoren,07570001581314003254_4812_1369_260513132343_00_00_3133.mp4,
20260511-0516_抽查,1-paoren,07570299581314000018_907_4819_260514073308_00_00_1302.mp4,
20260511-0516_抽查,1-paoren,07576469581314000014_6980_689_260512071149_00_00_3547.mp4,
20260511-0516_抽查,1-paoren,07577899581314000004_11708_2059_260513072537_00_00_4550.mp4,
20260511-0516_抽查,1-paoren,07577999581314000032_6470_869_260513163220_00_00_6987.mp4,
20260511-0516_抽查,1-paoren,07579293581314000034_5393_2439_260513155641_00_00_6401.mp4,
20260511-0516_抽查,1-paoren,07579999581314006423_790_5329_260514134706_00_00_7652.mp4,
20260511-0516_抽查,1-paoren,07600001001310015752_18086_1019_260514072229_00_00_8950.mp4,
20260511-0516_抽查,1-paoren,07600001001310015752_18086_979_260514072222_00_00_8381.mp4,
20260511-0516_抽查,1-paoren,07600001001310018873_113168_1519_260514074408_00_00_8220.mp4,
20260511-0516_抽查,1-paoren,07600001001310018873_113168_1829_260514074500_00_00_6073.mp4,
20260511-0516_抽查,1-paoren,07600001001310018873_113168_2809_260514074743_00_00_3348.mp4,
20260511-0516_抽查,1-paoren,07600001581314005535_112767_1269_260514070327_00_00_1486.mp4,
20260511-0516_抽查,1-paoren,07600001581314005973_16224_2359_260513171628_00_00_3226.mp4,
20260511-0516_抽查,1-paoren,07600001581314005973_16224_829_260513171213_00_00_8546.mp4,
20260511-0516_抽查,1-paoren,07600017581314000137_68098_1449_260513171351_00_00_6139.mp4,
20260511-0516_抽查,1-paoren,07600799581314000133_100784_1259_260512070319_00_00_1885.mp4,
20260511-0516_抽查,1-paoren,07602729581314000054_111654_2389_260514140628_00_00_8047.mp4,
20260511-0516_抽查,1-paoren,07603538581314000138_14559_3259_260513103853_00_00_5156.mp4,
20260511-0516_抽查,1-paoren,07607577581314000023_63869_2539_260512115653_00_00_2880.mp4,
20260511-0516_抽查,1-paoren,07608290581314000007_101373_1729_260512075443_00_00_6401.mp4,
20260511-0516_抽查,1-paoren,07608290581314000007_101373_1829_260512075500_00_00_8625.mp4,
20260511-0516_抽查,1-paoren,07608290581314000007_112926_1729_260514071443_00_00_8866.mp4,
20260511-0516_抽查,1-paoren,07608290581314000012_114540_2039_260514133535_00_00_7720.mp4,
20260511-0516_抽查,1-paoren,07609099581314000017_66886_2779_260513101721_00_00_6005.mp4,
20260511-0516_抽查,1-paoren,07609497581314000019_18156_1529_260514073354_00_00_8058.mp4,
20260511-0516_抽查,1-paoren,07609929581314000030_68351_699_260513175146_00_00_8930.mp4,
20260511-0516_抽查,1-paoren,07609999581314003130_66446_2889_260513075741_00_00_1475.mp4,
20260511-0516_抽查,1-paoren,07609999581314004565_100896_1559_260512071359_00_00_2810.mp4,
20260511-0516_抽查,1-paoren,07609999581314004565_105312_2439_260513072625_00_00_8084.mp4,
20260511-0516_抽查,1-paoren,07609999581314007782_18340_1509_260514074352_00_00_1167.mp4,
20260511-0516_抽查,1-paoren,07609999581314011571_102273_1659_260512121416_00_00_1006.mp4,
20260511-0516_抽查,1-paoren,07609999581314014099_113323_1419_260514075127_00_00_7609.mp4,
20260511-0516_抽查,1-paoren,07609999581314015055_107729_2309_260512165615_00_00_7826.mp4,
20260511-0516_抽查,1-paoren,07609999581314015973_63105_2419_260512072621_00_00_8254.mp4,
20260511-0516_抽查,1-paoren,07609999581314016919_15097_959_260513131056_00_00_2071.mp4,
20260511-0516_抽查,1-paoren,07609999581314017637_105595_3129_260513074831_00_00_4145.mp4,
20260511-0516_抽查,1-paoren,07609999581314019666_69531_2849_260514075733_00_02_6607.mp4,
20260511-0516_抽查,1-paoren,07609999581314020068_11680_1419_260512175346_00_00_4695.mp4,
20260511-0516_抽查,1-paoren,07609999581314020068_11680_1599_260512175416_00_00_8680.mp4,
20260511-0516_抽查,1-paoren,07609999581314023097_18675_479_260514082059_00_00_5676.mp4,
20260511-0516_抽查,1-paoren,07609999581314024594_115436_1669_260514172419_00_00_3318.mp4,
20260511-0516_抽查,1-paoren,07609999581314024778_20037_1369_260514135343_00_00_9901.mp4,
20260511-0516_抽查,1-paoren,07609999581314025091_115072_4939_260514152634_00_02_5462.mp4,
20260511-0516_抽查,1-paoren,07690205581314000128_59433_269_260514073010_00_00_6111.mp4,
20260511-0516_抽查,1-paoren,07699328581314000032_270675_2999_260513180759_00_00_8151.mp4,
20260511-0516_抽查,1-paoren,07699333581314000001_258461_1779_260513155435_00_00_6700.mp4,
20260511-0516_抽查,1-paoren,07699334581314000009_252353_709_260512095137_00_02_3464.mp4,
20260511-0516_抽查,1-paoren,07699361581314000026_262260_1589_260511175403_00_00_1596.mp4,
20260511-0516_抽查,1-paoren,07699375581314000022_273504_2579_260514092649_00_00_6525.mp4,
20260511-0516_抽查,1-paoren,07699376581314000032_60478_119_260514150001_00_00_9162.mp4,
20260511-0516_抽查,1-paoren,07699382581314000010_268861_1729_260513075427_00_02_8523.mp4,
20260511-0516_抽查,1-paoren,07699384581314000013_135636_279_260513080026_00_00_6839.mp4,
20260511-0516_抽查,1-paoren,07699909581314000096_250096_1109_260511181300_00_02_2277.mp4,
20260511-0516_抽查,1-paoren,07699909581314000109_254145_2509_260512181648_00_00_6158.mp4,
20260511-0516_抽查,1-paoren,07699922581314000028_261319_389_260514072100_00_00_4617.mp4,
20260511-0516_抽查,1-paoren,07699951581314000019_264045_949_260512074219_00_00_1251.mp4,
20260511-0516_抽查,1-paoren,07699956581314000062_263894_2499_260512072646_00_00_6102.mp4,
20260511-0516_抽查,1-paoren,07699994581314000082_60616_539_260514155109_00_00_2364.mp4,
20260511-0516_抽查,1-paoren,07699999581314000023_251202_749_260512062200_00_00_3794.mp4,
20260511-0516_抽查,1-paoren,07699999581314000614_57420_1669_260513182433_00_00_7233.mp4,
20260511-0516_抽查,1-paoren,07699999581314001348_263953_519_260512073121_00_00_4216.mp4,
20260511-0516_抽查,1-paoren,07699999581314001375_261535_2309_260514075614_00_00_4285.mp4,
20260511-0516_抽查,1-paoren,07699999581314002174_137895_709_260514052153_00_00_5367.mp4,
20260511-0516_抽查,1-paoren,07699999581314003347_257346_3489_260513094936_00_00_8553.mp4,
20260511-0516_抽查,1-paoren,07699999581314003841_50924_809_260511184154_00_02_1474.mp4,
20260511-0516_抽查,1-paoren,07699999581314004060_258457_3439_260513155912_00_00_1485.mp4,
20260511-0516_抽查,1-paoren,07699999581314004152_253451_1119_260512152256_00_00_5775.mp4,
20260511-0516_抽查,1-paoren,07699999581314005218_272943_349_260514071038_00_00_9135.mp4,
20260511-0516_抽查,1-paoren,07699999581314005554_263386_2279_260514180559_00_00_7498.mp4,
20260511-0516_抽查,1-paoren,07715759581314000033_120830_219_260514191027_00_00_4912.mp4,
20260511-0516_抽查,1-paoren,07719999581314001506_104217_49_260514080000_00_00_6817.mp4,
20260511-0516_抽查,1-paoren,07719999581314034714_124742_2529_260513194640_00_02_8786.mp4,
20260511-0516_抽查,1-paoren,07719999581314039696_119105_3299_260514135904_00_02_5014.mp4,
20260511-0516_抽查,1-paoren,07719999581314040106_102017_1659_260513145427_00_00_5514.mp4,
20260511-0516_抽查,1-paoren,07719999581314042993_123285_3309_260513152850_00_00_7539.mp4,
20260511-0516_抽查,1-paoren,07719999581314043464_110418_2799_260512145724_00_02_4227.mp4,
20260511-0516_抽查,1-paoren,07910001001310010417_3768_1159_260512123308_00_00_4623.mp4,
20260511-0516_抽查,1-paoren,07910001001310016166_5148_1449_260513081341_00_00_7030.mp4,
20260511-0516_抽查,1-paoren,07910001001310017055_6553_2529_260514073652_00_00_8871.mp4,
20260511-0516_抽查,1-paoren,07910001581314000346_32881_959_260512075230_00_00_6260.mp4,
20260511-0516_抽查,1-paoren,07910001581314008886_6706_2819_260514075728_00_00_2113.mp4,
20260511-0516_抽查,1-paoren,07910001581314009932_32826_3429_260512075434_00_00_8431.mp4,
20260511-0516_抽查,1-paoren,07917600581314000083_7325_1649_260514104429_00_00_6322.mp4,
20260511-0516_抽查,1-paoren,07919900581314008447_5080_2179_260513080558_00_00_8775.mp4,
20260511-0516_抽查,1-paoren,07919900581314009224_4148_3419_260512135909_00_02_9637.mp4,
20260511-0516_抽查,1-paoren,07919900581314016946_6591_2709_260514074727_00_00_3008.mp4,
20260511-0516_抽查,1-paoren,08510002001310005740_4368_1789_260514092453_00_00_8565.mp4,
20260511-0516_抽查,1-paoren,08510002001310010097_7003_1099_260514190258_00_00_1655.mp4,
20260511-0516_抽查,1-paoren,08510002001310015327_3611_3339_260514070906_00_02_8758.mp4,
20260511-0516_抽查,1-paoren,08515699581314000031_30837_1349_260513082324_00_02_1615.mp4,
20260511-0516_抽查,1-paoren,08519699581314000005_85590_2139_260513170546_00_00_2780.mp4,
20260511-0516_抽查,1-paoren,08519999581314005466_26520_549_260512074126_00_00_3938.mp4,
20260511-0516_抽查,1-paoren,08519999581314010048_36971_809_260514172205_00_00_8693.mp4,
20260511-0516_抽查,1-paoren,08519999581314017238_32000_3379_260513140902_00_00_3835.mp4,
20260511-0516_抽查,1-paoren,08519999581314021231_492_3099_260512075815_00_00_6437.mp4,
20260511-0516_抽查,1-paoren,08519999581314023881_81121_2059_260512072538_00_00_6129.mp4,
20260511-0516_抽查,1-paoren,08710002581314008348_3359_1269_260513082327_00_00_7733.mp4,
20260511-0516_抽查,1-paoren,08710002581314008348_3359_1749_260513082447_00_00_1892.mp4,
20260511-0516_抽查,1-paoren,08710002581314008348_3359_2969_260513082810_00_00_6702.mp4,
20260511-0516_抽查,1-paoren,08710002581314009155_3273_149_260514153020_00_02_6865.mp4,
20260511-0516_抽查,1-paoren,08710002581314009226_7827_1739_260512113440_00_02_2978.mp4,
20260511-0516_抽查,1-paoren,08710708581314000020_4283_2289_260514203611_00_00_1347.mp4,
20260511-0516_抽查,1-paoren,08710999581314000050_228_1469_260514144355_00_02_1413.mp4,
20260511-0516_抽查,1-paoren,08980001001310003760_2238_1659_260513074416_00_02_8100.mp4,
20260511-0516_抽查,1-paoren,08980001001310004924_139125_2069_260514145535_00_00_4169.mp4,
20260511-0516_抽查,1-paoren,08980001001310005709_127860_2989_260512070807_00_02_1767.mp4,
20260511-0516_抽查,1-paoren,08980001001310005723_2530_2989_260513085757_00_00_5860.mp4,
20260511-0516_抽查,1-paoren,08980001001310005724_1024_3519_260512133926_00_00_6177.mp4,
20260511-0516_抽查,1-paoren,08980001001310005730_104899_2799_260514180725_00_00_2504.mp4,
20260511-0516_抽查,1-paoren,08980001001310005748_1203_989_260514123235_00_00_8497.mp4,
20260511-0516_抽查,1-paoren,08981899581314000009_130234_2709_260512164711_00_00_9483.mp4,
20260511-0516_抽查,1-paoren,08982899581314000085_96253_1309_260512082317_00_00_1490.mp4,
20260511-0516_抽查,1-paoren,08985399581314000034_682_2429_260513151624_00_00_5770.mp4,
20260511-0516_抽查,1-paoren,08986488581314000033_100988_3119_260513153819_00_02_2897.mp4,
20260511-0516_抽查,1-paoren,08987071581314000018_99871_469_260513083108_00_00_1596.mp4,
20260511-0516_抽查,1-paoren,08988999581314000006_1095_3469_260513161916_00_00_4665.mp4,
20260511-0516_抽查,1-paoren,08989999581314001636_303_669_260514075131_00_00_5986.mp4,
20260511-0516_抽查,1-paoren,08989999581314002436_1117_1939_260512073503_00_00_1740.mp4,
20260511-0516_抽查,1-paoren,08989999581314004541_1543_2499_260514141656_00_00_4241.mp4,
20260511-0516_抽查,1-paoren,08989999581314004542_196_3229_260514074857_00_00_9036.mp4,
20260511-0516_抽查,1-paoren,08989999581314004837_2747_3429_260512153910_00_00_3157.mp4,
20260511-0516_抽查,1-paoren,08989999581314004837_2810_39_260512154000_00_00_8613.mp4,
20260511-0516_抽查,1-paoren,08989999581314004860_98472_1929_260512204500_00_00_4558.mp4,
20260511-0516_抽查,1-paoren,08989999581314005176_140347_2439_260514191637_00_00_7181.mp4,
20260511-0516_抽查,1-paoren,08989999581314005481_96301_1459_260512083342_00_00_5770.mp4,
20260511-0516_抽查,1-paoren,09316100581314000008_13773_969_260514184236_00_00_6072.mp4,
20260511-0516_抽查,1-paoren,09316901581314000030_5690_3499_260513080933_00_00_5323.mp4,
20260511-0516_抽查,1-paoren,09319999581314011853_3362_3509_260514203939_00_02_7706.mp4,
20260511-0516_抽查,1-paoren,09319999581314014228_886_1199_260514130318_00_00_2276.mp4,
20260511-0516_抽查,1-paoren,09319999581314014859_1721_1499_260514153730_00_00_6047.mp4,
20260511-0516_抽查,1-paoren,09319999581314020177_307_2739_260512124730_00_02_4648.mp4,
20260511-0516_抽查,1-paoren,09319999581314027188_1048_549_260513135126_00_02_4970.mp4,
20260511-0516_抽查,1-paoren,09919999581314004665_15788_9469_260513185614_00_02_4755.mp4,
20260511-0516_抽查,2-diaojian,00100001581314023685_1917_1049_260513172245_00_02_7095.mp4,
20260511-0516_抽查,2-diaojian,00100001581314035108_8667_129_260512150012_00_02_5503.mp4,
20260511-0516_抽查,2-diaojian,00200001581314019691_117_609_260512073132_00_02_5314.mp4,
20260511-0516_抽查,2-diaojian,00200001581314033359_5967_3469_260514065931_00_02_5654.mp4,
20260511-0516_抽查,2-diaojian,00200001581314034660_3464_139_260512063002_00_02_7703.mp4,
20260511-0516_抽查,2-diaojian,00200001581314040720_6588_2949_260513170805_00_02_8655.mp4,
20260511-0516_抽查,2-diaojian,00200012581314009620_3506_2629_260512064712_00_02_9007.mp4,
20260511-0516_抽查,2-diaojian,00210001001310030251_50645_139_260513064018_00_02_4124.mp4,
20260511-0516_抽查,2-diaojian,00210001581314054967_57440_139_260514064003_00_02_4732.mp4,
20260511-0516_抽查,2-diaojian,00210001581314058129_57081_1659_260514062415_00_02_5248.mp4,
20260511-0516_抽查,2-diaojian,00210001581314058241_57247_1809_260514063152_00_02_9750.mp4,
20260511-0516_抽查,2-diaojian,00210001581314058413_52203_3399_260514060906_00_02_8023.mp4,
20260511-0516_抽查,2-diaojian,00210001581314059069_50727_2299_260513064601_00_02_1156.mp4,
20260511-0516_抽查,2-diaojian,00210001581314063349_52621_159_260514062006_00_02_5035.mp4,
20260511-0516_抽查,2-diaojian,00210001581314063351_56495_819_260514054156_00_02_4294.mp4,
20260511-0516_抽查,2-diaojian,00210001581314065003_50866_99_260513064000_00_02_8753.mp4,
20260511-0516_抽查,2-diaojian,00210001581314065027_57684_2279_260514064559_00_02_3067.mp4,
20260511-0516_抽查,2-diaojian,00220001001310011833_46853_849_260514184223_00_02_3129.mp4,
20260511-0516_抽查,2-diaojian,00220001001310012964_40998_689_260513124150_00_02_4337.mp4,
20260511-0516_抽查,2-diaojian,00220001581314005249_100358_2429_260513203640_00_02_8742.mp4,
20260511-0516_抽查,2-diaojian,00220001581314014394_80798_1409_260512165333_00_02_9123.mp4,
20260511-0516_抽查,2-diaojian,00230001001310040125_6308_209_260514140030_00_02_3399.mp4,
20260511-0516_抽查,2-diaojian,00230001001310040125_6415_249_260514142037_00_02_4952.mp4,
20260511-0516_抽查,2-diaojian,00230001001310044726_7526_109_260514171008_00_02_9758.mp4,
20260511-0516_抽查,2-diaojian,00230001581314006762_26649_2119_260514070532_00_02_6832.mp4,
20260511-0516_抽查,2-diaojian,00230001581314027577_2117_3159_260513140837_00_02_1535.mp4,
20260511-0516_抽查,2-diaojian,00230001581314028801_3827_879_260513150205_00_02_5143.mp4,
20260511-0516_抽查,2-diaojian,00230001581314033041_6856_1209_260514151300_00_02_9432.mp4,
20260511-0516_抽查,2-diaojian,00230001581314033615_22143_1459_260512151343_00_00_4966.mp4,
20260511-0516_抽查,2-diaojian,00230001581314046748_4675_299_260514071030_00_02_2358.mp4,
20260511-0516_抽查,2-diaojian,00240001001310017029_95711_659_260511184145_00_02_1811.mp4,
20260511-0516_抽查,2-diaojian,00240001001310018836_134378_19_260514075001_00_02_4826.mp4,
20260511-0516_抽查,2-diaojian,00240001001310018836_134378_59_260514075001_00_02_3065.mp4,
20260511-0516_抽查,2-diaojian,00250001581314023154_3970_239_260514202030_00_02_5175.mp4,
20260511-0516_抽查,2-diaojian,00250001581314030414_2916_379_260514165053_00_02_5712.mp4,
20260511-0516_抽查,2-diaojian,00250001581314033160_3020_289_260514193019_00_02_7420.mp4,
20260511-0516_抽查,2-diaojian,00280001581314094050_6787_2249_260514071605_00_02_5591.mp4,
20260511-0516_抽查,2-diaojian,00280001581314095917_7088_659_260514074140_00_02_4838.mp4,
20260511-0516_抽查,2-diaojian,00280001581314116643_2437_249_260513072021_00_02_3338.mp4,
20260511-0516_抽查,2-diaojian,00280001581314131273_10145_419_260514160105_00_02_7837.mp4,
20260511-0516_抽查,2-diaojian,00290001001310014437_130674_2239_260513073608_00_02_5524.mp4,
20260511-0516_抽查,2-diaojian,00290001581314029893_3598_2399_260514151634_00_02_1619.mp4,
20260511-0516_抽查,2-diaojian,00290001581314036648_94737_1869_260512072505_00_02_2740.mp4,
20260511-0516_抽查,2-diaojian,00290001581314040588_67710_2779_260512140733_00_02_4441.mp4,
20260511-0516_抽查,2-diaojian,02400305581314000017_97155_99_260512115013_00_02_9659.mp4,
20260511-0516_抽查,2-diaojian,02720001001310016332_32522_2249_260514172609_00_02_1680.mp4,
20260511-0516_抽查,2-diaojian,02720001581314014552_32314_3709_260514162456_00_02_1822.mp4,
20260511-0516_抽查,2-diaojian,02720110581314025080_29982_589_260514085117_00_02_7049.mp4,
20260511-0516_抽查,2-diaojian,02720110581314027149_32860_3059_260514082807_00_02_4122.mp4,
20260511-0516_抽查,2-diaojian,02720110581314032323_23481_2689_260514084705_00_02_7173.mp4,
20260511-0516_抽查,2-diaojian,03160001581314006932_147574_989_260514191235_00_02_8030.mp4,
20260511-0516_抽查,2-diaojian,03164792581314000007_19265_1259_260514080324_00_02_7849.mp4,
20260511-0516_抽查,2-diaojian,03168283581314000040_22535_2389_260514082632_00_02_2472.mp4,
20260511-0516_抽查,2-diaojian,03169499581314000015_24552_539_260514185109_00_02_9398.mp4,
20260511-0516_抽查,2-diaojian,03169999581314002045_142560_9_260512190000_00_02_8577.mp4,
20260511-0516_抽查,2-diaojian,03189999581314007314_13475_4599_260512081458_00_02_2812.mp4,
20260511-0516_抽查,2-diaojian,03510001001310017383_122724_3009_260513151811_00_02_3409.mp4,
20260511-0516_抽查,2-diaojian,03518993581314000003_135283_2179_260514144553_00_02_3922.mp4,
20260511-0516_抽查,2-diaojian,03713399581314000050_133904_2359_260513190305_00_02_6249.mp4,
20260511-0516_抽查,2-diaojian,03719999581314006335_105157_2319_260514072622_00_02_5055.mp4,
20260511-0516_抽查,2-diaojian,03719999581314017426_123044_1899_260512162512_00_02_5671.mp4,
20260511-0516_抽查,2-diaojian,04512501581314000014_88571_1089_260514171241_00_02_5375.mp4,
20260511-0516_抽查,2-diaojian,04519999581314018678_136174_1519_260513191353_00_02_1491.mp4,
20260511-0516_抽查,2-diaojian,04519999581314019669_133882_1569_260513112401_00_02_4742.mp4,
20260511-0516_抽查,2-diaojian,04519999581314021621_117817_1359_260512154341_00_02_6140.mp4,
20260511-0516_抽查,2-diaojian,04519999581314024978_121089_2089_260513122324_00_02_9415.mp4,
20260511-0516_抽查,2-diaojian,04519999581314025746_115869_5219_260512073837_00_02_3578.mp4,
20260511-0516_抽查,2-diaojian,04519999581314025766_95860_4979_260512073813_00_02_8657.mp4,
20260511-0516_抽查,2-diaojian,04710001001310009540_85921_2449_260514070643_00_02_7142.mp4,
20260511-0516_抽查,2-diaojian,04710001001310012204_83159_289_260513073038_00_02_8725.mp4,
20260511-0516_抽查,2-diaojian,04710001581314000858_102726_1999_260514082513_00_02_2386.mp4,
20260511-0516_抽查,2-diaojian,05121199581314000007_2634_3389_260514155915_00_02_9011.mp4,
20260511-0516_抽查,2-diaojian,05128399581314000008_3110_6309_260514183825_00_02_5001.mp4,
20260511-0516_抽查,2-diaojian,05129699581314000004_6890_729_260514173141_00_02_7922.mp4,
20260511-0516_抽查,2-diaojian,05129999581314016092_7919_2329_260514171607_00_02_5742.mp4,
20260511-0516_抽查,2-diaojian,05129999581314026025_85065_1769_260512072444_00_02_2604.mp4,
20260511-0516_抽查,2-diaojian,05129999581314028510_3241_3229_260514180836_00_02_9542.mp4,
20260511-0516_抽查,2-diaojian,05129999581314028510_7166_209_260514181014_00_02_3900.mp4,
20260511-0516_抽查,2-diaojian,05129999581314034810_2770_4379_260514164548_00_02_6208.mp4,
20260511-0516_抽查,2-diaojian,05169900581314000349_42389_2359_260514071623_00_02_6249.mp4,
20260511-0516_抽查,2-diaojian,05320175581314000079_136486_209_260514160025_00_02_5047.mp4,
20260511-0516_抽查,2-diaojian,05320199581314016345_128165_1839_260514072445_00_02_6846.mp4,
20260511-0516_抽查,2-diaojian,05710001001310014941_13982_1439_260514172355_00_02_5503.mp4,
20260511-0516_抽查,2-diaojian,05710001581314000454_128258_1469_260512063400_00_02_4069.mp4,
20260511-0516_抽查,2-diaojian,05710015001310001893_140110_2569_260514142703_00_02_9591.mp4,
20260511-0516_抽查,2-diaojian,05710015001310003665_141377_3059_260514175819_00_02_3907.mp4,
20260511-0516_抽查,2-diaojian,05710015001310003702_138470_409_260514075103_00_02_2592.mp4,
20260511-0516_抽查,2-diaojian,05719900581314007440_124427_3489_260513134931_00_02_7918.mp4,
20260511-0516_抽查,2-diaojian,05719900581314007903_7966_3299_260513065850_00_02_6416.mp4,
20260511-0516_抽查,2-diaojian,05719900581314011132_12627_1149_260514113251_00_02_9562.mp4,
20260511-0516_抽查,2-diaojian,05719900581314013029_128956_3409_260514144917_00_02_9256.mp4,
20260511-0516_抽查,2-diaojian,05719900581314014898_139717_1859_260514132448_00_02_2579.mp4,
20260511-0516_抽查,2-diaojian,05719900581314017200_139271_129_260514104001_00_02_2130.mp4,
20260511-0516_抽查,2-diaojian,05719900581314017200_139322_2499_260514105635_00_02_7662.mp4,
20260511-0516_抽查,2-diaojian,05719900581314017888_12242_2469_260514090631_00_02_5764.mp4,
20260511-0516_抽查,2-diaojian,05749999581314025373_34510_3479_260512153929_00_02_7399.mp4,
20260511-0516_抽查,2-diaojian,05799999581314009166_607_2079_260513081526_00_00_1351.mp4,
20260511-0516_抽查,2-diaojian,05799999581314011101_7717_3509_260514182935_00_02_7119.mp4,
20260511-0516_抽查,2-diaojian,05799999581314016746_130237_1259_260513070329_00_02_1947.mp4,
20260511-0516_抽查,2-diaojian,05799999581314021197_6009_6689_260514173858_00_02_5986.mp4,
20260511-0516_抽查,2-diaojian,05919900581314002067_77899_1049_260514102234_00_02_1496.mp4,
20260511-0516_抽查,2-diaojian,05920001581314000566_158362_899_260514181220_00_02_4411.mp4,
20260511-0516_抽查,2-diaojian,05920001581314000665_144829_1789_260512085437_00_02_7157.mp4,
20260511-0516_抽查,2-diaojian,05920001581314001620_74855_1369_260513074343_00_02_7299.mp4,
20260511-0516_抽查,2-diaojian,05920001581314001811_8180_3399_260514172916_00_02_1506.mp4,
20260511-0516_抽查,2-diaojian,05920001581314003039_149450_3079_260513065828_00_02_6072.mp4,
20260511-0516_抽查,2-diaojian,05950001001310011471_147414_1219_260512173318_00_02_4495.mp4,
20260511-0516_抽查,2-diaojian,05950001001310011471_5495_2859_260514081751_00_02_5554.mp4,
20260511-0516_抽查,2-diaojian,05959999581314000778_147948_439_260512181108_00_02_8794.mp4,
20260511-0516_抽查,2-diaojian,07310001001310007248_87604_2969_260513190809_00_02_3711.mp4,
20260511-0516_抽查,2-diaojian,07310001001310012076_142935_1589_260514175420_00_02_1534.mp4,
20260511-0516_抽查,2-diaojian,07523399581314014132_135096_4339_260514151548_00_02_5474.mp4,
20260511-0516_抽查,2-diaojian,07529900581314001820_133748_789_260514085206_00_02_7079.mp4,
20260511-0516_抽查,2-diaojian,07554001581314091198_273853_2009_260514114205_00_02_1189.mp4,
20260511-0516_抽查,2-diaojian,07554001581314102587_274719_6699_260514162020_00_02_4532.mp4,
20260511-0516_抽查,2-diaojian,07554001581314115117_134028_749_260512191144_00_02_6205.mp4,
20260511-0516_抽查,2-diaojian,07554001581314118315_262310_1429_260514121359_00_02_4041.mp4,
20260511-0516_抽查,2-diaojian,07570001581314003312_4117_2459_260513071640_00_02_4633.mp4,
20260511-0516_抽查,2-diaojian,07600001581314004511_113205_2989_260514074813_00_02_4534.mp4,
20260511-0516_抽查,2-diaojian,07601299581314000005_18695_299_260514083020_00_02_6171.mp4,
20260511-0516_抽查,2-diaojian,07602356581314000016_18267_5109_260514074531_00_02_4400.mp4,
20260511-0516_抽查,2-diaojian,07609937581314000021_109990_879_260514075206_00_02_7906.mp4,
20260511-0516_抽查,2-diaojian,07609999581314018117_109640_1069_260514072239_00_02_1850.mp4,
20260511-0516_抽查,2-diaojian,07609999581314019800_110341_1349_260514085326_00_02_6876.mp4,
20260511-0516_抽查,2-diaojian,07609999581314019800_114010_2129_260514095535_00_02_5105.mp4,
20260511-0516_抽查,2-diaojian,07699922581314000028_261319_859_260514072219_00_02_3462.mp4,
20260511-0516_抽查,2-diaojian,07699999581314003329_275084_2279_260514183614_00_02_3176.mp4,
20260511-0516_抽查,2-diaojian,07710001001310022723_127938_3169_260514164827_00_02_9553.mp4,
20260511-0516_抽查,2-diaojian,07719999581314042084_101112_3039_260513110804_00_02_1497.mp4,
20260511-0516_抽查,2-diaojian,07910001581314010378_6495_579_260514073132_00_02_1358.mp4,
20260511-0516_抽查,2-diaojian,08510002001310012221_81160_2709_260512073727_00_02_6754.mp4,
20260511-0516_抽查,2-diaojian,08510002001310013165_80455_2839_260511200748_00_02_1565.mp4,
20260511-0516_抽查,2-diaojian,08510002001310013234_84076_3449_260513073930_00_02_9888.mp4,
20260511-0516_抽查,2-diaojian,08510002001310014744_7128_339_260514190047_00_02_1998.mp4,
20260511-0516_抽查,2-diaojian,08515399581314000052_7496_2939_260514201759_00_02_2776.mp4,
20260511-0516_抽查,2-diaojian,08710002581314009373_2767_909_260514073227_00_02_2299.mp4,
20260511-0516_抽查,2-diaojian,08719999581314020519_90_2079_260513145525_00_02_4902.mp4,
20260511-0516_抽查,2-diaojian,08989999581314003905_140133_1869_260514184450_00_02_4343.mp4,
20260511-0516_抽查,2-diaojian,09310002001310010456_13206_3039_260514165821_00_02_2162.mp4,
20260511-0516_抽查,2-diaojian,09315499581314000038_2964_79_260512155006_00_02_3386.mp4,
20260511-0516_抽查,2-diaojian,09316078581314000004_8940_1199_260513185315_00_02_5250.mp4,
20260511-0516_抽查,2-diaojian,09317699581314000002_12863_1729_260514152445_00_02_6161.mp4,
20260511-0516_抽查,2-diaojian,09910002001310013378_10552_2499_260512150636_00_02_8343.mp4,
20260511-0516_抽查,2-diaojian,09910002581314001029_9751_629_260514084124_00_02_4526.mp4,
20260511-0516_抽查,2-diaojian,09910931581314000052_60973_949_260513144233_00_02_7757.mp4,
20260511-0516_抽查,2-diaojian,09919999581314000040_20663_13059_260514203837_00_02_4549.mp4,
20260511-0516_抽查,2-diaojian,09919999581314000088_5242_13049_260514203838_00_02_5051.mp4,
20260511-0516_抽查,2-diaojian,25710103581314007312_3310_3279_260514171845_00_02_9174.mp4,
20260511-0516_抽查,3-huacao,00200001581314017068_6038_1139_260513185249_00_02_9822.mp4,
20260511-0516_抽查,3-huacao,00200001581314017068_6038_2569_260513185647_00_02_1175.mp4,
20260511-0516_抽查,3-huacao,00200001581314024955_11439_379_260513070042_00_02_2132.mp4,
20260511-0516_抽查,3-huacao,00200001581314032070_1128_2829_260514075746_00_00_3183.mp4,
20260511-0516_抽查,3-huacao,00200001581314032070_11635_889_260513071223_00_00_7773.mp4,
20260511-0516_抽查,3-huacao,00200001581314032070_3682_2649_260513073716_00_00_4074.mp4,
20260511-0516_抽查,3-huacao,00200014581314010572_11789_3159_260513072840_00_02_7367.mp4,
20260511-0516_抽查,3-huacao,00210001581314011799_47933_1729_260512063443_00_02_8146.mp4,
20260511-0516_抽查,3-huacao,00210001581314011799_47933_2849_260512063750_00_02_6605.mp4,
20260511-0516_抽查,3-huacao,00210001581314011799_47933_3309_260512063906_00_02_7182.mp4,
20260511-0516_抽查,3-huacao,00230001581314043009_1844_479_260513130024_00_00_8392.mp4,
20260511-0516_抽查,3-huacao,00250001581314024762_64529_2169_260513063552_00_02_4922.mp4,
20260511-0516_抽查,3-huacao,03518485581314000032_134672_729_260514114040_00_02_7927.mp4,
20260511-0516_抽查,3-huacao,05512599581314000011_5829_759_260512153201_00_02_4162.mp4,
20260511-0516_抽查,3-huacao,05749999581314027247_39328_1169_260514065254_00_02_3765.mp4,
20260511-0516_抽查,3-huacao,05799999581314013847_129940_9_260513070000_00_02_3813.mp4,
20260511-0516_抽查,3-huacao,05799999581314013886_129857_9_260513070000_00_02_8186.mp4,
20260511-0516_抽查,3-huacao,05799999581314015497_5296_1289_260514181330_00_00_5614.mp4,
20260511-0516_抽查,3-huacao,05799999581314016079_126012_2719_260512074728_00_02_5600.mp4,
20260511-0516_抽查,3-huacao,05799999581314016079_126246_1149_260512081306_00_02_2821.mp4,
20260511-0516_抽查,3-huacao,05799999581314016103_4601_849_260514072216_00_02_7862.mp4,
20260511-0516_抽查,3-huacao,05928889581314000035_7843_2639_260514163700_00_00_9323.mp4,
20260511-0516_抽查,3-huacao,07318200581314000025_89560_3279_260514140901_00_00_1977.mp4,
20260511-0516_抽查,3-huacao,07319900581314011041_104813_1319_260514072330_00_02_6216.mp4,
20260511-0516_抽查,3-huacao,07523399581314013944_135109_549_260514151111_00_02_3066.mp4,
20260511-0516_抽查,3-huacao,07529900581314002839_130135_2959_260512173750_00_00_2231.mp4,
20260511-0516_抽查,3-huacao,07554001581314079922_251214_1789_260512062453_00_02_1011.mp4,
20260511-0516_抽查,3-huacao,07554001581314083678_263595_2089_260514184538_00_00_7579.mp4,
20260511-0516_抽查,3-huacao,07554001581314096967_139173_319_260514133043_00_02_3896.mp4,
20260511-0516_抽查,3-huacao,07919900581314012224_36478_1949_260514072514_00_02_3235.mp4,
20260511-0516_抽查,3-huacao,08714399581314000042_488_1169_260512150254_00_02_5724.mp4,
20260511-0516_抽查,4-feibaoguo,00100001581314036472_3053_4089_260514075424_00_00_3114.mp4,
20260511-0516_抽查,4-feibaoguo,00100001581314041060_12503_779_260513124149_00_00_3607.mp4,
20260511-0516_抽查,4-feibaoguo,00100001581314051049_501_2769_260513122736_00_00_5690.mp4,
20260511-0516_抽查,4-feibaoguo,00200001581314013698_7155_1109_260514072244_00_00_4648.mp4,
20260511-0516_抽查,4-feibaoguo,00200001581314024889_6632_1629_260514063422_00_00_4667.mp4,
20260511-0516_抽查,4-feibaoguo,00200001581314036091_2065_2349_260512174610_00_00_8657.mp4,
20260511-0516_抽查,4-feibaoguo,00200001581314036091_2065_3119_260512174818_00_00_3040.mp4,
20260511-0516_抽查,4-feibaoguo,00200001581314036199_3555_9_260512021001_00_00_7565.mp4,
20260511-0516_抽查,4-feibaoguo,00200001581314036229_6306_979_260512012238_00_00_7249.mp4,
20260511-0516_抽查,4-feibaoguo,00200001581314040684_40_3489_260514092931_00_00_5432.mp4,
20260511-0516_抽查,4-feibaoguo,00200001581314040695_3271_3129_260513070819_00_00_4986.mp4,
20260511-0516_抽查,4-feibaoguo,00200001581314041388_6023_279_260514070026_00_00_8599.mp4,
20260511-0516_抽查,4-feibaoguo,00200014581314009568_4344_1419_260513110347_00_00_6008.mp4,
20260511-0516_抽查,4-feibaoguo,00210001001310025749_53006_1649_260512065430_00_02_9279.mp4,
20260511-0516_抽查,4-feibaoguo,00210001581314053017_48402_1949_260512065504_00_00_9868.mp4,
20260511-0516_抽查,4-feibaoguo,00210001581314056765_52583_79_260512064003_00_00_5569.mp4,
20260511-0516_抽查,4-feibaoguo,00220001001310012665_35064_279_260511200026_00_00_2663.mp4,
20260511-0516_抽查,4-feibaoguo,00220001581314016383_131122_89_260514071000_00_00_5700.mp4,
20260511-0516_抽查,4-feibaoguo,00230001581314009524_11583_2859_260512154746_00_00_7732.mp4,
20260511-0516_抽查,4-feibaoguo,00230001581314014564_7159_2639_260512074710_00_00_1548.mp4,
20260511-0516_抽查,4-feibaoguo,00230001581314043851_2088_1009_260513070227_00_00_5891.mp4,
20260511-0516_抽查,4-feibaoguo,00230001581314043851_2088_1209_260513070300_00_00_6636.mp4,
20260511-0516_抽查,4-feibaoguo,00230001581314043851_2088_1279_260513070312_00_00_7402.mp4,
20260511-0516_抽查,4-feibaoguo,00230001581314043851_2088_1979_260513070508_00_00_4746.mp4,
20260511-0516_抽查,4-feibaoguo,00230001581314043851_2187_1559_260513071358_00_00_5003.mp4,
20260511-0516_抽查,4-feibaoguo,00230001581314043851_2187_1599_260513071405_00_00_4157.mp4,
20260511-0516_抽查,4-feibaoguo,00230001581314043851_2187_2399_260513071617_00_00_7786.mp4,
20260511-0516_抽查,4-feibaoguo,00230001581314047392_26845_2859_260514075751_00_00_5239.mp4,
20260511-0516_抽查,4-feibaoguo,00230001581314048189_20601_1969_260512065507_00_00_6830.mp4,
20260511-0516_抽查,4-feibaoguo,00240001001310015310_129767_199_260513073028_00_00_5494.mp4,
20260511-0516_抽查,4-feibaoguo,00240001581314002140_136797_1609_260514171418_00_02_8174.mp4,
20260511-0516_抽查,4-feibaoguo,00240001581314009771_124557_3139_260512053822_00_00_2203.mp4,
20260511-0516_抽查,4-feibaoguo,00240001581314009771_86088_289_260514054027_00_00_5617.mp4,
20260511-0516_抽查,4-feibaoguo,00240001581314011421_81288_1509_260512112350_00_00_8493.mp4,
20260511-0516_抽查,4-feibaoguo,00240001581314011895_134967_849_260514113200_00_00_9686.mp4,
20260511-0516_抽查,4-feibaoguo,00250001581314012121_65870_969_260513133236_00_00_7670.mp4,
20260511-0516_抽查,4-feibaoguo,00250001581314014824_484_2959_260514071803_00_00_2108.mp4,
20260511-0516_抽查,4-feibaoguo,00250001581314014824_484_2989_260514071808_00_00_2765.mp4,
20260511-0516_抽查,4-feibaoguo,00250001581314014824_484_3399_260514071916_00_00_3220.mp4,
20260511-0516_抽查,4-feibaoguo,00250001581314021094_2304_1419_260514142347_00_00_3990.mp4,
20260511-0516_抽查,4-feibaoguo,00280001581314100764_7935_2909_260514084801_00_02_2827.mp4,
20260511-0516_抽查,4-feibaoguo,00280001581314103412_6090_1539_260513183356_00_00_6953.mp4,
20260511-0516_抽查,4-feibaoguo,00280001581314106061_2544_2499_260513074651_00_02_8805.mp4,
20260511-0516_抽查,4-feibaoguo,00290001001310014153_65835_1289_260511182330_00_00_2690.mp4,
20260511-0516_抽查,4-feibaoguo,00290001001310014153_65835_1329_260511182337_00_00_1389.mp4,
20260511-0516_抽查,4-feibaoguo,00290001001310014153_65835_209_260511182030_00_00_5067.mp4,
20260511-0516_抽查,4-feibaoguo,00290001581314030392_128181_1609_260512150422_00_00_1001.mp4,
20260511-0516_抽查,4-feibaoguo,00290001581314033127_12274_539_260514075125_00_00_2529.mp4,
20260511-0516_抽查,4-feibaoguo,00290001581314037135_14059_6889_260514151922_00_00_9477.mp4,
20260511-0516_抽查,4-feibaoguo,00290001581314039561_74653_4929_260514171638_00_00_8229.mp4,
20260511-0516_抽查,4-feibaoguo,00290001581314040329_13712_309_260514141020_00_00_5032.mp4,
20260511-0516_抽查,4-feibaoguo,00595001581314001747_143933_2299_260512064602_00_02_4219.mp4,
20260511-0516_抽查,4-feibaoguo,00595001581314001752_72977_1669_260512134417_00_00_2910.mp4,
20260511-0516_抽查,4-feibaoguo,02200002581314000136_44101_1889_260514072511_00_00_6417.mp4,
20260511-0516_抽查,4-feibaoguo,02201011581314000008_80737_9_260512163000_00_00_6049.mp4,
20260511-0516_抽查,4-feibaoguo,02202022581314000030_84446_3479_260513194918_00_00_9593.mp4,
20260511-0516_抽查,4-feibaoguo,02400389581314000096_133959_2079_260514071542_00_00_6651.mp4,
20260511-0516_抽查,4-feibaoguo,02400389581314000096_133959_2139_260514071552_00_00_8066.mp4,
20260511-0516_抽查,4-feibaoguo,02400397581314000004_102950_149_260514072020_00_00_6929.mp4,
20260511-0516_抽查,4-feibaoguo,02720001001310006118_18084_2189_260512163544_00_00_7658.mp4,
20260511-0516_抽查,4-feibaoguo,02720001001310015446_17631_2379_260512144631_00_00_2186.mp4,
20260511-0516_抽查,4-feibaoguo,02720001001310015446_17631_2479_260512144648_00_00_4432.mp4,
20260511-0516_抽查,4-feibaoguo,02720001581314006427_22886_3419_260514071907_00_00_9371.mp4,
20260511-0516_抽查,4-feibaoguo,02720001581314012398_28281_129_260513182001_00_00_1715.mp4,
20260511-0516_抽查,4-feibaoguo,02720001581314014096_20041_929_260513072213_00_00_8999.mp4,
20260511-0516_抽查,4-feibaoguo,02720001581314014557_29181_4609_260514070611_00_02_8542.mp4,
20260511-0516_抽查,4-feibaoguo,02720110581314032323_17397_2229_260512084550_00_00_9093.mp4,
20260511-0516_抽查,4-feibaoguo,02720110581314032942_35198_3259_260514170853_00_00_7240.mp4,
20260511-0516_抽查,4-feibaoguo,02720810581314000040_16852_1939_260512071513_00_00_9240.mp4,
20260511-0516_抽查,4-feibaoguo,02729900581314006294_32344_699_260514072146_00_00_8487.mp4,
20260511-0516_抽查,4-feibaoguo,02729900581314010789_30473_1809_260513154451_00_00_9899.mp4,
20260511-0516_抽查,4-feibaoguo,02729900581314017304_22015_449_260512132110_00_00_7564.mp4,
20260511-0516_抽查,4-feibaoguo,02729900581314017821_22238_2629_260512141657_00_00_1146.mp4,
20260511-0516_抽查,4-feibaoguo,03160001581314002891_138233_1519_260512173408_00_00_2916.mp4,
20260511-0516_抽查,4-feibaoguo,03160001581314004599_148531_1429_260514074353_00_02_4980.mp4,
20260511-0516_抽查,4-feibaoguo,03166988581314000008_142390_3459_260512184913_00_00_8731.mp4,
20260511-0516_抽查,4-feibaoguo,03180001001310013596_135701_1809_260512072457_00_00_5691.mp4,
20260511-0516_抽查,4-feibaoguo,03180001001310015126_19439_1489_260513105404_00_00_1163.mp4,
20260511-0516_抽查,4-feibaoguo,03180001001310016049_147536_1549_260514191413_00_02_2658.mp4,
20260511-0516_抽查,4-feibaoguo,03180001001310016049_147536_1889_260514191510_00_02_6805.mp4,
20260511-0516_抽查,4-feibaoguo,03180799581314000003_141289_559_260513135128_00_00_9912.mp4,
20260511-0516_抽查,4-feibaoguo,03183950581314000006_24936_169_260514194019_00_00_3075.mp4,
20260511-0516_抽查,4-feibaoguo,03510001001310018824_80463_779_260512075205_00_00_7562.mp4,
20260511-0516_抽查,4-feibaoguo,03519999581314009238_135544_1429_260514151348_00_02_4127.mp4,
20260511-0516_抽查,4-feibaoguo,03519999581314015817_122646_4909_260513150311_00_00_1511.mp4,
20260511-0516_抽查,4-feibaoguo,03519999581314016760_124072_2499_260511195651_00_02_5312.mp4,
20260511-0516_抽查,4-feibaoguo,03710001001310010140_65098_669_260513163147_00_00_5301.mp4,
20260511-0516_抽查,4-feibaoguo,03710001001310017472_66107_2429_260514065639_00_00_8102.mp4,
20260511-0516_抽查,4-feibaoguo,03719999581314040421_61888_1299_260512140315_00_00_8222.mp4,
20260511-0516_抽查,4-feibaoguo,03719999581314043704_128277_1129_260513184247_00_02_3142.mp4,
20260511-0516_抽查,4-feibaoguo,04320009581314000739_128161_2209_260512072136_00_00_2091.mp4,
20260511-0516_抽查,4-feibaoguo,04320009581314001758_86834_2099_260514073544_00_00_4922.mp4,
20260511-0516_抽查,4-feibaoguo,04324951581314000032_130513_2439_260512154625_00_00_4211.mp4,
20260511-0516_抽查,4-feibaoguo,04328089581314000008_117898_2789_260512154720_00_02_6489.mp4,
20260511-0516_抽查,4-feibaoguo,04329999581314006065_85254_5789_260513154932_00_00_7262.mp4,
20260511-0516_抽查,4-feibaoguo,04329999581314006480_128808_139_260512085018_00_00_5376.mp4,
20260511-0516_抽查,4-feibaoguo,04329999581314006480_128808_2849_260512085749_00_02_4485.mp4,
20260511-0516_抽查,4-feibaoguo,04329999581314006480_128808_3039_260512085821_00_00_5975.mp4,
20260511-0516_抽查,4-feibaoguo,04329999581314006480_96241_1599_260512084421_00_00_6919.mp4,
20260511-0516_抽查,4-feibaoguo,04329999581314006480_96241_209_260512084030_00_00_5650.mp4,
20260511-0516_抽查,4-feibaoguo,04329999581314006480_96241_2309_260512084619_00_02_9142.mp4,
20260511-0516_抽查,4-feibaoguo,04329999581314006480_96241_429_260512084106_00_00_7878.mp4,
20260511-0516_抽查,4-feibaoguo,04329999581314006480_96241_89_260512084010_00_00_2324.mp4,
20260511-0516_抽查,4-feibaoguo,04329999581314006480_99667_279_260513084042_00_00_5354.mp4,
20260511-0516_抽查,4-feibaoguo,04329999581314006480_99667_479_260513084115_00_00_3912.mp4,
20260511-0516_抽查,4-feibaoguo,04510001001310014999_116159_529_260512081107_00_00_6969.mp4,
20260511-0516_抽查,4-feibaoguo,04510001001310016295_120155_919_260513075224_00_00_1310.mp4,
20260511-0516_抽查,4-feibaoguo,04710001001310009676_123432_649_260514075127_00_00_3539.mp4,
20260511-0516_抽查,4-feibaoguo,04710001001310011096_88217_3519_260514182941_00_00_6242.mp4,
20260511-0516_抽查,4-feibaoguo,04710001001310012321_123558_2989_260512074808_00_00_7551.mp4,
20260511-0516_抽查,4-feibaoguo,04710001001310012494_103467_3549_260514122941_00_00_1895.mp4,
20260511-0516_抽查,4-feibaoguo,04710001001310012494_124421_3119_260514120829_00_00_2555.mp4,
20260511-0516_抽查,4-feibaoguo,04710001581314002001_105121_3119_260514191818_00_02_1962.mp4,
20260511-0516_抽查,4-feibaoguo,04710607581314000101_124726_2469_260514133646_00_00_8973.mp4,
20260511-0516_抽查,4-feibaoguo,04710607581314000101_124726_3019_260514133818_00_02_8411.mp4,
20260511-0516_抽查,4-feibaoguo,04710607581314000101_124726_3439_260514133928_00_00_6234.mp4,
20260511-0516_抽查,4-feibaoguo,04710607581314000101_124726_3539_260514133945_00_00_5799.mp4,
20260511-0516_抽查,4-feibaoguo,05123701581314000002_6626_3189_260514165847_00_02_1550.mp4,
20260511-0516_抽查,4-feibaoguo,05129999581314003878_2523_1419_260513063346_00_02_2968.mp4,
20260511-0516_抽查,4-feibaoguo,05129999581314016090_3010_1879_260514174452_00_00_9086.mp4,
20260511-0516_抽查,4-feibaoguo,05129999581314018027_563_3209_260514073850_00_00_9385.mp4,
20260511-0516_抽查,4-feibaoguo,05129999581314020771_1024_2829_260512145742_00_00_1748.mp4,
20260511-0516_抽查,4-feibaoguo,05129999581314026165_56666_3409_260512074906_00_00_4228.mp4,
20260511-0516_抽查,4-feibaoguo,05160001001310015227_63422_3529_260512132927_00_00_6582.mp4,
20260511-0516_抽查,4-feibaoguo,05161500581314000052_122381_1879_260513154503_00_00_7642.mp4,
20260511-0516_抽查,4-feibaoguo,05169900581314008056_127681_469_260514184057_00_00_5017.mp4,
20260511-0516_抽查,4-feibaoguo,05169900581314008059_46000_469_260514184057_00_00_1342.mp4,
20260511-0516_抽查,4-feibaoguo,05319999581314024705_23590_199_260512095012_00_00_2682.mp4,
20260511-0516_抽查,4-feibaoguo,05319999581314030083_47241_2689_260514102718_00_00_6927.mp4,
20260511-0516_抽查,4-feibaoguo,05319999581314031214_130056_2769_260512173736_00_00_5853.mp4,
20260511-0516_抽查,4-feibaoguo,05320156581314000013_132856_979_260513183239_00_00_9231.mp4,
20260511-0516_抽查,4-feibaoguo,05320199581314005899_126770_1119_260512161257_00_00_7096.mp4,
20260511-0516_抽查,4-feibaoguo,05320199581314008594_123276_1599_260513064413_00_00_1460.mp4,
20260511-0516_抽查,4-feibaoguo,05320199581314008594_123276_1639_260513064420_00_00_3639.mp4,
20260511-0516_抽查,4-feibaoguo,05320199581314008594_123276_899_260513064217_00_00_4461.mp4,
20260511-0516_抽查,4-feibaoguo,05519900581314000578_638_1229_260514085306_00_00_2884.mp4,
20260511-0516_抽查,4-feibaoguo,05519900581314012266_3162_1189_260513110257_00_00_1175.mp4,
20260511-0516_抽查,4-feibaoguo,05519900581314012266_3162_1269_260513110310_00_00_1128.mp4,
20260511-0516_抽查,4-feibaoguo,05519900581314014508_9305_7419_260514161804_00_00_7513.mp4,
20260511-0516_抽查,4-feibaoguo,05519900581314019334_641_1239_260512134306_00_00_5955.mp4,
20260511-0516_抽查,4-feibaoguo,05519900581314019794_620_1839_260512134456_00_00_6605.mp4,
20260511-0516_抽查,4-feibaoguo,05519900581314026825_2124_2169_260512074556_00_00_1069.mp4,
20260511-0516_抽查,4-feibaoguo,05519900581314026911_910_1459_260512173343_00_00_8932.mp4,
20260511-0516_抽查,4-feibaoguo,05519999581314003957_2360_1589_260514124415_00_00_6112.mp4,
20260511-0516_抽查,4-feibaoguo,05710001001310015044_140559_3139_260514153823_00_02_5992.mp4,
20260511-0516_抽查,4-feibaoguo,05710015001310001479_128416_1079_260514125255_00_02_6791.mp4,
20260511-0516_抽查,4-feibaoguo,05719900581314005400_128800_409_260514141047_00_00_3848.mp4,
20260511-0516_抽查,4-feibaoguo,05719900581314011034_141062_439_260514171052_00_00_1995.mp4,
20260511-0516_抽查,4-feibaoguo,05719900581314012632_129684_1879_260514170453_00_00_1500.mp4,
20260511-0516_抽查,4-feibaoguo,05719900581314014860_81893_1329_260512073320_00_00_6648.mp4,
20260511-0516_抽查,4-feibaoguo,05719900581314015029_125678_209_260513175014_00_02_6678.mp4,
20260511-0516_抽查,4-feibaoguo,05719900581314017200_139271_629_260514104124_00_00_6404.mp4,
20260511-0516_抽查,4-feibaoguo,05719900581314017300_11962_2469_260514075629_00_00_9216.mp4,
20260511-0516_抽查,4-feibaoguo,05719900581314018444_119907_629_260512133124_00_00_3588.mp4,
20260511-0516_抽查,4-feibaoguo,05719900581314018444_119907_729_260512133140_00_00_5123.mp4,
20260511-0516_抽查,4-feibaoguo,05741549581314000016_16990_519_260513065122_00_02_7456.mp4,
20260511-0516_抽查,4-feibaoguo,05742365581314000018_12567_1719_260512081437_00_00_3794.mp4,
20260511-0516_抽查,4-feibaoguo,05749599581314000085_21630_189_260514074022_00_00_7331.mp4,
20260511-0516_抽查,4-feibaoguo,05749999581314001897_11074_1529_260511185354_00_00_6088.mp4,
20260511-0516_抽查,4-feibaoguo,05749999581314001922_14836_259_260512173023_00_00_7922.mp4,
20260511-0516_抽查,4-feibaoguo,05749999581314005472_23966_499_260514132113_00_02_7171.mp4,
20260511-0516_抽查,4-feibaoguo,05749999581314006576_23841_1329_260514165332_00_00_4532.mp4,
20260511-0516_抽查,4-feibaoguo,05749999581314012403_13143_2139_260513072552_00_00_2090.mp4,
20260511-0516_抽查,4-feibaoguo,05749999581314019704_21537_289_260514073039_00_00_3241.mp4,
20260511-0516_抽查,4-feibaoguo,05749999581314019710_17863_69_260513082001_00_00_5349.mp4,
20260511-0516_抽查,4-feibaoguo,05749999581314020433_21786_919_260514075228_00_02_2105.mp4,
20260511-0516_抽查,4-feibaoguo,05749999581314024186_34254_2599_260512135651_00_00_5659.mp4,
20260511-0516_抽查,4-feibaoguo,05749999581314024398_18758_2409_260514141631_00_00_2838.mp4,
20260511-0516_抽查,4-feibaoguo,05749999581314027476_16348_2059_260513193533_00_00_2942.mp4,
20260511-0516_抽查,4-feibaoguo,05749999581314027632_33293_3209_260512074845_00_00_1021.mp4,
20260511-0516_抽查,4-feibaoguo,05790001581314000133_1010_1639_260513101428_00_00_4760.mp4,
20260511-0516_抽查,4-feibaoguo,05799999581314003135_119950_2129_260512145549_00_00_4238.mp4,
20260511-0516_抽查,4-feibaoguo,05910001581314001385_72009_359_260512065055_00_00_8900.mp4,
20260511-0516_抽查,4-feibaoguo,05919900581314000175_1897_329_260513152045_00_00_6926.mp4,
20260511-0516_抽查,4-feibaoguo,05919900581314001523_155712_389_260514101055_00_00_1536.mp4,
20260511-0516_抽查,4-feibaoguo,05919900581314001523_155712_419_260514101100_00_00_7981.mp4,
20260511-0516_抽查,4-feibaoguo,05919900581314001523_155712_459_260514101106_00_00_6298.mp4,
20260511-0516_抽查,4-feibaoguo,05919900581314001523_5876_3309_260514100901_00_00_8777.mp4,
20260511-0516_抽查,4-feibaoguo,05919900581314003618_72212_99_260512074001_00_00_7336.mp4,
20260511-0516_抽查,4-feibaoguo,05919999581314001084_145374_2899_260512115740_00_00_6232.mp4,
20260511-0516_抽查,4-feibaoguo,05925556581314000023_74741_2809_260513070738_00_02_5954.mp4,
20260511-0516_抽查,4-feibaoguo,05925802581314000030_158113_1519_260514174408_00_00_2899.mp4,
20260511-0516_抽查,4-feibaoguo,05929999581314000012_154535_499_260514064045_00_02_7004.mp4,
20260511-0516_抽查,4-feibaoguo,05950701581314001129_76093_1229_260513163303_00_00_1541.mp4,
20260511-0516_抽查,4-feibaoguo,07310001001310004823_137224_2599_260513150652_00_00_3345.mp4,
20260511-0516_抽查,4-feibaoguo,07310001001310016774_136817_2959_260513133803_00_00_1492.mp4,
20260511-0516_抽查,4-feibaoguo,07314772581314000030_100482_2579_260512195700_00_00_1986.mp4,
20260511-0516_抽查,4-feibaoguo,07319900581314011542_86982_13229_260513162845_00_00_4104.mp4,
20260511-0516_抽查,4-feibaoguo,07520001001310006190_101156_1169_260512165305_00_00_8214.mp4,
20260511-0516_抽查,4-feibaoguo,07520001001310006640_106724_2059_260514080533_00_00_2891.mp4,
20260511-0516_抽查,4-feibaoguo,07520001001310006769_133734_1729_260513134438_00_00_2178.mp4,
20260511-0516_抽查,4-feibaoguo,07520001001310006769_133734_1829_260513134455_00_00_3067.mp4,
20260511-0516_抽查,4-feibaoguo,07520001581314000349_84513_3139_260513073833_00_02_4495.mp4,
20260511-0516_抽查,4-feibaoguo,07522700581314000014_135160_819_260514152206_00_00_3136.mp4,
20260511-0516_抽查,4-feibaoguo,07523346581314000137_127484_1999_260512190530_00_02_3392.mp4,
20260511-0516_抽查,4-feibaoguo,07523354581314000071_123923_249_260512072021_00_00_3505.mp4,
20260511-0516_抽查,4-feibaoguo,07523363581314000080_133415_269_260514081040_00_02_4527.mp4,
20260511-0516_抽查,4-feibaoguo,07523363581314000082_134071_2049_260513153536_00_00_6510.mp4,
20260511-0516_抽查,4-feibaoguo,07523363581314000082_134071_2329_260513153623_00_00_2810.mp4,
20260511-0516_抽查,4-feibaoguo,07523363581314000083_130694_639_260513153142_00_02_4664.mp4,
20260511-0516_抽查,4-feibaoguo,07523399581314008174_128912_1469_260513080401_00_02_6147.mp4,
20260511-0516_抽查,4-feibaoguo,07523399581314011449_127039_249_260512070021_00_00_4840.mp4,
20260511-0516_抽查,4-feibaoguo,07523399581314011449_127039_349_260512070038_00_00_4047.mp4,
20260511-0516_抽查,4-feibaoguo,07523399581314011449_84187_2939_260513070748_00_00_9634.mp4,
20260511-0516_抽查,4-feibaoguo,07523399581314011584_81769_489_260512082101_00_00_2917.mp4,
20260511-0516_抽查,4-feibaoguo,07529900581314000342_138796_9_260514155000_00_00_5887.mp4,
20260511-0516_抽查,4-feibaoguo,07529900581314000748_134739_4819_260514132512_00_00_9966.mp4,
20260511-0516_抽查,4-feibaoguo,07529900581314001637_87868_219_260514090031_00_00_8068.mp4,
20260511-0516_抽查,4-feibaoguo,07529900581314001700_134134_2189_260513155559_00_02_2849.mp4,
20260511-0516_抽查,4-feibaoguo,07554001581314076423_259666_1179_260514002306_00_00_2649.mp4,
20260511-0516_抽查,4-feibaoguo,07554001581314084030_262621_1419_260514132351_00_00_6267.mp4,
20260511-0516_抽查,4-feibaoguo,07554001581314100186_274377_2479_260514150649_00_00_4188.mp4,
20260511-0516_抽查,4-feibaoguo,07554001581314100870_270447_539_260513164120_00_00_2722.mp4,
20260511-0516_抽查,4-feibaoguo,07554001581314100870_270489_569_260513165125_00_02_7503.mp4,
20260511-0516_抽查,4-feibaoguo,07554001581314102653_253232_2809_260512144743_00_00_2298.mp4,
20260511-0516_抽查,4-feibaoguo,07554001581314117251_265941_4489_260512165450_00_02_2584.mp4,
20260511-0516_抽查,4-feibaoguo,07576469581314000011_709_1909_260514132513_00_02_4099.mp4,
20260511-0516_抽查,4-feibaoguo,07579999581314004307_885_2339_260512103624_00_00_4698.mp4,
20260511-0516_抽查,4-feibaoguo,07579999581314005858_4167_2429_260513072639_00_00_5627.mp4,
20260511-0516_抽查,4-feibaoguo,07600001001310017576_106117_659_260512083145_00_00_3456.mp4,
20260511-0516_抽查,4-feibaoguo,07600001581314002835_16946_49_260513192004_00_02_5453.mp4,
20260511-0516_抽查,4-feibaoguo,07600017581314000129_19834_1199_260514132310_00_02_2818.mp4,
20260511-0516_抽查,4-feibaoguo,07602499581314000056_14040_1729_260513083438_00_00_2314.mp4,
20260511-0516_抽查,4-feibaoguo,07602899581314000063_100892_2229_260512071601_00_00_1683.mp4,
20260511-0516_抽查,4-feibaoguo,07603738581314000053_9341_1749_260512090441_00_00_5422.mp4,
20260511-0516_抽查,4-feibaoguo,07604299581314000095_102371_759_260512130157_00_00_3223.mp4,
20260511-0516_抽查,4-feibaoguo,07604299581314000095_102371_839_260512130210_00_00_9623.mp4,
20260511-0516_抽查,4-feibaoguo,07604299581314000095_102371_899_260512130220_00_00_9813.mp4,
20260511-0516_抽查,4-feibaoguo,07604299581314000095_102371_959_260512130230_00_00_3447.mp4,
20260511-0516_抽查,4-feibaoguo,07608290581314000017_109524_2959_260514071808_00_00_2316.mp4,
20260511-0516_抽查,4-feibaoguo,07609999581314004233_113822_1609_260514093408_00_02_9431.mp4,
20260511-0516_抽查,4-feibaoguo,07609999581314007783_113059_2119_260514072534_00_00_5879.mp4,
20260511-0516_抽查,4-feibaoguo,07609999581314010338_108243_289_260512190038_00_02_5645.mp4,
20260511-0516_抽查,4-feibaoguo,07609999581314014285_69855_529_260514092107_00_00_2908.mp4,
20260511-0516_抽查,4-feibaoguo,07609999581314016907_106300_1529_260512095404_00_02_7150.mp4,
20260511-0516_抽查,4-feibaoguo,07609999581314019531_100707_1999_260512070512_00_00_1541.mp4,
20260511-0516_抽查,4-feibaoguo,07609999581314020645_69373_109_260514073013_00_02_1002.mp4,
20260511-0516_抽查,4-feibaoguo,07699308581314000036_273218_3159_260514074836_00_00_5988.mp4,
20260511-0516_抽查,4-feibaoguo,07699999581314000875_250700_2589_260512035701_00_00_9138.mp4,
20260511-0516_抽查,4-feibaoguo,07699999581314000875_250700_2709_260512035721_00_00_2944.mp4,
20260511-0516_抽查,4-feibaoguo,07699999581314000875_250700_699_260512035146_00_00_4636.mp4,
20260511-0516_抽查,4-feibaoguo,07699999581314004363_256729_309_260513071031_00_00_9641.mp4,
20260511-0516_抽查,4-feibaoguo,07710001001310009512_125702_1969_260514080523_00_02_4625.mp4,
20260511-0516_抽查,4-feibaoguo,07710001001310009512_125702_2069_260514080539_00_02_4830.mp4,
20260511-0516_抽查,4-feibaoguo,07710001001310009512_125702_2689_260514080722_00_00_4906.mp4,
20260511-0516_抽查,4-feibaoguo,07710001001310022951_97319_79_260512091000_00_00_4324.mp4,
20260511-0516_抽查,4-feibaoguo,07719999581314032702_110615_469_260512153057_00_02_5001.mp4,
20260511-0516_抽查,4-feibaoguo,07719999581314033692_81138_1059_260512072236_00_00_3843.mp4,
20260511-0516_抽查,4-feibaoguo,07719999581314040769_120540_1379_260514184340_00_02_5251.mp4,
20260511-0516_抽查,4-feibaoguo,07719999581314044430_97799_2349_260512122609_00_00_1733.mp4,
20260511-0516_抽查,4-feibaoguo,07910001001310016192_1622_1649_260511111430_00_00_2424.mp4,
20260511-0516_抽查,4-feibaoguo,07919991581314000015_35286_739_260513085143_00_00_8344.mp4,
20260511-0516_抽查,4-feibaoguo,08510002001310015870_29163_1639_260512183423_00_00_9789.mp4,
20260511-0516_抽查,4-feibaoguo,08510615581314000020_26395_3419_260512073908_00_00_6138.mp4,
20260511-0516_抽查,4-feibaoguo,08519999581314019866_125730_1579_260512081413_00_02_7002.mp4,
20260511-0516_抽查,4-feibaoguo,08519999581314019866_125730_359_260512081050_00_00_8288.mp4,
20260511-0516_抽查,4-feibaoguo,08710002581314005597_3224_929_260513080225_00_00_7143.mp4,
20260511-0516_抽查,4-feibaoguo,08710002581314006036_5850_579_260514074127_00_00_5448.mp4,
20260511-0516_抽查,4-feibaoguo,08718889581314000003_4622_1539_260513183406_00_02_4946.mp4,
20260511-0516_抽查,4-feibaoguo,08719900581314001152_7994_2189_260512114600_00_02_6091.mp4,
20260511-0516_抽查,4-feibaoguo,08719900581314001274_507_839_260512150215_00_00_5356.mp4,
20260511-0516_抽查,4-feibaoguo,08719999581314008248_2848_2329_260514073618_00_00_9027.mp4,
20260511-0516_抽查,4-feibaoguo,08719999581314018549_44394_1349_260512045334_00_00_8385.mp4,
20260511-0516_抽查,4-feibaoguo,08719999581314018549_44394_3009_260512045811_00_00_5495.mp4,
20260511-0516_抽查,4-feibaoguo,08719999581314018864_2729_1219_260514131302_00_00_8002.mp4,
20260511-0516_抽查,4-feibaoguo,08719999581314019859_4265_1879_260513125451_00_00_3924.mp4,
20260511-0516_抽查,4-feibaoguo,08719999581314022010_4411_2339_260513133608_00_02_9703.mp4,
20260511-0516_抽查,4-feibaoguo,08981434581314000012_889_3479_260513154929_00_00_9745.mp4,
20260511-0516_抽查,4-feibaoguo,08982224581314000030_2178_3279_260513073856_00_00_1766.mp4,
20260511-0516_抽查,4-feibaoguo,08982499581314000055_134079_99_260513131000_00_00_7939.mp4,
20260511-0516_抽查,4-feibaoguo,08983133581314000022_1773_2589_260513190701_00_00_2209.mp4,
20260511-0516_抽查,4-feibaoguo,08985899581314000001_138235_389_260514112044_00_00_3704.mp4,
20260511-0516_抽查,4-feibaoguo,08988499581314000003_427_199_260513140012_00_00_4677.mp4,
20260511-0516_抽查,4-feibaoguo,08988999581314000005_1688_3369_260512110900_00_00_3551.mp4,
20260511-0516_抽查,4-feibaoguo,08989999581314000656_95063_1709_260511132435_00_02_7891.mp4,
20260511-0516_抽查,4-feibaoguo,08989999581314002889_2976_759_260512162146_00_02_5816.mp4,
20260511-0516_抽查,4-feibaoguo,08989999581314003979_2159_3079_260514164812_00_00_3255.mp4,
20260511-0516_抽查,4-feibaoguo,08989999581314004545_101496_1239_260513173324_00_02_7943.mp4,
20260511-0516_抽查,4-feibaoguo,08989999581314004557_101898_909_260513192210_00_00_1466.mp4,
20260511-0516_抽查,4-feibaoguo,08989999581314004735_135440_2939_260513181748_00_00_7795.mp4,
20260511-0516_抽查,4-feibaoguo,09316899581314000049_153_2139_260512092911_00_00_2744.mp4,
20260511-0516_抽查,4-feibaoguo,09319999581314014487_13933_2479_260514190652_00_00_1979.mp4,
20260511-0516_抽查,4-feibaoguo,09319999581314026612_5591_1039_260513074339_00_02_3512.mp4,
20260511-0516_抽查,4-feibaoguo,09915859581314000016_63329_10439_260514085653_00_02_7728.mp4,
20260511-0516_抽查,4-feibaoguo,09915960581314000005_227_12479_260512144815_00_00_5647.mp4,
20260511-0516_抽查,4-feibaoguo,09919999581314013735_13068_3039_260513082821_00_00_8012.mp4,
20260511-0516_抽查,4-feibaoguo,09919999581314013808_9876_4539_260512120256_00_00_2733.mp4,
20260511-0516_抽查,4-feibaoguo,09919999581314015299_16037_589_260513193135_00_00_4770.mp4,
20260511-0516_抽查,5-zhengchang,00100001001310019443_2441_1349_260514063340_00_00_7692.mp4,
20260511-0516_抽查,5-zhengchang,00200001581314037093_360_2559_260514065700_00_00_6334.mp4,
20260511-0516_抽查,5-zhengchang,00210001581314058153_53105_499_260512070102_00_00_9134.mp4,
20260511-0516_抽查,5-zhengchang,00230001581314043622_7023_1219_260512072302_00_00_3222.mp4,
20260511-0516_抽查,5-zhengchang,00230001581314044702_28461_1649_260514170414_00_00_9763.mp4,
20260511-0516_抽查,5-zhengchang,00240001001310018427_124824_3229_260514074852_00_02_2811.mp4,
20260511-0516_抽查,5-zhengchang,00240001581314012255_102797_759_260514070146_00_00_1255.mp4,
20260511-0516_抽查,5-zhengchang,00250001581314033206_62305_3399_260512140904_00_02_3544.mp4,
20260511-0516_抽查,5-zhengchang,00280001581314096371_1052_2409_260512130636_00_00_4027.mp4,
20260511-0516_抽查,5-zhengchang,00280001581314096504_2067_19_260513074001_00_02_4963.mp4,
20260511-0516_抽查,5-zhengchang,00290001581314026389_1565_859_260514075202_00_00_2249.mp4,
20260511-0516_抽查,5-zhengchang,00595001581314002552_73254_1009_260512144227_00_00_8413.mp4,
20260511-0516_抽查,5-zhengchang,02720110581314032294_23231_1039_260514080232_00_00_9278.mp4,
20260511-0516_抽查,5-zhengchang,02720110581314032411_23331_579_260514081127_00_00_3647.mp4,
20260511-0516_抽查,5-zhengchang,03510001001310017715_101409_1729_260513144439_00_00_5980.mp4,
20260511-0516_抽查,5-zhengchang,03719999581314038816_134609_3319_260514071908_00_00_6943.mp4,
20260511-0516_抽查,5-zhengchang,05129999581314003803_1355_2479_260513061643_00_00_5051.mp4,
20260511-0516_抽查,5-zhengchang,05319999581314021126_30669_1879_260513183503_00_00_1934.mp4,
20260511-0516_抽查,5-zhengchang,05319999581314036630_23162_39_260512074002_00_00_9058.mp4,
20260511-0516_抽查,5-zhengchang,05320199581314019053_130014_1779_260514143435_00_00_8345.mp4,
20260511-0516_抽查,5-zhengchang,05519999581314019227_13_2909_260512145755_00_00_3783.mp4,
20260511-0516_抽查,5-zhengchang,05749999581314010078_24242_1989_260514140511_00_00_1769.mp4,
20260511-0516_抽查,5-zhengchang,05749999581314010393_13439_2109_260513080529_00_00_7645.mp4,
20260511-0516_抽查,5-zhengchang,05799999581314019148_4780_59_260514161000_00_02_7090.mp4,
20260511-0516_抽查,5-zhengchang,05919900581314001312_156254_1919_260514125514_00_00_6488.mp4,
20260511-0516_抽查,5-zhengchang,05919900581314004275_156394_2939_260514131749_00_02_4814.mp4,
20260511-0516_抽查,5-zhengchang,05920001581314001851_6930_5169_260514135322_00_00_4160.mp4,
20260511-0516_抽查,5-zhengchang,05950001001310012449_73756_239_260512175030_00_00_7589.mp4,
20260511-0516_抽查,5-zhengchang,07310001581314000798_129613_2259_260514083606_00_02_4912.mp4,
20260511-0516_抽查,5-zhengchang,07520178581314000008_128901_719_260513075150_00_02_8281.mp4,
20260511-0516_抽查,5-zhengchang,07523302581314000140_128510_2819_260513072745_00_00_5788.mp4,
20260511-0516_抽查,5-zhengchang,07523322581314000118_88280_2679_260514123716_00_02_7178.mp4,
20260511-0516_抽查,5-zhengchang,07554001581314085453_261914_709_260514100154_00_00_3863.mp4,
20260511-0516_抽查,5-zhengchang,07554001581314089656_262772_3129_260514141832_00_00_3573.mp4,
20260511-0516_抽查,5-zhengchang,07554001581314093587_273157_239_260514073030_00_00_1635.mp4,
20260511-0516_抽查,5-zhengchang,07554001581314095948_261021_1729_260514064438_00_00_3448.mp4,
20260511-0516_抽查,5-zhengchang,07554001581314110447_59844_329_260514101045_00_02_6367.mp4,
20260511-0516_抽查,5-zhengchang,07600001001310010968_71214_2309_260514174604_00_00_6954.mp4,
20260511-0516_抽查,5-zhengchang,07606869581314000091_69558_1509_260514075351_00_00_9472.mp4,
20260511-0516_抽查,5-zhengchang,07609999581314023249_115443_839_260514172159_00_00_2561.mp4,
20260511-0516_抽查,5-zhengchang,07910001001310014022_3212_2209_260512091603_00_02_2346.mp4,
20260511-0516_抽查,5-zhengchang,08519999581314024003_81316_2209_260512081547_00_00_2032.mp4,
20260511-0516_抽查,5-zhengchang,08710002581314008348_3517_9_260513080000_00_00_6588.mp4,
20260511-0516_抽查,5-zhengchang,08981011581314000020_128162_3489_260512073931_00_00_4648.mp4,
20260511-0516_抽查,5-zhengchang,08988182581314000008_134761_1969_260513154518_00_00_3539.mp4,
20260511-0516_抽查,5-zhengchang,08989999581314004557_140432_2749_260514192717_00_00_4382.mp4,
20260511-0516_抽查,5-zhengchang,09319799581314000006_40_2139_260514075726_00_02_5213.mp4,
20260511-0516_抽查,6-yichang,00220001001310015492_125214_1969_260512182523_00_02_3397.mp4,
20260511-0516_抽查,6-yichang,05129999581314016090_8171_109_260514175001_00_00_3902.mp4,
20260511-0516_抽查,6-yichang,05919999581314000516_152532_2609_260513173653_00_02_9142.mp4,
20260511-0516_抽查,6-yichang,07554001581314115617_140050_3939_260514195518_00_00_3713.mp4,
20260511-0516_抽查,6-yichang,08989999581314003431_2825_1709_260512155424_00_00_4320.mp4,
20260511-0516_抽查,7-zhedang,00210002581314021002_56699_639_260514060127_00_02_8092.mp4,
20260511-0516_抽查,7-zhedang,00230001581314014785_5392_2149_260514070554_00_00_9180.mp4,
20260511-0516_抽查,7-zhedang,00230001581314038276_6303_1019_260514140229_00_00_1135.mp4,
20260511-0516_抽查,7-zhedang,00230001581314046748_2194_2229_260513071550_00_02_9869.mp4,
20260511-0516_抽查,7-zhedang,00230001581314046748_4675_959_260514071219_00_02_1163.mp4,
20260511-0516_抽查,7-zhedang,00230001581314046748_684_3509_260513072922_00_02_8369.mp4,
20260511-0516_抽查,7-zhedang,00230001581314047392_402_2769_260513073736_00_00_7558.mp4,
20260511-0516_抽查,7-zhedang,00250001581314030801_90873_1829_260513071459_00_00_9060.mp4,
20260511-0516_抽查,7-zhedang,00290001581314036276_72661_559_260514072128_00_02_1221.mp4,
20260511-0516_抽查,7-zhedang,02720001581314009169_24556_669_260513065146_00_00_9594.mp4,
20260511-0516_抽查,7-zhedang,03180001001310012059_15674_1289_260512082330_00_02_9858.mp4,
20260511-0516_抽查,7-zhedang,03510001001310017716_81393_1139_260512143300_00_02_2180.mp4,
20260511-0516_抽查,7-zhedang,03710001001310012502_125168_409_260513074049_00_00_7784.mp4,
20260511-0516_抽查,7-zhedang,03710001001310016382_120859_359_260512075055_00_00_9112.mp4,
20260511-0516_抽查,7-zhedang,04710001001310012532_81337_2129_260512133545_00_02_3166.mp4,
20260511-0516_抽查,7-zhedang,05168900581314000031_105613_2419_260514170638_00_02_8799.mp4,
20260511-0516_抽查,7-zhedang,05799999581314016095_185_249_260513072037_00_00_1044.mp4,
20260511-0516_抽查,7-zhedang,07523399581314005237_82819_299_260512152046_00_02_5406.mp4,
20260511-0516_抽查,7-zhedang,07554001581314113089_52252_979_260512075238_00_02_6681.mp4,
20260511-0516_抽查,7-zhedang,08710002581314003173_746_479_260513182115_00_00_6461.mp4,
20260511-0516_抽查,7-zhedang,09310002001310012393_467_2239_260512073608_00_00_2091.mp4,
20260511-0516_抽查,8-fenjian,1-paoren,00100001581314033129_10856_1319_260514123329_00_00_5100.mp4
20260511-0516_抽查,8-fenjian,1-paoren,00100001581314040486_16465_659_260514105129_00_00_6500.mp4
20260511-0516_抽查,8-fenjian,1-paoren,00200001581314028395_11678_909_260513072227_00_00_8638.mp4
20260511-0516_抽查,8-fenjian,1-paoren,00200001581314039480_6904_2129_260514065550_00_00_3815.mp4
20260511-0516_抽查,8-fenjian,1-paoren,00200001581314042069_11605_1409_260513071349_00_00_4775.mp4
20260511-0516_抽查,8-fenjian,1-paoren,00210001001310027462_47586_3389_260512061919_00_00_7592.mp4
20260511-0516_抽查,8-fenjian,1-paoren,00210001001310046159_57331_2409_260514063631_00_00_9562.mp4
20260511-0516_抽查,8-fenjian,1-paoren,00210001001310046159_57331_2449_260514063638_00_00_3730.mp4
20260511-0516_抽查,8-fenjian,1-paoren,00210001581314059910_52386_1649_260514061424_00_00_9717.mp4
20260511-0516_抽查,8-fenjian,1-paoren,00210001581314065717_46376_1429_260511064337_00_00_8363.mp4
20260511-0516_抽查,8-fenjian,1-paoren,02720001581314000495_34487_69_260514145000_00_00_5788.mp4
20260511-0516_抽查,8-fenjian,1-paoren,03719999581314017230_63539_849_260513072201_00_00_4974.mp4
20260511-0516_抽查,8-fenjian,1-paoren,03719999581314028090_68652_549_260514190110_00_00_2467.mp4
20260511-0516_抽查,8-fenjian,1-paoren,04519999581314026137_105157_3569_260514190551_00_00_3006.mp4
20260511-0516_抽查,8-fenjian,1-paoren,04710001001310011645_102346_39_260514073002_00_00_5209.mp4
20260511-0516_抽查,8-fenjian,1-paoren,04710001581314002175_130260_2189_260513152559_00_00_9373.mp4
20260511-0516_抽查,8-fenjian,1-paoren,05320199581314017083_87339_339_260514095036_00_00_2914.mp4
20260511-0516_抽查,8-fenjian,1-paoren,05511200581314000033_866_1479_260512181402_00_00_6128.mp4
20260511-0516_抽查,8-fenjian,1-paoren,05519900581314028367_138_2669_260513071704_00_00_4096.mp4
20260511-0516_抽查,8-fenjian,1-paoren,05719900581314002203_89217_2429_260514151634_00_00_6840.mp4
20260511-0516_抽查,8-fenjian,1-paoren,05719900581314017207_88486_2779_260514101720_00_00_5656.mp4
20260511-0516_抽查,8-fenjian,1-paoren,05719900581314017207_88486_3129_260514101819_00_00_6849.mp4
20260511-0516_抽查,8-fenjian,1-paoren,05719900581314017827_10551_1179_260513172255_00_00_9258.mp4
20260511-0516_抽查,8-fenjian,1-paoren,05749999581314001789_16868_2959_260513075808_00_00_3650.mp4
20260511-0516_抽查,8-fenjian,1-paoren,05749999581314012037_20249_1669_260513074418_00_00_4221.mp4
20260511-0516_抽查,8-fenjian,1-paoren,05749999581314012037_20249_2859_260513074736_00_00_6632.mp4
20260511-0516_抽查,8-fenjian,1-paoren,05749999581314012037_20249_3039_260513074806_00_00_3747.mp4
20260511-0516_抽查,8-fenjian,1-paoren,05799999581314018635_4290_949_260514073217_00_00_6476.mp4
20260511-0516_抽查,8-fenjian,1-paoren,05914500581314000021_145886_1669_260512133433_00_00_7390.mp4
20260511-0516_抽查,8-fenjian,1-paoren,05919900581314002191_77660_1329_260514082331_00_00_7853.mp4
20260511-0516_抽查,8-fenjian,1-paoren,05920001581314002581_7036_2259_260514140556_00_00_4364.mp4
20260511-0516_抽查,8-fenjian,1-paoren,05929900581314000041_8580_3169_260514181842_00_00_2916.mp4
20260511-0516_抽查,8-fenjian,1-paoren,07319900581314005424_107038_1649_260514180414_00_00_9331.mp4
20260511-0516_抽查,8-fenjian,1-paoren,07523399581314013000_137617_819_260514114156_00_02_7933.mp4
20260511-0516_抽查,8-fenjian,1-paoren,07554001581314083426_256929_4049_260513073237_00_00_8980.mp4
20260511-0516_抽查,8-fenjian,1-paoren,07554001581314084015_272858_2149_260514070553_00_00_9741.mp4
20260511-0516_抽查,8-fenjian,1-paoren,07554001581314095913_274159_1189_260514131308_00_00_1961.mp4
20260511-0516_抽查,8-fenjian,1-paoren,07554001581314095922_272927_3019_260514065813_00_00_3203.mp4
20260511-0516_抽查,8-fenjian,1-paoren,07554001581314097243_260760_1579_260514061413_00_00_7500.mp4
20260511-0516_抽查,8-fenjian,1-paoren,07554001581314098440_274088_2539_260514130657_00_00_1945.mp4
20260511-0516_抽查,8-fenjian,1-paoren,07554001581314099477_53064_539_260512134109_00_00_7796.mp4
20260511-0516_抽查,8-fenjian,1-paoren,07554001581314099477_53064_679_260512134132_00_00_8199.mp4
20260511-0516_抽查,8-fenjian,1-paoren,07554001581314101197_261152_4529_260514070306_00_02_1948.mp4
20260511-0516_抽查,8-fenjian,1-paoren,07554001581314108002_273278_3879_260514080410_00_00_9323.mp4
20260511-0516_抽查,8-fenjian,1-paoren,07554001581314108002_273278_8349_260514080907_00_00_8570.mp4
20260511-0516_抽查,8-fenjian,1-paoren,07577399581314000003_11587_8229_260513071524_00_02_1100.mp4
20260511-0516_抽查,8-fenjian,1-paoren,07600001001310011607_112082_2499_260513191651_00_00_6101.mp4
20260511-0516_抽查,8-fenjian,1-paoren,07609999581314019781_113388_1759_260514080434_00_00_7062.mp4
20260511-0516_抽查,8-fenjian,1-paoren,07699999581314005364_52490_3429_260512101340_00_00_8427.mp4
20260511-0516_抽查,8-fenjian,1-paoren,07699999581314006434_250342_689_260511185145_00_00_1887.mp4
20260511-0516_抽查,8-fenjian,1-paoren,08710002581314003742_1096_2149_260514184553_00_00_1147.mp4
20260511-0516_抽查,8-fenjian,1-paoren,08989999581314003585_126718_389_260511075044_00_00_4170.mp4
20260511-0516_抽查,8-fenjian,4-feibaoguo,04710001001310009404_127807_3209_260513073849_00_00_5219.mp4
20260511-0516_抽查,8-fenjian,5-zhengchang,00100001581314014640_17995_1569_260514150417_00_00_2239.mp4
20260511-0516_抽查,8-fenjian,5-zhengchang,00210001581314022162_55395_3389_260513064915_00_00_7317.mp4
20260511-0516_抽查,8-fenjian,5-zhengchang,00220001581314015175_131248_799_260514072203_00_00_6032.mp4
20260511-0516_抽查,8-fenjian,5-zhengchang,00230001581314030888_26909_3279_260514080846_00_00_9018.mp4
20260511-0516_抽查,8-fenjian,5-zhengchang,00250001581314029133_85673_2629_260511203708_00_02_6491.mp4
20260511-0516_抽查,8-fenjian,5-zhengchang,00280001581314094206_5172_1909_260513150513_00_00_5041.mp4
20260511-0516_抽查,8-fenjian,5-zhengchang,00595001581314001594_144426_109_260512072000_00_00_3403.mp4
20260511-0516_抽查,8-fenjian,5-zhengchang,02720001581314006008_30150_7859_260513144833_00_00_9484.mp4
20260511-0516_抽查,8-fenjian,5-zhengchang,03519999581314019020_124645_1679_260514071419_00_00_7665.mp4
20260511-0516_抽查,8-fenjian,5-zhengchang,03712123581314000025_66478_3039_260514074822_00_02_1900.mp4
20260511-0516_抽查,8-fenjian,5-zhengchang,03719999581314008749_98071_569_260512072130_00_00_4325.mp4
20260511-0516_抽查,8-fenjian,5-zhengchang,04323233581314000006_102752_1599_260514073238_00_02_4080.mp4
20260511-0516_抽查,8-fenjian,5-zhengchang,04329999581314006198_104231_4779_260514151752_00_00_2293.mp4
20260511-0516_抽查,8-fenjian,5-zhengchang,04519999581314025687_122305_409_260513164028_00_02_7846.mp4
20260511-0516_抽查,8-fenjian,5-zhengchang,04710001001310007824_115692_879_260512082206_00_00_8303.mp4
20260511-0516_抽查,8-fenjian,5-zhengchang,04710001001310011545_84656_1629_260513150427_00_00_5155.mp4
20260511-0516_抽查,8-fenjian,5-zhengchang,04710001001310012740_104208_1699_260514151433_00_00_1507.mp4
20260511-0516_抽查,8-fenjian,5-zhengchang,04719999581314004707_104164_3559_260514151932_00_02_2886.mp4
20260511-0516_抽查,8-fenjian,5-zhengchang,04719999581314011296_123280_679_260514074133_00_02_7246.mp4
20260511-0516_抽查,8-fenjian,5-zhengchang,05129999581314020731_2139_1489_260513175346_00_00_2375.mp4
20260511-0516_抽查,8-fenjian,5-zhengchang,05319999581314016295_43659_2889_260513071751_00_00_2020.mp4
20260511-0516_抽查,8-fenjian,5-zhengchang,05319999581314027653_41630_2939_260512131749_00_00_9523.mp4
20260511-0516_抽查,8-fenjian,5-zhengchang,05319999581314033519_72041_4209_260514162238_00_02_9691.mp4
20260511-0516_抽查,8-fenjian,5-zhengchang,05320199581314011746_105056_11579_260514132730_00_00_9403.mp4
20260511-0516_抽查,8-fenjian,5-zhengchang,05511418581314000016_2148_1189_260513072308_00_02_2757.mp4
20260511-0516_抽查,8-fenjian,5-zhengchang,05710001581314000026_140815_2209_260514163558_00_00_3242.mp4
20260511-0516_抽查,8-fenjian,5-zhengchang,05743357581314000008_13419_409_260513080047_00_00_9739.mp4
20260511-0516_抽查,8-fenjian,5-zhengchang,05749999581314012037_20249_2179_260513074543_00_00_4767.mp4
20260511-0516_抽查,8-fenjian,5-zhengchang,05749999581314012037_20249_2799_260513074726_00_00_6000.mp4
20260511-0516_抽查,8-fenjian,5-zhengchang,05749999581314016811_20394_219_260513192016_00_00_1431.mp4
20260511-0516_抽查,8-fenjian,5-zhengchang,05749999581314026645_41586_1029_260514174231_00_00_7791.mp4
20260511-0516_抽查,8-fenjian,5-zhengchang,05799999581314012485_2485_2819_260513181740_00_00_5035.mp4
20260511-0516_抽查,8-fenjian,5-zhengchang,05919900581314002191_77660_829_260514082208_00_00_3307.mp4
20260511-0516_抽查,8-fenjian,5-zhengchang,05919900581314002518_2763_59_260513174000_00_00_6234.mp4
20260511-0516_抽查,8-fenjian,5-zhengchang,05920001581314002055_3432_2189_260513185600_00_00_3614.mp4
20260511-0516_抽查,8-fenjian,5-zhengchang,05929900581314001530_157093_3149_260514145824_00_00_5853.mp4
20260511-0516_抽查,8-fenjian,5-zhengchang,05950701581314000057_78407_409_260514134058_00_00_3324.mp4
20260511-0516_抽查,8-fenjian,5-zhengchang,07310001001310015299_140324_1679_260514081430_00_00_5152.mp4
20260511-0516_抽查,8-fenjian,5-zhengchang,07318700581314000003_129389_1769_260514075444_00_00_3192.mp4
20260511-0516_抽查,8-fenjian,5-zhengchang,07520001001310002905_127978_1189_260512082257_00_00_9203.mp4
20260511-0516_抽查,8-fenjian,5-zhengchang,07520001001310002905_127978_1399_260512082332_00_00_4868.mp4
20260511-0516_抽查,8-fenjian,5-zhengchang,07523399581314005303_99058_3179_260512072846_00_00_6491.mp4
20260511-0516_抽查,8-fenjian,5-zhengchang,07529900581314000342_138796_299_260514155029_00_00_7766.mp4
20260511-0516_抽查,8-fenjian,5-zhengchang,07554001581314079692_263276_259_260514172038_00_00_4350.mp4
20260511-0516_抽查,8-fenjian,5-zhengchang,07554001581314104487_60413_59_260514135001_00_00_1661.mp4
20260511-0516_抽查,8-fenjian,5-zhengchang,07554001581314105130_262025_2059_260514104538_00_00_8144.mp4
20260511-0516_抽查,8-fenjian,5-zhengchang,07609999581314023983_109313_12899_260513072829_00_00_7607.mp4
20260511-0516_抽查,8-fenjian,5-zhengchang,07609999581314024734_14962_3239_260513125837_00_00_6699.mp4
20260511-0516_抽查,8-fenjian,5-zhengchang,07919900581314010130_7071_2099_260514091546_00_00_4603.mp4
20260511-0516_抽查,8-fenjian,5-zhengchang,08519999581314019404_30703_1859_260513075449_00_02_4986.mp4
20260511-0516_抽查,8-fenjian,5-zhengchang,08710002581314002269_3754_119_260513103015_00_02_2309.mp4
20260511-0516_抽查,8-fenjian,5-zhengchang,08984288581314000009_137561_1009_260514074238_00_02_5710.mp4
20260511-0516_抽查,8-fenjian,5-zhengchang,09310002001310009238_831_3359_260512081909_00_00_5566.mp4
20260511-0516_抽查,8-fenjian,5-zhengchang,09914399581314000083_8549_1279_260513185328_00_00_7448.mp4
20260518-0526_全查,1-paoren,010W061217_17_456909_260519012934_00_00_9875.mp4,
20260518-0526_全查,1-paoren,010W061399_365_2988549_260521032217_00_00_5080.mp4,
20260518-0526_全查,1-paoren,010W061528_383_2250619_260521174051_00_00_1305.mp4,
20260518-0526_全查,1-paoren,010W061982_218_9760969_260522053722_00_00_7394.mp4,
20260518-0526_全查,1-paoren,010W062104_378_921369_260519022719_00_00_5633.mp4,
20260518-0526_全查,1-paoren,010W062555_26_42539_260521041233_00_00_9546.mp4,
20260518-0526_全查,1-paoren,010W062783_54_7499_260521080630_00_00_4596.mp4,
20260518-0526_全查,1-paoren,010W062988_34_7109_260521053716_00_00_1008.mp4,
20260518-0526_全查,1-paoren,010W063008_18_7066159_260520003739_00_00_8783.mp4,
20260518-0526_全查,1-paoren,010W063184_70_423629_260519235938_00_00_9043.mp4,
20260518-0526_全查,1-paoren,010W063189_43_7929_260522133715_00_00_8745.mp4,
20260518-0526_全查,1-paoren,010W063193_35_624669_260518142606_00_00_8398.mp4,
20260518-0526_全查,1-paoren,010WA011101_24_173449_260520000715_00_00_5100.mp4,
20260518-0526_全查,1-paoren,010WA011106_27_11686039_260519030334_00_00_9812.mp4,
20260518-0526_全查,1-paoren,010WA011180_67_1546149_260523015418_00_00_2332.mp4,
20260518-0526_全查,1-paoren,010WA011469_43_5055949_260519004707_00_00_8241.mp4,
20260518-0526_全查,1-paoren,010WA011513_09_400969_260520205124_00_00_5966.mp4,
20260518-0526_全查,1-paoren,010WA011518_02_498939_260523024139_00_00_1354.mp4,
20260518-0526_全查,1-paoren,010WA01166_95_5304069_260520233648_00_00_4875.mp4,
20260518-0526_全查,1-paoren,010WA01166_95_5315869_260521000936_00_02_6384.mp4,
20260518-0526_全查,1-paoren,010WB011340_271_8370559_260520054021_00_00_5936.mp4,
20260518-0526_全查,1-paoren,010WB01560_249_56879_260519044810_00_00_5335.mp4,
20260518-0526_全查,1-paoren,010WD021002_265_3992149_260522011129_00_00_8303.mp4,
20260518-0526_全查,1-paoren,010WD021176_298_895159_260519033954_00_00_6675.mp4,
20260518-0526_全查,1-paoren,010WD021242_296_1889889_260521014108_00_00_1100.mp4,
20260518-0526_全查,1-paoren,010WD02211_131_1459869_260520054823_00_00_1994.mp4,
20260518-0526_全查,1-paoren,010WD02284_220_1652859_260520144619_00_00_5704.mp4,
20260518-0526_全查,1-paoren,010WD02285_221_936319_260519053432_00_00_2185.mp4,
20260518-0526_全查,1-paoren,010WD02458_167_1385889_260519052716_00_00_9525.mp4,
20260518-0526_全查,1-paoren,010WD02556_252_1815049_260520221958_00_00_1676.mp4,
20260518-0526_全查,1-paoren,010WD02805_260_2129819_260521125050_00_00_8818.mp4,
20260518-0526_全查,1-paoren,010WD02849_281_2913329_260520191444_00_02_4683.mp4,
20260518-0526_全查,1-paoren,010WD02981_153_821339_260519001628_00_00_4668.mp4,
20260518-0526_全查,1-paoren,010WD02984_508_7655879_260522053707_00_00_6065.mp4,
20260518-0526_全查,1-paoren,010WD02993_253_2392229_260521035817_00_00_1579.mp4,
20260518-0526_全查,1-paoren,010X011576_51_5340589_260519022317_00_00_1086.mp4,
20260518-0526_全查,1-paoren,010X012188_17_14980999_260522154634_00_00_3297.mp4,
20260518-0526_全查,1-paoren,010X012266_125_8024109_260523094631_00_00_2181.mp4,
20260518-0526_全查,1-paoren,010X02310_105_14880929_260522111119_00_00_3349.mp4,
20260518-0526_全查,1-paoren,010X02410_80_5803439_260519025937_00_00_7348.mp4,
20260518-0526_全查,1-paoren,020R02139_150_7312999_260522153153_00_00_9817.mp4,
20260518-0526_全查,1-paoren,020R02146_155_3627779_260521043527_00_00_2627.mp4,
20260518-0526_全查,1-paoren,020R0245_121_2859209_260519163558_00_00_8623.mp4,
20260518-0526_全查,1-paoren,020RD01111_279_568179_260518201034_00_02_5828.mp4,
20260518-0526_全查,1-paoren,020RD01112_414_101059_260523124844_00_00_3177.mp4,
20260518-0526_全查,1-paoren,020RD01114_340_2029959_260523021810_00_02_1828.mp4,
20260518-0526_全查,1-paoren,020RD01123_288_2726119_260522200407_00_00_7240.mp4,
20260518-0526_全查,1-paoren,020RD01137_308_2278109_260522044554_00_00_3877.mp4,
20260518-0526_全查,1-paoren,020RD011428_350_598939_260521065643_00_00_8364.mp4,
20260518-0526_全查,1-paoren,020RD011445_178_5454739_260523073245_00_00_8461.mp4,
20260518-0526_全查,1-paoren,020RD01174_278_1387719_260520110847_00_00_1173.mp4,
20260518-0526_全查,1-paoren,020RD01223_297_2139969_260521220349_00_02_3977.mp4,
20260518-0526_全查,1-paoren,020RD01308_55_1155769_260518134023_00_00_3118.mp4,
20260518-0526_全查,1-paoren,020RD01361_259_1050879_260519194939_00_02_1324.mp4,
20260518-0526_全查,1-paoren,020RD01371_264_2449699_260522081529_00_00_3524.mp4,
20260518-0526_全查,1-paoren,020RD01426_85_1854499_260521052046_00_00_8650.mp4,
20260518-0526_全查,1-paoren,020RD01499_368_345189_260520001035_00_02_5887.mp4,
20260518-0526_全查,1-paoren,020RD01573_395_2347449_260524162122_00_00_7700.mp4,
20260518-0526_全查,1-paoren,020RD0238_322_28239_260520042953_00_00_3801.mp4,
20260518-0526_全查,1-paoren,020VM03233_164_9384099_260519154251_00_02_9730.mp4,
20260518-0526_全查,1-paoren,020W011310_108_777089_260520141036_00_00_5781.mp4,
20260518-0526_全查,1-paoren,020W011326_91_234199_260518123444_00_00_1509.mp4,
20260518-0526_全查,1-paoren,020W011327_119_859069_260520175847_00_00_3696.mp4,
20260518-0526_全查,1-paoren,020W013097_127_77989_260519054859_00_00_9213.mp4,
20260518-0526_全查,1-paoren,020W013124_83_3639_260518155300_00_02_1491.mp4,
20260518-0526_全查,1-paoren,020W013340_148_260019_260518134814_00_00_6664.mp4,
20260518-0526_全查,1-paoren,020W01992_05_1042559_260518131308_00_00_3035.mp4,
20260518-0526_全查,1-paoren,020WE0330_101_20384709_260518230342_00_00_9586.mp4,
20260518-0526_全查,1-paoren,020WE03504_616_1245369_260518200700_00_00_9877.mp4,
20260518-0526_全查,1-paoren,020WE03545_00_13326089_260520043854_00_00_8694.mp4,
20260518-0526_全查,1-paoren,020WM011156_76_4295139_260523003909_00_00_7272.mp4,
20260518-0526_全查,1-paoren,020WM011273_389_2643439_260519200605_00_02_5183.mp4,
20260518-0526_全查,1-paoren,020WM011278_390_2378039_260519075258_00_00_1535.mp4,
20260518-0526_全查,1-paoren,020WM011593_58_3552649_260520034443_00_00_6955.mp4,
20260518-0526_全查,1-paoren,021R0229_82_1093159_260518124123_00_00_6373.mp4,
20260518-0526_全查,1-paoren,021R0232_88_2408319_260521013446_00_00_7148.mp4,
20260518-0526_全查,1-paoren,021R0232_88_2446439_260521032039_00_00_7040.mp4,
20260518-0526_全查,1-paoren,021WD021306_14_3300159_260520211944_00_00_7066.mp4,
20260518-0526_全查,1-paoren,021WD021592_09_3225649_260520225231_00_00_1393.mp4,
20260518-0526_全查,1-paoren,021WE021019_354_1646959_260521165416_00_00_1109.mp4,
20260518-0526_全查,1-paoren,021WE021019_354_1647159_260521165449_00_00_2729.mp4,
20260518-0526_全查,1-paoren,021WE021020_353_1647959_260521165420_00_00_4485.mp4,
20260518-0526_全查,1-paoren,021WE021303_17_5844979_260520000818_00_02_8033.mp4,
20260518-0526_全查,1-paoren,021WE021303_17_6971199_260522041829_00_00_5260.mp4,
20260518-0526_全查,1-paoren,021WE021304_18_6342619_260520230036_00_00_6302.mp4,
20260518-0526_全查,1-paoren,021WE021652_136_5424999_260520230031_00_00_6425.mp4,
20260518-0526_全查,1-paoren,021WE021659_141_5033559_260520045312_00_00_7338.mp4,
20260518-0526_全查,1-paoren,021WE021693_130_8391989_260520050746_00_00_8604.mp4,
20260518-0526_全查,1-paoren,021WE021824_432_683869_260523002204_00_00_3572.mp4,
20260518-0526_全查,1-paoren,021WE021842_116_8413299_260519063315_00_02_9488.mp4,
20260518-0526_全查,1-paoren,021WE021864_115_7893009_260518160532_00_00_3151.mp4,
20260518-0526_全查,1-paoren,021WF011023_27_1091049_260520051128_00_00_6350.mp4,
20260518-0526_全查,1-paoren,021WF011042_42_579869_260519053147_00_02_6745.mp4,
20260518-0526_全查,1-paoren,021WF011043_43_773349_260519142914_00_00_1745.mp4,
20260518-0526_全查,1-paoren,021WF011114_29_745239_260519131140_00_00_9547.mp4,
20260518-0526_全查,1-paoren,021WF011380_353_1607539_260521050214_00_00_4453.mp4,
20260518-0526_全查,1-paoren,021WF011468_501_1107879_260520055414_00_00_9653.mp4,
20260518-0526_全查,1-paoren,021WF01756_182_2804199_260521120318_00_00_2055.mp4,
20260518-0526_全查,1-paoren,021WF01823_352_316149_260520153849_00_00_9231.mp4,
20260518-0526_全查,1-paoren,021WF01823_46_21669_260522153235_00_00_3196.mp4,
20260518-0526_全查,1-paoren,021WF01839_302_1252899_260520123455_00_00_7817.mp4,
20260518-0526_全查,1-paoren,021WF01861_320_1502209_260521000815_00_00_2790.mp4,
20260518-0526_全查,1-paoren,021WF01880_88_111159_260522235032_00_02_6599.mp4,
20260518-0526_全查,1-paoren,021WF01925_68_551389_260519041306_00_00_4960.mp4,
20260518-0526_全查,1-paoren,021WF01925_97_62989_260520195857_00_00_6746.mp4,
20260518-0526_全查,1-paoren,021WF01925_97_73429_260520202757_00_00_3164.mp4,
20260518-0526_全查,1-paoren,021WF01934_44_959519_260524151103_00_00_4329.mp4,
20260518-0526_全查,1-paoren,021WF01953_315_770549_260519141649_00_00_7904.mp4,
20260518-0526_全查,1-paoren,021WG04682_18_1960219_260520073420_00_00_5356.mp4,
20260518-0526_全查,1-paoren,021WG061140_19_2427299_260521060919_00_00_2114.mp4,
20260518-0526_全查,1-paoren,021WG06246_90_268399_260521024813_00_00_8078.mp4,
20260518-0526_全查,1-paoren,021WG06816_63_848479_260522053914_00_00_8616.mp4,
20260518-0526_全查,1-paoren,021WJ011164_13_2378799_260518181827_00_00_5366.mp4,
20260518-0526_全查,1-paoren,021WJ011264_01_957099_260523130342_00_00_7098.mp4,
20260518-0526_全查,1-paoren,021WJ02300_64_4214229_260523103310_00_00_3261.mp4,
20260518-0526_全查,1-paoren,021WJ02346_117_2537669_260520042203_00_00_7927.mp4,
20260518-0526_全查,1-paoren,021WJ02519_45_6128079_260518164007_00_00_9255.mp4,
20260518-0526_全查,1-paoren,021WJ02538_61_8339479_260522215518_00_02_5594.mp4,
20260518-0526_全查,1-paoren,021WJ02538_61_8401129_260523004631_00_02_8057.mp4,
20260518-0526_全查,1-paoren,021WS021221_24_40489_260522154511_00_02_7195.mp4,
20260518-0526_全查,1-paoren,021WS021234_32_132809_260519014016_00_00_4750.mp4,
20260518-0526_全查,1-paoren,021WS021284_08_369829_260521051647_00_00_6844.mp4,
20260518-0526_全查,1-paoren,021WS021294_26_406679_260518194342_00_00_3872.mp4,
20260518-0526_全查,1-paoren,021WS021297_29_213629_260520055604_00_00_1834.mp4,
20260518-0526_全查,1-paoren,021WS021387_81_148129_260520014355_00_00_9787.mp4,
20260518-0526_全查,1-paoren,022W0171_64_11600449_260519164107_00_00_7258.mp4,
20260518-0526_全查,1-paoren,022W0174_54_11801499_260519020915_00_00_1065.mp4,
20260518-0526_全查,1-paoren,022WB02114_411_2302509_260520144614_00_00_5764.mp4,
20260518-0526_全查,1-paoren,022WB021470_451_348209_260520025649_00_00_2754.mp4,
20260518-0526_全查,1-paoren,022WB021477_452_324239_260520015001_00_00_5774.mp4,
20260518-0526_全查,1-paoren,022WB021481_453_33049_260519121958_00_00_8116.mp4,
20260518-0526_全查,1-paoren,022WB021814_477_729819_260522132726_00_00_1393.mp4,
20260518-0526_全查,1-paoren,022WB021816_479_544409_260522045222_00_00_5945.mp4,
20260518-0526_全查,1-paoren,022WB021816_479_604409_260522073903_00_00_3144.mp4,
20260518-0526_全查,1-paoren,022WB02474_464_764749_260522145734_00_00_7074.mp4,
20260518-0526_全查,1-paoren,022WB02487_470_251209_260521144224_00_00_4650.mp4,
20260518-0526_全查,1-paoren,022X03479_81_12188699_260520084528_00_00_7502.mp4,
20260518-0526_全查,1-paoren,023R01417_62_14078169_260519202652_00_00_7232.mp4,
20260518-0526_全查,1-paoren,023R01506_34_14653479_260520224004_00_00_5659.mp4,
20260518-0526_全查,1-paoren,023R01551_241_1398759_260520104334_00_00_4094.mp4,
20260518-0526_全查,1-paoren,023R01575_265_714409_260519030436_00_00_9407.mp4,
20260518-0526_全查,1-paoren,023R01849_187_2896979_260521035156_00_00_7245.mp4,
20260518-0526_全查,1-paoren,023R03127_171_2186309_260521231205_00_00_5899.mp4,
20260518-0526_全查,1-paoren,023R03154_221_1127199_260519221031_00_00_3650.mp4,
20260518-0526_全查,1-paoren,023R03254_204_1358419_260520085241_00_00_4841.mp4,
20260518-0526_全查,1-paoren,023R03254_204_1358609_260520085313_00_00_6931.mp4,
20260518-0526_全查,1-paoren,023R03254_204_1358989_260520085416_00_00_2236.mp4,
20260518-0526_全查,1-paoren,023R03271_48_4171299_260520021841_00_00_2967.mp4,
20260518-0526_全查,1-paoren,023R03271_48_4727919_260521035342_00_00_8272.mp4,
20260518-0526_全查,1-paoren,023VA02249_03_5620219_260520140230_00_00_8262.mp4,
20260518-0526_全查,1-paoren,023VA02275_204_3401019_260519223550_00_02_9417.mp4,
20260518-0526_全查,1-paoren,023VA02352_186_4914449_260519052203_00_00_9480.mp4,
20260518-0526_全查,1-paoren,023W0208_05_1233339_260523035723_00_00_8605.mp4,
20260518-0526_全查,1-paoren,023W021785_1621_515289_260519045730_00_00_9594.mp4,
20260518-0526_全查,1-paoren,023W021810_1669_74469_260520035757_00_00_3005.mp4,
20260518-0526_全查,1-paoren,023W021937_45_49719_260521071322_00_00_7359.mp4,
20260518-0526_全查,1-paoren,023W021937_45_504999_260522041857_00_00_2073.mp4,
20260518-0526_全查,1-paoren,023W02567_12_185529_260521032810_00_00_9372.mp4,
20260518-0526_全查,1-paoren,023W02578_1613_863799_260519211504_00_00_4297.mp4,
20260518-0526_全查,1-paoren,024W03670_21_75219_260518183645_00_00_3339.mp4,
20260518-0526_全查,1-paoren,024W03812_16_180939_260518233536_00_00_5471.mp4,
20260518-0526_全查,1-paoren,025R0120_26_9580739_260521020723_00_00_3241.mp4,
20260518-0526_全查,1-paoren,025R0133_11_10269109_260521174530_00_00_1033.mp4,
20260518-0526_全查,1-paoren,025WA02451_262_4582169_260519191340_00_00_4498.mp4,
20260518-0526_全查,1-paoren,025WA02454_18_514279_260522142908_00_02_4022.mp4,
20260518-0526_全查,1-paoren,025WA041060_302_3551849_260519045755_00_00_7404.mp4,
20260518-0526_全查,1-paoren,025WA041189_221_2799629_260519233605_00_00_7150.mp4,
20260518-0526_全查,1-paoren,025WA041201_220_3182249_260519060533_00_00_9940.mp4,
20260518-0526_全查,1-paoren,025WA04174_350_1804499_260519193410_00_00_6528.mp4,
20260518-0526_全查,1-paoren,025WA04176_269_5133999_260521045430_00_00_9874.mp4,
20260518-0526_全查,1-paoren,025WA04182_36_204399_260522010300_00_00_4841.mp4,
20260518-0526_全查,1-paoren,025WA04183_273_6553989_260520184656_00_00_8123.mp4,
20260518-0526_全查,1-paoren,025WA04185_275_4401079_260519190108_00_02_5461.mp4,
20260518-0526_全查,1-paoren,025WA04302_14_10509_260521140939_00_00_4179.mp4,
20260518-0526_全查,1-paoren,025WA0433_394_13449_260520041241_00_00_7077.mp4,
20260518-0526_全查,1-paoren,025WA04469_360_656879_260518235157_00_00_5664.mp4,
20260518-0526_全查,1-paoren,025WA0468_368_1210039_260520013042_00_00_2746.mp4,
20260518-0526_全查,1-paoren,025WA04698_404_170199_260521045721_00_00_2229.mp4,
20260518-0526_全查,1-paoren,025WA04800_93_66439_260521183537_00_00_2018.mp4,
20260518-0526_全查,1-paoren,025WA05105_351_2211419_260520054316_00_00_9700.mp4,
20260518-0526_全查,1-paoren,025WA05110_298_4011219_260521055324_00_00_3223.mp4,
20260518-0526_全查,1-paoren,025WA05123_302_3630019_260520053548_00_00_5961.mp4,
20260518-0526_全查,1-paoren,025WA0529_35_695389_260522234640_00_02_3035.mp4,
20260518-0526_全查,1-paoren,025WD011000_72_2245679_260524121756_00_00_3885.mp4,
20260518-0526_全查,1-paoren,025WD011054_82_601059_260521081117_00_00_7608.mp4,
20260518-0526_全查,1-paoren,025WD011056_97_222019_260520143839_00_00_1369.mp4,
20260518-0526_全查,1-paoren,025WD011062_88_1091979_260522065505_00_00_5876.mp4,
20260518-0526_全查,1-paoren,025WD011101_04_1627499_260523074524_00_00_7273.mp4,
20260518-0526_全查,1-paoren,025WD011125_59_1455359_260523045442_00_00_3295.mp4,
20260518-0526_全查,1-paoren,025WD011125_59_1515179_260523074053_00_00_2393.mp4,
20260518-0526_全查,1-paoren,025WD011158_41_234829_260520151316_00_00_2141.mp4,
20260518-0526_全查,1-paoren,025WD01126_07_211539_260521024059_00_00_3050.mp4,
20260518-0526_全查,1-paoren,025WD01400_57_649409_260522113904_00_02_5671.mp4,
20260518-0526_全查,1-paoren,025WD0174_67_31799_260523081038_00_00_1700.mp4,
20260518-0526_全查,1-paoren,025WD01778_36_250359_260520152756_00_00_4586.mp4,
20260518-0526_全查,1-paoren,025WD01918_90_1932099_260519124124_00_02_2276.mp4,
20260518-0526_全查,1-paoren,025WD01975_38_1306609_260523000206_00_00_3783.mp4,
20260518-0526_全查,1-paoren,027R0234_11_6575639_260520000942_00_00_6037.mp4,
20260518-0526_全查,1-paoren,027W021723_05_229679_260519220947_00_02_7478.mp4,
20260518-0526_全查,1-paoren,027W021729_33_10429_260519034315_00_02_3375.mp4,
20260518-0526_全查,1-paoren,027W021729_33_6069_260519033137_00_02_4411.mp4,
20260518-0526_全查,1-paoren,027W021733_122_286309_260520001440_00_00_5581.mp4,
20260518-0526_全查,1-paoren,027W021734_123_617329_260520145737_00_02_4622.mp4,
20260518-0526_全查,1-paoren,027W021734_66_247649_260521124715_00_02_3739.mp4,
20260518-0526_全查,1-paoren,027W02196_101_471369_260522011552_00_00_3529.mp4,
20260518-0526_全查,1-paoren,027WA011620_118_187789_260520110756_00_00_5763.mp4,
20260518-0526_全查,1-paoren,027WA011779_113_791549_260521150645_00_02_9860.mp4,
20260518-0526_全查,1-paoren,027WA012435_83_25529_260519185500_00_00_7043.mp4,
20260518-0526_全查,1-paoren,027WA012444_21_1360079_260522081148_00_00_7866.mp4,
20260518-0526_全查,1-paoren,027WA012453_22_68899_260519202007_00_00_4362.mp4,
20260518-0526_全查,1-paoren,027WA012507_189_133589_260521125424_00_00_6643.mp4,
20260518-0526_全查,1-paoren,027WA012528_208_743509_260522170938_00_00_7255.mp4,
20260518-0526_全查,1-paoren,027WA01689_75_192819_260520014309_00_00_1130.mp4,
20260518-0526_全查,1-paoren,027WA01703_11_479579_260520151851_00_00_5742.mp4,
20260518-0526_全查,1-paoren,027WA01745_65_92759_260519212717_00_00_3351.mp4,
20260518-0526_全查,1-paoren,028R0198_38_4595609_260518213655_00_00_4788.mp4,
20260518-0526_全查,1-paoren,028W0401_35_2116109_260523080738_00_00_7128.mp4,
20260518-0526_全查,1-paoren,028W061221_01_60889_260519055055_00_00_7920.mp4,
20260518-0526_全查,1-paoren,028W061308_27_3623579_260519055318_00_00_8291.mp4,
20260518-0526_全查,1-paoren,028W061319_10_558789_260520080112_00_02_5440.mp4,
20260518-0526_全查,1-paoren,028W061321_12_1610029_260522084128_00_00_8517.mp4,
20260518-0526_全查,1-paoren,028W061329_18_209559_260519155113_00_00_7709.mp4,
20260518-0526_全查,1-paoren,028W06178_71_3462849_260518223710_00_00_4028.mp4,
20260518-0526_全查,1-paoren,028W062116_07_3482609_260518232703_00_00_6069.mp4,
20260518-0526_全查,1-paoren,028W062179_44_954709_260521031752_00_00_7389.mp4,
20260518-0526_全查,1-paoren,028W062181_38_1289209_260521184655_00_00_9293.mp4,
20260518-0526_全查,1-paoren,028W062259_23_1575779_260522071104_00_00_4918.mp4,
20260518-0526_全查,1-paoren,028W062344_11_1229819_260521150845_00_00_9117.mp4,
20260518-0526_全查,1-paoren,028W062433_28_378089_260519233930_00_00_8691.mp4,
20260518-0526_全查,1-paoren,028W06272_05_149109_260523052702_00_00_1834.mp4,
20260518-0526_全查,1-paoren,028W06273_06_52469_260521184744_00_00_6829.mp4,
20260518-0526_全查,1-paoren,028W06273_06_52519_260521184752_00_00_9883.mp4,
20260518-0526_全查,1-paoren,028W06273_06_52579_260521184802_00_00_9735.mp4,
20260518-0526_全查,1-paoren,028W06273_06_52609_260521184808_00_00_6261.mp4,
20260518-0526_全查,1-paoren,028W06330_141_181859_260518230334_00_00_4851.mp4,
20260518-0526_全查,1-paoren,028W06422_92_26299_260521002359_00_02_2711.mp4,
20260518-0526_全查,1-paoren,028W06428_138_291829_260519040843_00_00_6579.mp4,
20260518-0526_全查,1-paoren,028W06663_52_25989_260520212230_00_00_8696.mp4,
20260518-0526_全查,1-paoren,028W06663_52_26019_260520212234_00_00_4136.mp4,
20260518-0526_全查,1-paoren,028W0669_118_301229_260519043224_00_00_2494.mp4,
20260518-0526_全查,1-paoren,028W06733_68_11819_260521014944_00_00_9260.mp4,
20260518-0526_全查,1-paoren,028W0673_27_24509_260520212332_00_00_4166.mp4,
20260518-0526_全查,1-paoren,028W06740_40_544619_260520072219_00_00_2303.mp4,
20260518-0526_全查,1-paoren,028W06814_10_1523499_260522044604_00_00_9278.mp4,
20260518-0526_全查,1-paoren,028W06955_42_28419_260520153257_00_00_6388.mp4,
20260518-0526_全查,1-paoren,028W0697_70_460069_260520023143_00_02_1811.mp4,
20260518-0526_全查,1-paoren,028WA011561_27_78539_260520041200_00_00_8745.mp4,
20260518-0526_全查,1-paoren,028WA011581_86_43419_260521180929_00_00_7359.mp4,
20260518-0526_全查,1-paoren,028WA011680_395_5533369_260520205917_00_02_8750.mp4,
20260518-0526_全查,1-paoren,028WA01683_94_108499_260520204902_00_00_7494.mp4,
20260518-0526_全查,1-paoren,029WE0331_48_329019_260518233958_00_00_9289.mp4,
20260518-0526_全查,1-paoren,052W01356_01_500869_260520003837_00_00_8711.mp4,
20260518-0526_全查,1-paoren,052W01363_08_764989_260520134845_00_00_6076.mp4,
20260518-0526_全查,1-paoren,088VA0248_30_97659_260519234636_00_00_1780.mp4,
20260518-0526_全查,1-paoren,25710104581314015472_320_8809_260519171547_00_00_5521.mp4,
20260518-0526_全查,1-paoren,25710104581314015472_68_3249_260520170205_00_00_2748.mp4,
20260518-0526_全查,1-paoren,25710104581314015481_2114_269_260520170005_00_00_9278.mp4,
20260518-0526_全查,1-paoren,25710104581314015481_2161_2759_260520172146_00_00_6579.mp4,
20260518-0526_全查,1-paoren,25710104581314015481_245_2809_260520171148_00_00_1867.mp4,
20260518-0526_全查,1-paoren,25710104581314015481_245_709_260520171024_00_00_5413.mp4,
20260518-0526_全查,1-paoren,25710104581314015481_245_8129_260520171521_00_00_6217.mp4,
20260518-0526_全查,1-paoren,25710104581314015481_52_12319_260518171808_00_00_6688.mp4,
20260518-0526_全查,1-paoren,25710104581314031445_2247_969_260520170236_00_00_6556.mp4,
20260518-0526_全查,1-paoren,25710104581314031527_69_759_260520170202_00_00_4585.mp4,
20260518-0526_全查,1-paoren,25710104581314031527_69_99_260520170012_00_00_2761.mp4,
20260518-0526_全查,1-paoren,25710114581314019593_288_1239_260518070322_00_00_1465.mp4,
20260518-0526_全查,1-paoren,310VA02555_25_2621769_260518221822_00_00_6774.mp4,
20260518-0526_全查,1-paoren,310VA02810_166_14248829_260520053505_00_00_6258.mp4,
20260518-0526_全查,1-paoren,311W0137_64_1131859_260520140039_00_00_4711.mp4,
20260518-0526_全查,1-paoren,311W0138_65_34629_260518110922_00_00_1691.mp4,
20260518-0526_全查,1-paoren,311W0148_74_1129999_260520135540_00_00_6989.mp4,
20260518-0526_全查,1-paoren,311W03110_120_141559_260520043718_00_00_6068.mp4,
20260518-0526_全查,1-paoren,311W03128_128_565599_260522044327_00_02_9040.mp4,
20260518-0526_全查,1-paoren,311W03186_61_518149_260520020617_00_00_7398.mp4,
20260518-0526_全查,1-paoren,311W03341_113_226619_260519133536_00_00_7973.mp4,
20260518-0526_全查,1-paoren,311W03341_113_426389_260519225031_00_00_8838.mp4,
20260518-0526_全查,1-paoren,311W03343_114_2989_260519031426_00_00_8887.mp4,
20260518-0526_全查,1-paoren,311W03419_01_669_260518093230_00_02_1391.mp4,
20260518-0526_全查,1-paoren,311W03420_21_26419_260518104558_00_00_9023.mp4,
20260518-0526_全查,1-paoren,311W03434_29_721799_260520050854_00_02_3157.mp4,
20260518-0526_全查,1-paoren,311W0362_12_420879_260519050100_00_00_3839.mp4,
20260518-0526_全查,1-paoren,311WA01372_202_1631469_260519021505_00_00_9688.mp4,
20260518-0526_全查,1-paoren,311WB0113_208_3333299_260519012802_00_02_5719.mp4,
20260518-0526_全查,1-paoren,311WB01140_257_3299059_260518175121_00_02_7865.mp4,
20260518-0526_全查,1-paoren,311WB02295_220_3836169_260519174248_00_00_6622.mp4,
20260518-0526_全查,1-paoren,311WB03170_281_2368509_260519171205_00_00_5565.mp4,
20260518-0526_全查,1-paoren,311WB03170_281_3672289_260522053135_00_00_7383.mp4,
20260518-0526_全查,1-paoren,311WB03229_276_3845629_260522133212_00_02_2784.mp4,
20260518-0526_全查,1-paoren,311WB03659_286_3113009_260521033829_00_00_6878.mp4,
20260518-0526_全查,1-paoren,311WB03695_307_1597039_260519030746_00_00_4613.mp4,
20260518-0526_全查,1-paoren,312W01512_112_143779_260519135506_00_00_1436.mp4,
20260518-0526_全查,1-paoren,312W01572_357_5569739_260518230430_00_00_8067.mp4,
20260518-0526_全查,1-paoren,312W01721_520_930089_260521003002_00_00_8478.mp4,
20260518-0526_全查,1-paoren,313VA02300_62_109069_260520053607_00_00_4768.mp4,
20260518-0526_全查,1-paoren,313VA02300_62_109419_260520053706_00_00_9704.mp4,
20260518-0526_全查,1-paoren,313VA02300_62_263419_260520124437_00_02_8424.mp4,
20260518-0526_全查,1-paoren,313VA02300_62_404489_260520191615_00_00_3543.mp4,
20260518-0526_全查,1-paoren,313VA02300_62_404659_260520191644_00_00_1165.mp4,
20260518-0526_全查,1-paoren,313VA02427_15_5885539_260518133024_00_00_5936.mp4,
20260518-0526_全查,1-paoren,314VA02111_06_4251899_260520072133_00_00_5411.mp4,
20260518-0526_全查,1-paoren,314VA02145_52_3610699_260519092942_00_00_4185.mp4,
20260518-0526_全查,1-paoren,314VA02151_26_4305329_260520094256_00_00_5569.mp4,
20260518-0526_全查,1-paoren,314VA02202_62_3839049_260519200347_00_00_6809.mp4,
20260518-0526_全查,1-paoren,314VA02235_58_3685859_260519061141_00_00_4660.mp4,
20260518-0526_全查,1-paoren,314VA02239_17_4210259_260520052847_00_00_5441.mp4,
20260518-0526_全查,1-paoren,314VA02263_19_4055309_260520060142_00_00_5347.mp4,
20260518-0526_全查,1-paoren,314VA0228_04_3480409_260519032559_00_02_5682.mp4,
20260518-0526_全查,1-paoren,315W03235_85_71019_260519011746_00_00_2423.mp4,
20260518-0526_全查,1-paoren,316W021241_43_97769_260518210322_00_02_9019.mp4,
20260518-0526_全查,1-paoren,316WH02247_14_14729289_260522032837_00_00_3306.mp4,
20260518-0526_全查,1-paoren,316WH02248_21_14729419_260522032841_00_00_1574.mp4,
20260518-0526_全查,1-paoren,318VA04178_20_314989_260520183021_00_00_3967.mp4,
20260518-0526_全查,1-paoren,318VA04289_48_21299_260520045320_00_00_8995.mp4,
20260518-0526_全查,1-paoren,318VA04360_56_9009_260520043459_00_02_9678.mp4,
20260518-0526_全查,1-paoren,335VA01124_110_1156689_260522052658_00_02_6758.mp4,
20260518-0526_全查,1-paoren,335VA02165_07_5729_260518165004_00_00_8026.mp4,
20260518-0526_全查,1-paoren,335VA02192_93_164149_260520045429_00_00_1963.mp4,
20260518-0526_全查,1-paoren,335VA02194_55_60649_260519094852_00_00_1961.mp4,
20260518-0526_全查,1-paoren,335VA0219_62_166469_260520045900_00_00_3278.mp4,
20260518-0526_全查,1-paoren,335VA0231_67_166189_260520045814_00_00_5805.mp4,
20260518-0526_全查,1-paoren,351WA01100_199_358449_260520074855_00_02_1376.mp4,
20260518-0526_全查,1-paoren,351WA01101_184_120909_260520204205_00_00_6086.mp4,
20260518-0526_全查,1-paoren,351WA011036_77_328609_260520140452_00_00_7476.mp4,
20260518-0526_全查,1-paoren,351WA011039_80_254389_260520085523_00_00_3551.mp4,
20260518-0526_全查,1-paoren,351WA011060_86_114579_260519231440_00_00_8068.mp4,
20260518-0526_全查,1-paoren,351WA011064_151_662909_260522131110_00_00_9197.mp4,
20260518-0526_全查,1-paoren,351WA011066_92_92249_260519214141_00_00_9446.mp4,
20260518-0526_全查,1-paoren,351WA011073_159_652179_260522122640_00_00_4876.mp4,
20260518-0526_全查,1-paoren,351WA011246_574_384519_260524172326_00_00_9141.mp4,
20260518-0526_全查,1-paoren,351WA01134_130_495339_260520141059_00_00_7824.mp4,
20260518-0526_全查,1-paoren,351WA01299_06_236269_260519103008_00_00_3067.mp4,
20260518-0526_全查,1-paoren,351WA01366_227_566019_260522062534_00_00_1281.mp4,
20260518-0526_全查,1-paoren,351WA0141_209_118599_260520203338_00_00_4628.mp4,
20260518-0526_全查,1-paoren,351WA01435_247_33699_260520172702_00_00_3684.mp4,
20260518-0526_全查,1-paoren,351WA01497_292_75299_260520202348_00_00_4683.mp4,
20260518-0526_全查,1-paoren,351WA0149_217_972289_260522120637_00_00_7437.mp4,
20260518-0526_全查,1-paoren,351WA01535_146_142009_260520010543_00_00_8846.mp4,
20260518-0526_全查,1-paoren,351WA01535_146_206429_260520053411_00_00_5598.mp4,
20260518-0526_全查,1-paoren,351WA01536_262_441439_260520215703_00_00_7136.mp4,
20260518-0526_全查,1-paoren,351WA01537_147_130159_260520001637_00_00_3391.mp4,
20260518-0526_全查,1-paoren,351WA01619_75_193339_260519082024_00_00_2649.mp4,
20260518-0526_全查,1-paoren,351WA0164_232_1064809_260522162344_00_00_7389.mp4,
20260518-0526_全查,1-paoren,351WA01737_40_132729_260520001609_00_00_9724.mp4,
20260518-0526_全查,1-paoren,351WA01993_99_23459_260519121257_00_00_4579.mp4,
20260518-0526_全查,1-paoren,352VA01470_156_5683659_260521001015_00_00_3621.mp4,
20260518-0526_全查,1-paoren,353VA0227_18_156069_260521105931_00_00_4036.mp4,
20260518-0526_全查,1-paoren,353VA0243_08_196219_260520125028_00_00_5049.mp4,
20260518-0526_全查,1-paoren,357VA01106_71_887269_260522193217_00_00_4545.mp4,
20260518-0526_全查,1-paoren,357VA0178_06_2251149_260522111827_00_00_7123.mp4,
20260518-0526_全查,1-paoren,357VA0178_06_2278439_260522123415_00_00_4177.mp4,
20260518-0526_全查,1-paoren,358VA0119_25_10858399_260520173204_00_00_4081.mp4,
20260518-0526_全查,1-paoren,359W02297_253_300439_260522051424_00_00_3504.mp4,
20260518-0526_全查,1-paoren,359W02300_128_593499_260521033803_00_00_8731.mp4,
20260518-0526_全查,1-paoren,359W02342_137_816049_260521122453_00_00_4726.mp4,
20260518-0526_全查,1-paoren,359W02677_43_459529_260522122326_00_00_6917.mp4,
20260518-0526_全查,1-paoren,370W01197_954_11075149_260521145329_00_00_9371.mp4,
20260518-0526_全查,1-paoren,370W01197_954_11075669_260521145452_00_00_9066.mp4,
20260518-0526_全查,1-paoren,370W01197_954_11075719_260521145501_00_00_1044.mp4,
20260518-0526_全查,1-paoren,370W01197_954_11075769_260521145508_00_00_2272.mp4,
20260518-0526_全查,1-paoren,370W01197_954_11527389_260522105915_00_00_9949.mp4,
20260518-0526_全查,1-paoren,370W01198_950_11096899_260521155146_00_00_6818.mp4,
20260518-0526_全查,1-paoren,370W01232_974_2834749_260521091631_00_00_6647.mp4,
20260518-0526_全查,1-paoren,370W01232_974_2839339_260521092845_00_00_3264.mp4,
20260518-0526_全查,1-paoren,370W01232_974_2960439_260521145142_00_00_6205.mp4,
20260518-0526_全查,1-paoren,370W01232_974_2960489_260521145150_00_00_6534.mp4,
20260518-0526_全查,1-paoren,370W01232_974_2960559_260521145204_00_00_8951.mp4,
20260518-0526_全查,1-paoren,370W01232_974_2960899_260521145255_00_02_5124.mp4,
20260518-0526_全查,1-paoren,370W01232_974_2961159_260521145337_00_00_8404.mp4,
20260518-0526_全查,1-paoren,370W01232_974_2961219_260521145347_00_00_3193.mp4,
20260518-0526_全查,1-paoren,370W01232_974_2961329_260521145404_00_00_4901.mp4,
20260518-0526_全查,1-paoren,370W01232_974_2961469_260521145427_00_00_9701.mp4,
20260518-0526_全查,1-paoren,370W01232_974_2961889_260521145534_00_00_4392.mp4,
20260518-0526_全查,1-paoren,370W01232_974_2999939_260521163702_00_02_2662.mp4,
20260518-0526_全查,1-paoren,370W01256_835_15255129_260523044219_00_00_8641.mp4,
20260518-0526_全查,1-paoren,370W01269_957_11074779_260521145326_00_00_9227.mp4,
20260518-0526_全查,1-paoren,370W01269_957_11075479_260521145518_00_00_9166.mp4,
20260518-0526_全查,1-paoren,370W01269_957_11075519_260521145524_00_00_3302.mp4,
20260518-0526_全查,1-paoren,370W01269_957_11075619_260521145540_00_00_4335.mp4,
20260518-0526_全查,1-paoren,371R03326_36_1617579_260523013824_00_00_1850.mp4,
20260518-0526_全查,1-paoren,371WB011013_20_2734129_260520013346_00_00_2815.mp4,
20260518-0526_全查,1-paoren,371WB011156_241_725229_260518104952_00_02_6346.mp4,
20260518-0526_全查,1-paoren,371WB011360_297_402669_260520112551_00_02_9140.mp4,
20260518-0526_全查,1-paoren,371WB011374_292_290199_260520054224_00_00_1577.mp4,
20260518-0526_全查,1-paoren,371WB011836_293_833319_260521055021_00_00_7070.mp4,
20260518-0526_全查,1-paoren,371WD01478_258_4432829_260519231555_00_02_5728.mp4,
20260518-0526_全查,1-paoren,372VA01104_153_565689_260520063508_00_00_8580.mp4,
20260518-0526_全查,1-paoren,372VA01110_119_23189_260519062734_00_00_6452.mp4,
20260518-0526_全查,1-paoren,372VA01124_120_559019_260520061644_00_02_7978.mp4,
20260518-0526_全查,1-paoren,372VA02109_27_251809_260519034731_00_00_9759.mp4,
20260518-0526_全查,1-paoren,372VA02163_173_182569_260519133331_00_00_7978.mp4,
20260518-0526_全查,1-paoren,372VA02185_43_75239_260519084718_00_00_8409.mp4,
20260518-0526_全查,1-paoren,372VA02224_72_31409_260518174256_00_00_1276.mp4,
20260518-0526_全查,1-paoren,372VA02224_72_31469_260518174306_00_00_9980.mp4,
20260518-0526_全查,1-paoren,372VA02224_72_32059_260518174444_00_00_6498.mp4,
20260518-0526_全查,1-paoren,372VA02224_72_32269_260518174519_00_00_1438.mp4,
20260518-0526_全查,1-paoren,372VA02224_72_43229_260518181546_00_00_7480.mp4,
20260518-0526_全查,1-paoren,372VA02224_72_44209_260518181829_00_00_8785.mp4,
20260518-0526_全查,1-paoren,372VA02224_72_44409_260518181903_00_00_2910.mp4,
20260518-0526_全查,1-paoren,372VA02224_72_44589_260518181933_00_00_5055.mp4,
20260518-0526_全查,1-paoren,372VA02225_73_43129_260518181530_00_00_5233.mp4,
20260518-0526_全查,1-paoren,372VA0237_07_54589_260518183105_00_00_5302.mp4,
20260518-0526_全查,1-paoren,372VA0237_07_56009_260518183453_00_00_3735.mp4,
20260518-0526_全查,1-paoren,372VA0241_168_533269_260520050857_00_00_7249.mp4,
20260518-0526_全查,1-paoren,372VA0241_91_10489_260520135136_00_00_5725.mp4,
20260518-0526_全查,1-paoren,375VA0217_09_249369_260519164310_00_00_9941.mp4,
20260518-0526_全查,1-paoren,375VA02228_558_702129_260518142954_00_00_2497.mp4,
20260518-0526_全查,1-paoren,379W02345_87_178739_260519023711_00_00_2928.mp4,
20260518-0526_全查,1-paoren,393VA0225_98_1038129_260521050941_00_00_7707.mp4,
20260518-0526_全查,1-paoren,394VA0272_47_95829_260521091647_00_00_7852.mp4,
20260518-0526_全查,1-paoren,394VA0280_61_308129_260518191338_00_00_5426.mp4,
20260518-0526_全查,1-paoren,395W02342_196_5020279_260518194729_00_00_5396.mp4,
20260518-0526_全查,1-paoren,396VA02171_52_861009_260519212002_00_02_6343.mp4,
20260518-0526_全查,1-paoren,396VA02231_58_176739_260518133921_00_00_4967.mp4,
20260518-0526_全查,1-paoren,411W05127_79_217929_260520111054_00_00_1852.mp4,
20260518-0526_全查,1-paoren,411W05194_278_59389_260521083202_00_00_1289.mp4,
20260518-0526_全查,1-paoren,411W05209_280_109689_260521105313_00_00_4425.mp4,
20260518-0526_全查,1-paoren,411W05222_63_102129_260521155016_00_00_6947.mp4,
20260518-0526_全查,1-paoren,411W05281_38_265339_260520132150_00_00_9364.mp4,
20260518-0526_全查,1-paoren,411W05286_147_218789_260521022421_00_00_2785.mp4,
20260518-0526_全查,1-paoren,411W05286_147_287439_260521053455_00_00_8559.mp4,
20260518-0526_全查,1-paoren,411W05313_61_268349_260520133030_00_00_6489.mp4,
20260518-0526_全查,1-paoren,411W05358_86_58059_260521140000_00_00_9350.mp4,
20260518-0526_全查,1-paoren,411W05358_86_612389_260522153948_00_00_6123.mp4,
20260518-0526_全查,1-paoren,411W05374_76_90109_260520201709_00_00_4146.mp4,
20260518-0526_全查,1-paoren,411W05387_30_281639_260521052951_00_00_1738.mp4,
20260518-0526_全查,1-paoren,411W05403_29_99689_260520054314_00_00_2872.mp4,
20260518-0526_全查,1-paoren,411W05404_30_24839_260520021022_00_00_2840.mp4,
20260518-0526_全查,1-paoren,411W05410_228_83629_260521094010_00_00_7836.mp4,
20260518-0526_全查,1-paoren,411W05453_278_90349_260520051246_00_00_3200.mp4,
20260518-0526_全查,1-paoren,411W05465_02_91809_260520050716_00_00_9589.mp4,
20260518-0526_全查,1-paoren,411W05468_03_286619_260520142027_00_00_9284.mp4,
20260518-0526_全查,1-paoren,411W05479_07_157049_260520081927_00_00_5480.mp4,
20260518-0526_全查,1-paoren,411W05526_27_283289_260521054055_00_00_2579.mp4,
20260518-0526_全查,1-paoren,411W05550_87_609_260521112243_00_00_9992.mp4,
20260518-0526_全查,1-paoren,411W05596_13_173819_260521002852_00_00_2965.mp4,
20260518-0526_全查,1-paoren,411W05596_99_38299_260520025053_00_00_8129.mp4,
20260518-0526_全查,1-paoren,411W05604_05_90979_260520051732_00_00_5761.mp4,
20260518-0526_全查,1-paoren,411W05727_107_201189_260521020022_00_00_1050.mp4,
20260518-0526_全查,1-paoren,411W05727_107_201439_260521020104_00_02_2505.mp4,
20260518-0526_全查,1-paoren,411W05741_174_61229_260520192604_00_02_7848.mp4,
20260518-0526_全查,1-paoren,412VB0209_33_468639_260519023857_00_02_9954.mp4,
20260518-0526_全查,1-paoren,414VA02118_12_14314699_260520081739_00_00_6563.mp4,
20260518-0526_全查,1-paoren,414VA0240_05_13683919_260520044007_00_02_4171.mp4,
20260518-0526_全查,1-paoren,416W03245_62_466419_260520010642_00_00_5151.mp4,
20260518-0526_全查,1-paoren,416W0657_30_342629_260519192426_00_02_3414.mp4,
20260518-0526_全查,1-paoren,417VA02147_296_215569_260519141232_00_00_5848.mp4,
20260518-0526_全查,1-paoren,417VA02149_298_204969_260519134418_00_00_5907.mp4,
20260518-0526_全查,1-paoren,417VA0289_236_4192179_260518225436_00_00_7547.mp4,
20260518-0526_全查,1-paoren,419VA0239_11_193079_260519123848_00_00_6944.mp4,
20260518-0526_全查,1-paoren,421VA0277_08_2954599_260520151534_00_00_2466.mp4,
20260518-0526_全查,1-paoren,421VA0277_08_3051569_260520193410_00_02_4304.mp4,
20260518-0526_全查,1-paoren,427VA0194_22_1767419_260520124045_00_00_5062.mp4,
20260518-0526_全查,1-paoren,427VA0204_34_814519_260518163443_00_00_3603.mp4,
20260518-0526_全查,1-paoren,431W011362_60_368359_260518215836_00_00_1238.mp4,
20260518-0526_全查,1-paoren,431W01629_43_227709_260522153321_00_00_7084.mp4,
20260518-0526_全查,1-paoren,431W01837_147_317059_260522043447_00_00_2496.mp4,
20260518-0526_全查,1-paoren,431WA01346_273_12578479_260520190157_00_00_2705.mp4,
20260518-0526_全查,1-paoren,431WA0162_423_318049_260522004327_00_00_7762.mp4,
20260518-0526_全查,1-paoren,451WD01108_160_13069679_260521155345_00_00_4769.mp4,
20260518-0526_全查,1-paoren,451WD0117_345_723039_260520024325_00_00_8976.mp4,
20260518-0526_全查,1-paoren,452VA01138_29_124639_260520091712_00_00_4414.mp4,
20260518-0526_全查,1-paoren,453VA02260_14_2008009_260520013334_00_00_3979.mp4,
20260518-0526_全查,1-paoren,454VA0203_34_336069_260519190229_00_00_7640.mp4,
20260518-0526_全查,1-paoren,454VA0239_79_1967129_260518191542_00_00_6103.mp4,
20260518-0526_全查,1-paoren,454VA0243_01_377309_260519205145_00_02_9468.mp4,
20260518-0526_全查,1-paoren,455VA0206_26_14698729_260522023245_00_00_4501.mp4,
20260518-0526_全查,1-paoren,455VA0206_26_14924949_260522130109_00_00_7741.mp4,
20260518-0526_全查,1-paoren,456VA0213_01_406229_260521214754_00_00_9283.mp4,
20260518-0526_全查,1-paoren,456VA0260_18_412899_260520220801_00_00_4837.mp4,
20260518-0526_全查,1-paoren,459VA02192_03_14943849_260522131634_00_00_6696.mp4,
20260518-0526_全查,1-paoren,459VA02193_04_12785929_260518092150_00_00_8929.mp4,
20260518-0526_全查,1-paoren,459VA02213_09_12795549_260518094935_00_00_9192.mp4,
20260518-0526_全查,1-paoren,459VA02220_15_14937409_260522130532_00_00_8239.mp4,
20260518-0526_全查,1-paoren,469VA0170_33_5924019_260519130903_00_00_1858.mp4,
20260518-0526_全查,1-paoren,469VA0195_24_7530299_260522153106_00_02_9429.mp4,
20260518-0526_全查,1-paoren,469VA0207_09_7333449_260522063649_00_00_8112.mp4,
20260518-0526_全查,1-paoren,470VA0414_1641_70199_260521103854_00_00_7994.mp4,
20260518-0526_全查,1-paoren,471R01176_177_7875229_260523074918_00_00_8383.mp4,
20260518-0526_全查,1-paoren,471W01203_312_1829879_260521163927_00_00_1485.mp4,
20260518-0526_全查,1-paoren,471W03196_345_837959_260522012256_00_00_8232.mp4,
20260518-0526_全查,1-paoren,471W03246_346_133469_260520202040_00_00_2688.mp4,
20260518-0526_全查,1-paoren,471W03380_794_4782489_260521091343_00_00_3746.mp4,
20260518-0526_全查,1-paoren,471W03422_186_4585169_260518224830_00_00_4692.mp4,
20260518-0526_全查,1-paoren,471W0394_298_4564299_260518225706_00_00_7288.mp4,
20260518-0526_全查,1-paoren,472W06313_561_2649919_260521143948_00_00_7860.mp4,
20260518-0526_全查,1-paoren,473VA01103_02_7770209_260523032637_00_00_9634.mp4,
20260518-0526_全查,1-paoren,474VA0311_35_4782719_260519015645_00_00_2454.mp4,
20260518-0526_全查,1-paoren,474VA0331_39_6446739_260522034834_00_00_3608.mp4,
20260518-0526_全查,1-paoren,474VA0360_20_6711239_260522205327_00_00_5763.mp4,
20260518-0526_全查,1-paoren,474VA0371_29_5653469_260519030252_00_00_8240.mp4,
20260518-0526_全查,1-paoren,474VA0371_29_8141049_260523030746_00_00_4339.mp4,
20260518-0526_全查,1-paoren,474VA0371_29_8163989_260523040856_00_00_5342.mp4,
20260518-0526_全查,1-paoren,477VA03145_22_11106119_260520225206_00_00_4404.mp4,
20260518-0526_全查,1-paoren,477VA0330_35_14293099_260520060731_00_02_1246.mp4,
20260518-0526_全查,1-paoren,477VA0356_36_11525859_260521184209_00_02_6533.mp4,
20260518-0526_全查,1-paoren,478VA0204_07_93669_260520082330_00_00_2164.mp4,
20260518-0526_全查,1-paoren,479VA0297_03_151699_260521030030_00_00_9737.mp4,
20260518-0526_全查,1-paoren,510R03201_06_1885669_260522092834_00_00_2928.mp4,
20260518-0526_全查,1-paoren,510WF0101_261_1886199_260519223455_00_00_8716.mp4,
20260518-0526_全查,1-paoren,510WF0101_261_1886229_260519223500_00_00_2223.mp4,
20260518-0526_全查,1-paoren,510WF0106_262_1439679_260518231317_00_00_1682.mp4,
20260518-0526_全查,1-paoren,510WF0106_262_2494789_260520220753_00_00_5729.mp4,
20260518-0526_全查,1-paoren,510WF0106_262_3361249_260522123938_00_00_2020.mp4,
20260518-0526_全查,1-paoren,510WF011380_315_2098359_260518173722_00_00_1544.mp4,
20260518-0526_全查,1-paoren,510WF01157_284_1663309_260519122511_00_00_3711.mp4,
20260518-0526_全查,1-paoren,510WF01238_239_2550499_260521052710_00_00_4135.mp4,
20260518-0526_全查,1-paoren,510WF01238_239_2550569_260521052722_00_00_4420.mp4,
20260518-0526_全查,1-paoren,510WF01261_244_2424489_260520190049_00_00_5714.mp4,
20260518-0526_全查,1-paoren,510WF01270_248_4077329_260521003606_00_02_5644.mp4,
20260518-0526_全查,1-paoren,510WF01422_273_3265279_260521004027_00_00_5201.mp4,
20260518-0526_全查,1-paoren,510WF01554_361_311489_260521210205_00_00_4493.mp4,
20260518-0526_全查,1-paoren,510WF01580_124_2019249_260520044653_00_00_9445.mp4,
20260518-0526_全查,1-paoren,510WF01600_114_1419689_260518222233_00_00_2198.mp4,
20260518-0526_全查,1-paoren,510WF01698_147_1469309_260521022125_00_00_3591.mp4,
20260518-0526_全查,1-paoren,510WH02690_356_139269_260521093712_00_00_6068.mp4,
20260518-0526_全查,1-paoren,511W02248_49_54079_260519165237_00_02_3080.mp4,
20260518-0526_全查,1-paoren,511W02351_58_512789_260520175317_00_00_7639.mp4,
20260518-0526_全查,1-paoren,511W0245_79_439139_260522115929_00_00_1145.mp4,
20260518-0526_全查,1-paoren,511W0252_83_844789_260523051522_00_00_5423.mp4,
20260518-0526_全查,1-paoren,511W02602_102_158439_260521230051_00_02_3842.mp4,
20260518-0526_全查,1-paoren,511W0290_50_781649_260521054926_00_00_4627.mp4,
20260518-0526_全查,1-paoren,511W04142_11_745069_260522121841_00_00_7922.mp4,
20260518-0526_全查,1-paoren,511W0485_82_153609_260521052626_00_00_4528.mp4,
20260518-0526_全查,1-paoren,512W02362_258_9836209_260523000143_00_02_1260.mp4,
20260518-0526_全查,1-paoren,512WA0324_111_511879_260520120217_00_00_7368.mp4,
20260518-0526_全查,1-paoren,512WA0358_522_224729_260518160750_00_02_3721.mp4,
20260518-0526_全查,1-paoren,512WA0363_523_1159719_260520094000_00_00_2989.mp4,
20260518-0526_全查,1-paoren,512WA04298_48_213119_260518202526_00_00_5451.mp4,
20260518-0526_全查,1-paoren,512WA04298_48_52589_260518131720_00_00_8393.mp4,
20260518-0526_全查,1-paoren,512WA04425_102_890489_260521072838_00_00_8727.mp4,
20260518-0526_全查,1-paoren,512WA04482_21_1032579_260520061908_00_00_3239.mp4,
20260518-0526_全查,1-paoren,512WA04596_47_2911469_260523202126_00_00_4508.mp4,
20260518-0526_全查,1-paoren,512WA04742_71_2029679_260522141934_00_00_3652.mp4,
20260518-0526_全查,1-paoren,512WA05120_53_376239_260519000226_00_00_7074.mp4,
20260518-0526_全查,1-paoren,512WA05126_42_2524609_260523030940_00_00_5514.mp4,
20260518-0526_全查,1-paoren,512WA05204_62_1249959_260520062159_00_00_7544.mp4,
20260518-0526_全查,1-paoren,512WA05204_62_1250799_260520062344_00_00_5187.mp4,
20260518-0526_全查,1-paoren,512WA05338_98_2621679_260523022813_00_02_2545.mp4,
20260518-0526_全查,1-paoren,512WA05393_20_34629_260518123149_00_00_4335.mp4,
20260518-0526_全查,1-paoren,512WA05434_23_72969_260518141406_00_00_2443.mp4,
20260518-0526_全查,1-paoren,512WA05437_26_731659_260519193042_00_00_1073.mp4,
20260518-0526_全查,1-paoren,512WA05483_57_2821149_260522125241_00_00_4083.mp4,
20260518-0526_全查,1-paoren,512WA05492_31_1247409_260520061551_00_02_5073.mp4,
20260518-0526_全查,1-paoren,512WA05583_48_2003489_260520184219_00_00_6098.mp4,
20260518-0526_全查,1-paoren,512WA05618_54_244819_260519042436_00_00_4662.mp4,
20260518-0526_全查,1-paoren,512WA05630_60_391129_260519083007_00_00_8087.mp4,
20260518-0526_全查,1-paoren,512WA05695_61_113279_260519004439_00_00_3707.mp4,
20260518-0526_全查,1-paoren,512WA0569_42_505519_260519092633_00_00_2888.mp4,
20260518-0526_全查,1-paoren,512WA0569_42_955379_260520052621_00_00_4422.mp4,
20260518-0526_全查,1-paoren,512WA05923_73_594669_260519134723_00_00_4807.mp4,
20260518-0526_全查,1-paoren,512WE0124_45_382839_260520183603_00_00_4476.mp4,
20260518-0526_全查,1-paoren,512WE0128_49_81479_260520063252_00_00_7384.mp4,
20260518-0526_全查,1-paoren,512WE021141_138_25709_260518152011_00_00_9336.mp4,
20260518-0526_全查,1-paoren,512WE02175_45_1256779_260521151812_00_00_8316.mp4,
20260518-0526_全查,1-paoren,512WE02186_53_1007959_260521034423_00_00_9294.mp4,
20260518-0526_全查,1-paoren,512WE022040_130_794589_260520031302_00_00_2289.mp4,
20260518-0526_全查,1-paoren,512WE022093_149_1478529_260521105504_00_00_4397.mp4,
20260518-0526_全查,1-paoren,512WE022102_156_206239_260519002835_00_00_7078.mp4,
20260518-0526_全查,1-paoren,512WE022215_74_1289349_260521021749_00_00_3401.mp4,
20260518-0526_全查,1-paoren,512WE022291_157_1428089_260521084445_00_00_6426.mp4,
20260518-0526_全查,1-paoren,512WE022565_81_185709_260518233709_00_00_6216.mp4,
20260518-0526_全查,1-paoren,512WE0225_44_1417769_260521050801_00_00_9223.mp4,
20260518-0526_全查,1-paoren,512WE02278_77_205659_260518210148_00_00_9033.mp4,
20260518-0526_全查,1-paoren,512WE02291_88_357509_260520054142_00_00_5007.mp4,
20260518-0526_全查,1-paoren,512WE0288_60_838359_260521040043_00_00_7516.mp4,
20260518-0526_全查,1-paoren,512WE02939_95_482259_260519122512_00_00_1325.mp4,
20260518-0526_全查,1-paoren,512WE02956_108_792859_260521015256_00_00_3798.mp4,
20260518-0526_全查,1-paoren,512WE02962_113_923849_260521075706_00_00_7350.mp4,
20260518-0526_全查,1-paoren,512WR011043_24_736339_260519133806_00_00_5811.mp4,
20260518-0526_全查,1-paoren,512WR01635_53_196839_260518123811_00_02_3517.mp4,
20260518-0526_全查,1-paoren,512WR02162_70_1052909_260520041953_00_00_4484.mp4,
20260518-0526_全查,1-paoren,512WR02238_92_2679039_260523065937_00_00_3611.mp4,
20260518-0526_全查,1-paoren,512WR02574_90_670189_260519102524_00_00_5075.mp4,
20260518-0526_全查,1-paoren,512WR02760_08_645239_260519070337_00_00_4796.mp4,
20260518-0526_全查,1-paoren,512WR0285_37_1747869_260521122826_00_00_8451.mp4,
20260518-0526_全查,1-paoren,513W011198_44_13618189_260524155134_00_00_1132.mp4,
20260518-0526_全查,1-paoren,513W01281_06_12755399_260521233744_00_00_1729.mp4,
20260518-0526_全查,1-paoren,513W01282_05_10958609_260518154654_00_00_9591.mp4,
20260518-0526_全查,1-paoren,513W01282_05_11818769_260520060051_00_00_8356.mp4,
20260518-0526_全查,1-paoren,513W01478_23_11779789_260520041722_00_00_8725.mp4,
20260518-0526_全查,1-paoren,513W01498_35_11806069_260520052553_00_00_4287.mp4,
20260518-0526_全查,1-paoren,513W01498_35_11806099_260520052558_00_00_5460.mp4,
20260518-0526_全查,1-paoren,513W01521_49_11079149_260518210921_00_02_8273.mp4,
20260518-0526_全查,1-paoren,513W01521_49_11147889_260519001240_00_00_3171.mp4,
20260518-0526_全查,1-paoren,513W01521_49_11821579_260520060859_00_00_2322.mp4,
20260518-0526_全查,1-paoren,513W01528_03_11078499_260518211129_00_00_4302.mp4,
20260518-0526_全查,1-paoren,513W01529_04_11109349_260518223413_00_00_1057.mp4,
20260518-0526_全查,1-paoren,513W01544_28_12741229_260521230247_00_00_5580.mp4,
20260518-0526_全查,1-paoren,513W01565_53_12556959_260521145415_00_00_5563.mp4,
20260518-0526_全查,1-paoren,513W01565_53_12557379_260521145522_00_00_5030.mp4,
20260518-0526_全查,1-paoren,513W01838_97_11669769_260520204053_00_00_7244.mp4,
20260518-0526_全查,1-paoren,513W01844_30_11004489_260518174813_00_00_9754.mp4,
20260518-0526_全查,1-paoren,513W01931_65_11946729_260520114746_00_00_4107.mp4,
20260518-0526_全查,1-paoren,514W01225_53_469799_260523011641_00_00_1126.mp4,
20260518-0526_全查,1-paoren,514W01234_56_174909_260523120824_00_00_3223.mp4,
20260518-0526_全查,1-paoren,514W01234_56_379679_260522211629_00_00_3962.mp4,
20260518-0526_全查,1-paoren,514W01383_70_468909_260523011433_00_00_3260.mp4,
20260518-0526_全查,1-paoren,515VH0191_13_13273889_260519082344_00_02_7329.mp4,
20260518-0526_全查,1-paoren,515W0180_16_295839_260522053616_00_02_4789.mp4,
20260518-0526_全查,1-paoren,515W05277_11_938579_260523112603_00_00_7704.mp4,
20260518-0526_全查,1-paoren,515W05329_80_797579_260523045545_00_00_4618.mp4,
20260518-0526_全查,1-paoren,515W05333_172_1807939_260519145721_00_00_6379.mp4,
20260518-0526_全查,1-paoren,515W05364_52_2109839_260520045733_00_00_3279.mp4,
20260518-0526_全查,1-paoren,516RA01306_160_1715949_260519021248_00_00_2922.mp4,
20260518-0526_全查,1-paoren,516WF01129_37_199389_260521230919_00_00_2745.mp4,
20260518-0526_全查,1-paoren,516WF01129_37_199589_260521230951_00_00_5915.mp4,
20260518-0526_全查,1-paoren,516WF01141_46_413239_260522083943_00_00_1554.mp4,
20260518-0526_全查,1-paoren,516WF01147_52_6859_260521143914_00_00_9122.mp4,
20260518-0526_全查,1-paoren,516WF01147_52_7259_260521144020_00_00_5373.mp4,
20260518-0526_全查,1-paoren,516WF01147_52_7289_260521144025_00_00_3245.mp4,
20260518-0526_全查,1-paoren,516WF01147_52_7319_260521144030_00_00_4649.mp4,
20260518-0526_全查,1-paoren,516WF01161_57_238199_260522012018_00_00_7879.mp4,
20260518-0526_全查,1-paoren,516WF01245_166_38999_260523072133_00_02_3002.mp4,
20260518-0526_全查,1-paoren,516WF02186_959_104569_260519085829_00_00_5719.mp4,
20260518-0526_全查,1-paoren,516WF02222_02_19869_260521052517_00_00_3879.mp4,
20260518-0526_全查,1-paoren,516WF02318_188_395839_260523230742_00_00_3849.mp4,
20260518-0526_全查,1-paoren,516WF02318_57_291159_260522040407_00_00_2885.mp4,
20260518-0526_全查,1-paoren,516WF02360_60_419379_260522094559_00_00_6853.mp4,
20260518-0526_全查,1-paoren,516WF0244_19_646829_260522205635_00_00_4707.mp4,
20260518-0526_全查,1-paoren,516WF02647_97_334249_260522061229_00_00_9145.mp4,
20260518-0526_全查,1-paoren,516WF02728_1025_204619_260523145806_00_00_7525.mp4,
20260518-0526_全查,1-paoren,516WF02728_76_124699_260521205348_00_00_9903.mp4,
20260518-0526_全查,1-paoren,517W031184_17_19605159_260521012343_00_00_3642.mp4,
20260518-0526_全查,1-paoren,517W031242_20_19828909_260523062005_00_00_6588.mp4,
20260518-0526_全查,1-paoren,517W03458_70_19168989_260522044555_00_00_7638.mp4,
20260518-0526_全查,1-paoren,517W03514_115_1779219_260519032207_00_00_1742.mp4,
20260518-0526_全查,1-paoren,517W03569_29_1790299_260519155313_00_02_2230.mp4,
20260518-0526_全查,1-paoren,517W03842_06_20928779_260522232011_00_00_5113.mp4,
20260518-0526_全查,1-paoren,519WA01109_70_114719_260521210325_00_00_5534.mp4,
20260518-0526_全查,1-paoren,519WA011183_85_80439_260521202236_00_00_1331.mp4,
20260518-0526_全查,1-paoren,519WA011265_74_46899_260522070302_00_00_5352.mp4,
20260518-0526_全查,1-paoren,519WA011289_91_488879_260523033152_00_00_5888.mp4,
20260518-0526_全查,1-paoren,519WA011553_05_46039_260523062333_00_00_2269.mp4,
20260518-0526_全查,1-paoren,519WA01163_86_225069_260522021023_00_00_6083.mp4,
20260518-0526_全查,1-paoren,519WA011754_86_272239_260523124139_00_00_3744.mp4,
20260518-0526_全查,1-paoren,519WA012217_54_9349_260523052355_00_00_9453.mp4,
20260518-0526_全查,1-paoren,519WA012233_68_398009_260522160121_00_00_2172.mp4,
20260518-0526_全查,1-paoren,519WA012511_79_288549_260522181906_00_00_9957.mp4,
20260518-0526_全查,1-paoren,519WA01253_60_9299_260523051604_00_00_7939.mp4,
20260518-0526_全查,1-paoren,519WA012628_97_63119_260521205925_00_00_4501.mp4,
20260518-0526_全查,1-paoren,519WA01325_26_58829_260521192152_00_00_2931.mp4,
20260518-0526_全查,1-paoren,519X01462_121_1171159_260519045121_00_00_6366.mp4,
20260518-0526_全查,1-paoren,523W01111_112_87619_260523214116_00_00_1541.mp4,
20260518-0526_全查,1-paoren,523W01111_26_1797449_260520211452_00_00_5769.mp4,
20260518-0526_全查,1-paoren,523W0112_211_2325599_260521082527_00_02_8838.mp4,
20260518-0526_全查,1-paoren,523W0116_214_1740839_260520052149_00_00_2292.mp4,
20260518-0526_全查,1-paoren,523W01349_46_206709_260522013127_00_00_6630.mp4,
20260518-0526_全查,1-paoren,523W01353_122_11177199_260522045516_00_02_2015.mp4,
20260518-0526_全查,1-paoren,523W02100_363_179029_260521122154_00_02_9614.mp4,
20260518-0526_全查,1-paoren,523W02348_111_995619_260520015809_00_00_3798.mp4,
20260518-0526_全查,1-paoren,523W02413_33_1242209_260519192950_00_00_2797.mp4,
20260518-0526_全查,1-paoren,523W02527_338_448389_260519005445_00_00_7121.mp4,
20260518-0526_全查,1-paoren,523W02527_338_546949_260519053113_00_00_6372.mp4,
20260518-0526_全查,1-paoren,523W02549_221_1057489_260520001710_00_00_3895.mp4,
20260518-0526_全查,1-paoren,523W0281_41_641539_260522213657_00_00_2830.mp4,
20260518-0526_全查,1-paoren,527WA031014_77_296469_260522053608_00_00_4447.mp4,
20260518-0526_全查,1-paoren,527WA03244_257_6429139_260520102806_00_00_8110.mp4,
20260518-0526_全查,1-paoren,527WA03244_257_6452209_260520112938_00_02_9037.mp4,
20260518-0526_全查,1-paoren,527WA03344_278_589579_260520194735_00_02_6479.mp4,
20260518-0526_全查,1-paoren,527WA03347_83_137549_260521221426_00_02_6074.mp4,
20260518-0526_全查,1-paoren,527WA03348_282_647479_260520222832_00_00_4456.mp4,
20260518-0526_全查,1-paoren,527WA03348_282_848689_260521074727_00_00_9115.mp4,
20260518-0526_全查,1-paoren,527WA03353_89_112719_260521210527_00_02_7921.mp4,
20260518-0526_全查,1-paoren,527WA03404_386_682169_260521000330_00_02_3386.mp4,
20260518-0526_全查,1-paoren,527WA03413_392_235749_260520025638_00_00_9341.mp4,
20260518-0526_全查,1-paoren,527WA03421_99_626379_260522205015_00_02_6056.mp4,
20260518-0526_全查,1-paoren,527WA03460_83_1027049_260523172747_00_00_5900.mp4,
20260518-0526_全查,1-paoren,527WA03503_298_5937889_260519124517_00_02_6745.mp4,
20260518-0526_全查,1-paoren,527WA03697_37_2244259_260518221539_00_00_3497.mp4,
20260518-0526_全查,1-paoren,527WA03780_07_370529_260522085606_00_00_2648.mp4,
20260518-0526_全查,1-paoren,531WA03573_153_3929859_260520061329_00_00_2504.mp4,
20260518-0526_全查,1-paoren,531WA04359_181_8329_260520003508_00_00_4610.mp4,
20260518-0526_全查,1-paoren,531WA04371_186_895269_260522220455_00_00_6385.mp4,
20260518-0526_全查,1-paoren,531WA04379_56_9830109_260520195815_00_00_5242.mp4,
20260518-0526_全查,1-paoren,532R02406_16_11448659_260519220710_00_00_1425.mp4,
20260518-0526_全查,1-paoren,532W021066_21_1437019_260518081726_00_00_7974.mp4,
20260518-0526_全查,1-paoren,532W022375_87_622889_260522075412_00_00_9944.mp4,
20260518-0526_全查,1-paoren,533W03189_10_11463539_260518192442_00_00_7708.mp4,
20260518-0526_全查,1-paoren,533W03535_49_11099699_260518234559_00_00_5048.mp4,
20260518-0526_全查,1-paoren,533W05177_29_11852549_260520103940_00_00_5081.mp4,
20260518-0526_全查,1-paoren,534VA01181_00_98089_260522051044_00_00_3704.mp4,
20260518-0526_全查,1-paoren,534VA01344_30_4242649_260520120051_00_00_6830.mp4,
20260518-0526_全查,1-paoren,535W03417_46_97029_260518200437_00_02_8031.mp4,
20260518-0526_全查,1-paoren,535W03446_02_1429_260518182355_00_00_3101.mp4,
20260518-0526_全查,1-paoren,535W03473_08_467809_260519131351_00_00_4511.mp4,
20260518-0526_全查,1-paoren,535W03497_30_114169_260518205202_00_02_6988.mp4,
20260518-0526_全查,1-paoren,536W03269_284_9280089_260522125308_00_00_8121.mp4,
20260518-0526_全查,1-paoren,536W03489_103_7387719_260518212207_00_02_1010.mp4,
20260518-0526_全查,1-paoren,536W03494_104_8259749_260519223648_00_00_2667.mp4,
20260518-0526_全查,1-paoren,536W03502_108_7768859_260519004520_00_00_5083.mp4,
20260518-0526_全查,1-paoren,536W03502_108_7920019_260519072826_00_00_4537.mp4,
20260518-0526_全查,1-paoren,536W03557_125_8580879_260520125212_00_00_7107.mp4,
20260518-0526_全查,1-paoren,536W03722_204_10996729_260521232832_00_00_9172.mp4,
20260518-0526_全查,1-paoren,536W05271_147_7200489_260518123958_00_00_3219.mp4,
20260518-0526_全查,1-paoren,536W05275_150_7538449_260518143418_00_00_8263.mp4,
20260518-0526_全查,1-paoren,536W0583_107_11010409_260522200505_00_00_9500.mp4,
20260518-0526_全查,1-paoren,536X0134_24_3789719_260522181731_00_00_5465.mp4,
20260518-0526_全查,1-paoren,537W02258_279_2198189_260520060409_00_00_7902.mp4,
20260518-0526_全查,1-paoren,537W0254_168_914019_260518210422_00_00_2158.mp4,
20260518-0526_全查,1-paoren,537W0254_168_914159_260518210445_00_00_9628.mp4,
20260518-0526_全查,1-paoren,538VA01133_02_3416389_260518144955_00_00_4158.mp4,
20260518-0526_全查,1-paoren,538VA01134_10_3400409_260518140745_00_00_7474.mp4,
20260518-0526_全查,1-paoren,538VA01134_10_3532199_260518195912_00_00_1382.mp4,
20260518-0526_全查,1-paoren,538VA01157_05_5463209_260522100117_00_00_7515.mp4,
20260518-0526_全查,1-paoren,539W05475_77_1391199_260522160116_00_00_3722.mp4,
20260518-0526_全查,1-paoren,543VA03169_322_746779_260520051932_00_00_9180.mp4,
20260518-0526_全查,1-paoren,543VA03179_413_2023999_260521125027_00_00_4117.mp4,
20260518-0526_全查,1-paoren,543VA03256_244_2043699_260521134627_00_00_9959.mp4,
20260518-0526_全查,1-paoren,543VA03268_325_1173849_260521010525_00_00_3087.mp4,
20260518-0526_全查,1-paoren,543VA03353_267_2576569_260522142848_00_00_4042.mp4,
20260518-0526_全查,1-paoren,543VA03355_268_2257649_260521234257_00_00_6303.mp4,
20260518-0526_全查,1-paoren,543VA03428_142_1411509_260519052034_00_00_2839.mp4,
20260518-0526_全查,1-paoren,543VA03449_151_2428149_260521042353_00_00_3629.mp4,
20260518-0526_全查,1-paoren,543VA03458_162_2643249_260520164108_00_00_4623.mp4,
20260518-0526_全查,1-paoren,543VA03476_407_2553869_260520141259_00_00_8814.mp4,
20260518-0526_全查,1-paoren,543VA03543_386_812659_260519044755_00_00_7585.mp4,
20260518-0526_全查,1-paoren,551WA02153_33_2707909_260520022307_00_00_4335.mp4,
20260518-0526_全查,1-paoren,552W0368_73_1105659_260519234054_00_02_4842.mp4,
20260518-0526_全查,1-paoren,552W04323_15_7357939_260521001851_00_00_2597.mp4,
20260518-0526_全查,1-paoren,552W04425_50_3458159_260522073302_00_00_5801.mp4,
20260518-0526_全查,1-paoren,552W04450_98_1185789_260521123947_00_00_7219.mp4,
20260518-0526_全查,1-paoren,556VA02438_133_178429_260521115627_00_00_1059.mp4,
20260518-0526_全查,1-paoren,556VA02866_86_2807329_260521091210_00_00_7593.mp4,
20260518-0526_全查,1-paoren,557VA0277_20_904339_260521200322_00_00_7069.mp4,
20260518-0526_全查,1-paoren,558WA021060_48_57819_260520135322_00_00_5982.mp4,
20260518-0526_全查,1-paoren,558WA021193_25_41819_260519151345_00_00_6264.mp4,
20260518-0526_全查,1-paoren,558WA02395_25_85589_260518081521_00_00_9683.mp4,
20260518-0526_全查,1-paoren,558WA02443_15_14809_260519225748_00_00_6300.mp4,
20260518-0526_全查,1-paoren,558WA02443_15_14929_260519225808_00_00_3812.mp4,
20260518-0526_全查,1-paoren,558WA02453_40_30929_260522054356_00_00_7751.mp4,
20260518-0526_全查,1-paoren,558WA02863_42_16499_260519230411_00_00_7981.mp4,
20260518-0526_全查,1-paoren,558WA02864_43_117459_260520124342_00_00_8825.mp4,
20260518-0526_全查,1-paoren,558WA02864_43_117899_260520124455_00_00_4554.mp4,
20260518-0526_全查,1-paoren,558WA02866_44_9359_260520194257_00_00_3067.mp4,
20260518-0526_全查,1-paoren,558WA02876_46_9279_260520194245_00_00_7935.mp4,
20260518-0526_全查,1-paoren,559VA0228_10_5558629_260521191939_00_00_7611.mp4,
20260518-0526_全查,1-paoren,561VA01127_28_356559_260520175906_00_00_2560.mp4,
20260518-0526_全查,1-paoren,561VA0232_24_221829_260520115945_00_00_8360.mp4,
20260518-0526_全查,1-paoren,563VA06206_60_3690829_260521032943_00_00_4710.mp4,
20260518-0526_全查,1-paoren,563VA06259_22_40662899_260522054356_00_00_7751.mp4,
20260518-0526_全查,1-paoren,563VA06264_21_38858269_260518183229_00_00_7474.mp4,
20260518-0526_全查,1-paoren,570W01124_00_5379409_260519021956_00_00_3828.mp4,
20260518-0526_全查,1-paoren,570W01296_185_78339_260523045439_00_02_4407.mp4,
20260518-0526_全查,1-paoren,570W01322_17_5466599_260519062222_00_00_3439.mp4,
20260518-0526_全查,1-paoren,570W01467_101_585849_260522042658_00_00_7183.mp4,
20260518-0526_全查,1-paoren,570W01637_57_29409_260521031856_00_00_9392.mp4,
20260518-0526_全查,1-paoren,571R01114_25_568509_260521003149_00_02_1137.mp4,
20260518-0526_全查,1-paoren,571R01121_12_34089_260519234711_00_00_5927.mp4,
20260518-0526_全查,1-paoren,571R0139_06_1590449_260521012013_00_00_5724.mp4,
20260518-0526_全查,1-paoren,571R0155_17_2053379_260522014207_00_02_2881.mp4,
20260518-0526_全查,1-paoren,571R0157_19_720879_260519120225_00_00_6268.mp4,
20260518-0526_全查,1-paoren,571R03539_117_277319_260520055657_00_00_4674.mp4,
20260518-0526_全查,1-paoren,571WA041409_33_254839_260519195746_00_00_7906.mp4,
20260518-0526_全查,1-paoren,571WB031082_245_4506039_260520004948_00_00_3566.mp4,
20260518-0526_全查,1-paoren,571WB031544_130_4054629_260522202350_00_00_3653.mp4,
20260518-0526_全查,1-paoren,571WB031717_54_9007669_260518194152_00_00_7602.mp4,
20260518-0526_全查,1-paoren,571WB032231_135_13601039_260518224227_00_02_6731.mp4,
20260518-0526_全查,1-paoren,571WB03228_146_1011469_260520151121_00_00_8034.mp4,
20260518-0526_全查,1-paoren,571WB032581_133_6227639_260523053219_00_00_3041.mp4,
20260518-0526_全查,1-paoren,571WB032725_324_8333509_260520232332_00_02_3106.mp4,
20260518-0526_全查,1-paoren,571WB03580_218_2361649_260523054931_00_00_4498.mp4,
20260518-0526_全查,1-paoren,571WB03674_339_165669_260519000142_00_00_3777.mp4,
20260518-0526_全查,1-paoren,571WB03694_390_1217739_260521004910_00_00_8130.mp4,
20260518-0526_全查,1-paoren,571WF021543_45_8278969_260523211209_00_00_3146.mp4,
20260518-0526_全查,1-paoren,571WF021585_08_6369649_260520055420_00_00_7987.mp4,
20260518-0526_全查,1-paoren,571WF021680_29_950819_260523030829_00_02_1076.mp4,
20260518-0526_全查,1-paoren,571WF02394_132_1838789_260520223214_00_02_5447.mp4,
20260518-0526_全查,1-paoren,571WF02489_125_194559_260520062458_00_00_3136.mp4,
20260518-0526_全查,1-paoren,572W05198_107_925809_260520050655_00_00_7116.mp4,
20260518-0526_全查,1-paoren,572W05199_108_76459_260518134819_00_00_1055.mp4,
20260518-0526_全查,1-paoren,572W05212_112_1241209_260520194231_00_02_4368.mp4,
20260518-0526_全查,1-paoren,572W05220_90_3747519_260520210344_00_02_1301.mp4,
20260518-0526_全查,1-paoren,572W05527_98_507019_260518203629_00_00_2664.mp4,
20260518-0526_全查,1-paoren,572W05567_28_3892469_260521031607_00_00_4073.mp4,
20260518-0526_全查,1-paoren,572W05568_29_3404249_260520044443_00_00_3981.mp4,
20260518-0526_全查,1-paoren,572W05568_29_3447349_260520064433_00_02_8249.mp4,
20260518-0526_全查,1-paoren,572W05569_30_3929109_260521050023_00_00_1004.mp4,
20260518-0526_全查,1-paoren,572W05569_30_3929389_260521050110_00_00_3354.mp4,
20260518-0526_全查,1-paoren,572W05571_32_5340299_260523222656_00_00_2226.mp4,
20260518-0526_全查,1-paoren,572W05576_37_4502469_260522072559_00_00_7528.mp4,
20260518-0526_全查,1-paoren,572W05651_18_2758639_260518225114_00_00_8214.mp4,
20260518-0526_全查,1-paoren,572W05651_18_4320189_260521231204_00_00_9205.mp4,
20260518-0526_全查,1-paoren,572W05653_20_3416179_260520051638_00_00_2448.mp4,
20260518-0526_全查,1-paoren,572W05654_21_2755139_260518223820_00_00_9335.mp4,
20260518-0526_全查,1-paoren,572W05655_22_3925729_260521044825_00_00_3926.mp4,
20260518-0526_全查,1-paoren,572W05659_26_2747139_260518221541_00_02_3927.mp4,
20260518-0526_全查,1-paoren,574R0103_01_108079_260523094636_00_00_8308.mp4,
20260518-0526_全查,1-paoren,574R0103_01_121129_260521102315_00_00_1264.mp4,
20260518-0526_全查,1-paoren,574R0103_01_169659_260521123803_00_00_1265.mp4,
20260518-0526_全查,1-paoren,574R0103_01_189769_260520133650_00_00_5927.mp4,
20260518-0526_全查,1-paoren,574R0103_01_201139_260521140530_00_00_2767.mp4,
20260518-0526_全查,1-paoren,574R0103_01_209819_260521142937_00_00_3167.mp4,
20260518-0526_全查,1-paoren,574R0103_01_80789_260520083406_00_00_6712.mp4,
20260518-0526_全查,1-paoren,574R0103_01_96809_260523091517_00_00_6456.mp4,
20260518-0526_全查,1-paoren,574R0107_05_123749_260523103448_00_00_1901.mp4,
20260518-0526_全查,1-paoren,574R0107_05_123789_260523103454_00_00_9634.mp4,
20260518-0526_全查,1-paoren,574R0107_05_124029_260523103534_00_00_5654.mp4,
20260518-0526_全查,1-paoren,574R0107_05_124089_260523103544_00_00_6228.mp4,
20260518-0526_全查,1-paoren,574R0107_05_124229_260523103608_00_00_6001.mp4,
20260518-0526_全查,1-paoren,574R0107_05_124279_260523103616_00_00_8992.mp4,
20260518-0526_全查,1-paoren,574R0107_05_124599_260523103709_00_00_1179.mp4,
20260518-0526_全查,1-paoren,574R0107_05_126029_260523104108_00_00_9271.mp4,
20260518-0526_全查,1-paoren,574R0107_05_126229_260523104141_00_00_1646.mp4,
20260518-0526_全查,1-paoren,574R0107_05_126349_260523104201_00_00_9536.mp4,
20260518-0526_全查,1-paoren,574R0107_05_126449_260523104218_00_00_9649.mp4,
20260518-0526_全查,1-paoren,574R0107_05_126519_260523104229_00_00_5443.mp4,
20260518-0526_全查,1-paoren,574R0107_05_126679_260523104256_00_00_2885.mp4,
20260518-0526_全查,1-paoren,574R0107_05_128419_260523104746_00_00_4947.mp4,
20260518-0526_全查,1-paoren,574R0107_05_128459_260523104753_00_00_1235.mp4,
20260518-0526_全查,1-paoren,574R0107_05_128829_260523104854_00_00_7074.mp4,
20260518-0526_全查,1-paoren,574R0107_05_168469_260524123626_00_00_7811.mp4,
20260518-0526_全查,1-paoren,574R0144_04_1197109_260518121115_00_02_3435.mp4,
20260518-0526_全查,1-paoren,574R0151_12_1222709_260518132225_00_00_9356.mp4,
20260518-0526_全查,1-paoren,574R0151_12_1224959_260518132840_00_00_3330.mp4,
20260518-0526_全查,1-paoren,574R0151_12_1225009_260518132849_00_00_3953.mp4,
20260518-0526_全查,1-paoren,574R0151_12_1225279_260518132933_00_00_1132.mp4,
20260518-0526_全查,1-paoren,574R0151_12_13689_260523052430_00_00_4589.mp4,
20260518-0526_全查,1-paoren,574R0151_12_165089_260519122516_00_00_6282.mp4,
20260518-0526_全查,1-paoren,574R0151_12_165119_260519122521_00_00_6649.mp4,
20260518-0526_全查,1-paoren,574R0151_12_202839_260519141008_00_00_4564.mp4,
20260518-0526_全查,1-paoren,574R0151_12_203509_260519141159_00_00_7345.mp4,
20260518-0526_全查,1-paoren,574R0151_12_204379_260521141437_00_00_1646.mp4,
20260518-0526_全查,1-paoren,574R0151_12_204639_260521141521_00_00_8799.mp4,
20260518-0526_全查,1-paoren,574R0151_12_205439_260521141734_00_00_7892.mp4,
20260518-0526_全查,1-paoren,574R0151_12_207729_260521142356_00_00_2448.mp4,
20260518-0526_全查,1-paoren,574R0151_12_210359_260521143114_00_00_2239.mp4,
20260518-0526_全查,1-paoren,574R0151_12_211769_260521143509_00_00_2165.mp4,
20260518-0526_全查,1-paoren,574R0151_12_213259_260521143917_00_00_8650.mp4,
20260518-0526_全查,1-paoren,574R0151_12_213649_260521144022_00_00_7615.mp4,
20260518-0526_全查,1-paoren,574R0151_12_213679_260521144027_00_00_1942.mp4,
20260518-0526_全查,1-paoren,574R0151_12_213709_260521144032_00_00_3065.mp4,
20260518-0526_全查,1-paoren,574R0151_12_213909_260521144106_00_00_5024.mp4,
20260518-0526_全查,1-paoren,574R0151_12_215049_260521144416_00_00_6613.mp4,
20260518-0526_全查,1-paoren,574R0151_12_215119_260521144427_00_00_7738.mp4,
20260518-0526_全查,1-paoren,574R0151_12_215149_260521144432_00_00_2351.mp4,
20260518-0526_全查,1-paoren,574R0151_12_215189_260521144439_00_00_5387.mp4,
20260518-0526_全查,1-paoren,574R0151_12_215599_260521144547_00_00_4735.mp4,
20260518-0526_全查,1-paoren,574R0151_12_6509_260521050459_00_00_7369.mp4,
20260518-0526_全查,1-paoren,574R0151_12_6879_260521050600_00_00_2085.mp4,
20260518-0526_全查,1-paoren,574R0151_12_697349_260522130400_00_00_4028.mp4,
20260518-0526_全查,1-paoren,574R0151_12_698239_260522130628_00_00_3557.mp4,
20260518-0526_全查,1-paoren,574R0151_12_700189_260522131153_00_00_9691.mp4,
20260518-0526_全查,1-paoren,574R0151_12_76209_260521081835_00_00_2524.mp4,
20260518-0526_全查,1-paoren,574R0153_26_1191879_260518115953_00_00_2040.mp4,
20260518-0526_全查,1-paoren,574R0153_26_123709_260523103201_00_00_9775.mp4,
20260518-0526_全查,1-paoren,574R0153_26_123809_260523103218_00_00_5473.mp4,
20260518-0526_全查,1-paoren,574R0153_26_1268329_260518153224_00_00_6580.mp4,
20260518-0526_全查,1-paoren,574R0153_26_148319_260521114055_00_00_8068.mp4,
20260518-0526_全查,1-paoren,574R0153_26_164399_260523122508_00_00_4613.mp4,
20260518-0526_全查,1-paoren,574R0153_26_165019_260523122651_00_00_1043.mp4,
20260518-0526_全查,1-paoren,574R0153_26_165099_260523122704_00_00_4625.mp4,
20260518-0526_全查,1-paoren,574R0153_26_166489_260521123126_00_00_6722.mp4,
20260518-0526_全查,1-paoren,574R0153_26_166649_260521123152_00_00_6935.mp4,
20260518-0526_全查,1-paoren,574R0153_26_167799_260523123435_00_00_1163.mp4,
20260518-0526_全查,1-paoren,574R0153_26_167929_260523123456_00_00_5643.mp4,
20260518-0526_全查,1-paoren,574R0153_26_167999_260523123508_00_00_8705.mp4,
20260518-0526_全查,1-paoren,574R0153_26_182559_260520131548_00_00_5407.mp4,
20260518-0526_全查,1-paoren,574R0153_26_183899_260524132128_00_00_6020.mp4,
20260518-0526_全查,1-paoren,574R0153_26_183919_260520131935_00_00_3580.mp4,
20260518-0526_全查,1-paoren,574R0153_26_184099_260524132201_00_00_5585.mp4,
20260518-0526_全查,1-paoren,574R0153_26_186889_260524132947_00_00_8702.mp4,
20260518-0526_全查,1-paoren,574R0153_26_187179_260524133035_00_00_3990.mp4,
20260518-0526_全查,1-paoren,574R0153_26_187289_260524133054_00_00_7698.mp4,
20260518-0526_全查,1-paoren,574R0153_26_236779_260520154631_00_02_9659.mp4,
20260518-0526_全查,1-paoren,574R0153_26_256349_260523164044_00_00_7211.mp4,
20260518-0526_全查,1-paoren,574R0153_26_268649_260521171524_00_00_8193.mp4,
20260518-0526_全查,1-paoren,574R0157_14_447739_260521013023_00_00_9121.mp4,
20260518-0526_全查,1-paoren,574W01730_126_2145179_260522130511_00_00_3079.mp4,
20260518-0526_全查,1-paoren,574W03146_52_2410939_260520034820_00_00_7407.mp4,
20260518-0526_全查,1-paoren,574W03159_61_2067919_260519045942_00_00_3573.mp4,
20260518-0526_全查,1-paoren,574WA04237_53_722499_260520122657_00_02_9428.mp4,
20260518-0526_全查,1-paoren,574WA04470_100_1445429_260523035424_00_00_1190.mp4,
20260518-0526_全查,1-paoren,574WA05409_45_2041399_260522215702_00_00_3905.mp4,
20260518-0526_全查,1-paoren,574WA05462_76_256689_260518221735_00_00_6212.mp4,
20260518-0526_全查,1-paoren,574WA05486_22_411349_260518211917_00_00_5476.mp4,
20260518-0526_全查,1-paoren,574WA0598_33_32299_260519043056_00_00_5162.mp4,
20260518-0526_全查,1-paoren,574WV01570_45_589039_260520061033_00_00_4857.mp4,
20260518-0526_全查,1-paoren,574WV01572_47_1530939_260522015541_00_00_8371.mp4,
20260518-0526_全查,1-paoren,575W061283_165_5888469_260519165232_00_02_7305.mp4,
20260518-0526_全查,1-paoren,575W061289_116_24400699_260520235904_00_02_3079.mp4,
20260518-0526_全查,1-paoren,575W061303_122_25247669_260521233037_00_00_9009.mp4,
20260518-0526_全查,1-paoren,575W06146_20_1482689_260519040609_00_00_3774.mp4,
20260518-0526_全查,1-paoren,575W0693_38_1344729_260523012334_00_00_9821.mp4,
20260518-0526_全查,1-paoren,576W01629_63_2635599_260519175629_00_00_2372.mp4,
20260518-0526_全查,1-paoren,576W01673_01_5246969_260520175809_00_00_2452.mp4,
20260518-0526_全查,1-paoren,576W02124_08_429169_260522113602_00_00_9238.mp4,
20260518-0526_全查,1-paoren,576W0219_293_34879_260520055515_00_00_6571.mp4,
20260518-0526_全查,1-paoren,576W0309_98_1917739_260520205730_00_00_9507.mp4,
20260518-0526_全查,1-paoren,577R01152_130_14332119_260521234747_00_00_6771.mp4,
20260518-0526_全查,1-paoren,577WD02550_39_1172359_260518134839_00_02_2956.mp4,
20260518-0526_全查,1-paoren,577WD02635_32_2443429_260521003918_00_00_4622.mp4,
20260518-0526_全查,1-paoren,577WD03147_188_5424529_260520184221_00_00_2521.mp4,
20260518-0526_全查,1-paoren,577WD03218_242_8270029_260523170353_00_00_4311.mp4,
20260518-0526_全查,1-paoren,578W02134_66_321679_260519182133_00_00_2890.mp4,
20260518-0526_全查,1-paoren,579W01418_98_7507289_260522054055_00_00_6614.mp4,
20260518-0526_全查,1-paoren,579W0199_120_620299_260518223151_00_00_4729.mp4,
20260518-0526_全查,1-paoren,579W02291_83_469249_260523004142_00_00_8552.mp4,
20260518-0526_全查,1-paoren,579W02293_84_570319_260523051118_00_00_4136.mp4,
20260518-0526_全查,1-paoren,579W02307_95_491739_260523014152_00_00_1480.mp4,
20260518-0526_全查,1-paoren,579W02311_98_87779_260522075348_00_00_7323.mp4,
20260518-0526_全查,1-paoren,579W02459_44_13439_260521070305_00_02_6452.mp4,
20260518-0526_全查,1-paoren,579W02461_43_2570619_260520100308_00_02_6333.mp4,
20260518-0526_全查,1-paoren,579W02545_144_5419229_260519044609_00_00_4830.mp4,
20260518-0526_全查,1-paoren,579WA0103_159_641249_260521032144_00_00_1100.mp4,
20260518-0526_全查,1-paoren,579WA01100_149_6257989_260522015154_00_00_7850.mp4,
20260518-0526_全查,1-paoren,579WA01101_150_7143719_260523184918_00_00_9895.mp4,
20260518-0526_全查,1-paoren,579WA01110_203_3394259_260520061415_00_00_2886.mp4,
20260518-0526_全查,1-paoren,579WA01114_131_2728199_260518232621_00_00_2556.mp4,
20260518-0526_全查,1-paoren,579WA01124_138_2989149_260519061225_00_00_6596.mp4,
20260518-0526_全查,1-paoren,579WA01482_185_334159_260523180135_00_02_1583.mp4,
20260518-0526_全查,1-paoren,579WA01507_73_15084859_260520145319_00_00_7554.mp4,
20260518-0526_全查,1-paoren,579WA01576_122_5040119_260520201027_00_00_6244.mp4,
20260518-0526_全查,1-paoren,579WA0205_100_5057209_260518112848_00_00_3915.mp4,
20260518-0526_全查,1-paoren,579WA0231_136_2098029_260519030616_00_00_1142.mp4,
20260518-0526_全查,1-paoren,579WA02395_68_12269879_260523023252_00_02_6414.mp4,
20260518-0526_全查,1-paoren,579WA02414_95_15432859_260521063641_00_00_3016.mp4,
20260518-0526_全查,1-paoren,579WA0254_39_15050059_260523180601_00_02_1204.mp4,
20260518-0526_全查,1-paoren,579WA02605_143_3547299_260521212330_00_00_7731.mp4,
20260518-0526_全查,1-paoren,579WA0282_22_13540909_260520194324_00_00_3524.mp4,
20260518-0526_全查,1-paoren,579WA0282_22_13541019_260520194342_00_00_8856.mp4,
20260518-0526_全查,1-paoren,580VA01244_249_3005109_260521202444_00_02_7893.mp4,
20260518-0526_全查,1-paoren,580VA0161_57_567649_260522032117_00_02_4419.mp4,
20260518-0526_全查,1-paoren,580VA0197_257_2708549_260523062752_00_00_6925.mp4,
20260518-0526_全查,1-paoren,591W01112_23_328109_260519050602_00_00_4872.mp4,
20260518-0526_全查,1-paoren,591W011360_81_2644159_260523161011_00_00_3341.mp4,
20260518-0526_全查,1-paoren,591W01154_41_135269_260518201249_00_00_4641.mp4,
20260518-0526_全查,1-paoren,591W01205_84_564399_260519160622_00_00_4167.mp4,
20260518-0526_全查,1-paoren,591W01274_62_1894909_260522054225_00_00_4385.mp4,
20260518-0526_全查,1-paoren,591W01798_114_844219_260521081557_00_00_8676.mp4,
20260518-0526_全查,1-paoren,591W01810_122_675939_260521002804_00_00_9969.mp4,
20260518-0526_全查,1-paoren,591W01843_36_1897829_260522054547_00_00_6990.mp4,
20260518-0526_全查,1-paoren,591WA03317_63_363299_260523023744_00_02_2633.mp4,
20260518-0526_全查,1-paoren,592R0167_53_104229_260521065633_00_00_6998.mp4,
20260518-0526_全查,1-paoren,592R0167_53_104309_260521065646_00_00_5480.mp4,
20260518-0526_全查,1-paoren,592R0167_53_14389_260521024659_00_00_9380.mp4,
20260518-0526_全查,1-paoren,592R0167_53_88549_260521061259_00_00_3266.mp4,
20260518-0526_全查,1-paoren,592R0167_53_91469_260521062106_00_00_1733.mp4,
20260518-0526_全查,1-paoren,592R0169_55_13299_260521024359_00_00_7485.mp4,
20260518-0526_全查,1-paoren,592R0169_55_82759_260521055656_00_00_4281.mp4,
20260518-0526_全查,1-paoren,592W01130_124_219749_260521123506_00_00_2196.mp4,
20260518-0526_全查,1-paoren,592W01130_124_492999_260522011415_00_00_2183.mp4,
20260518-0526_全查,1-paoren,592W01130_124_925149_260522211443_00_00_1513.mp4,
20260518-0526_全查,1-paoren,592W0128_115_349319_260521183611_00_00_9471.mp4,
20260518-0526_全查,1-paoren,592W01307_05_22907339_260519215958_00_00_6980.mp4,
20260518-0526_全查,1-paoren,592WD01409_441_2141929_260523074609_00_00_5311.mp4,
20260518-0526_全查,1-paoren,592WD01496_440_1139739_260521131709_00_02_9987.mp4,
20260518-0526_全查,1-paoren,593VB01190_28_440589_260521014458_00_00_6802.mp4,
20260518-0526_全查,1-paoren,594W01442_05_1091099_260520165653_00_00_6848.mp4,
20260518-0526_全查,1-paoren,594W03297_17_1385149_260521063035_00_00_5186.mp4,
20260518-0526_全查,1-paoren,594W03313_22_1539399_260522193910_00_00_8430.mp4,
20260518-0526_全查,1-paoren,594W03459_81_1908029_260523124105_00_02_6495.mp4,
20260518-0526_全查,1-paoren,594W03459_81_562079_260520222218_00_00_9987.mp4,
20260518-0526_全查,1-paoren,594W03460_82_868229_260521123114_00_00_7909.mp4,
20260518-0526_全查,1-paoren,594W03460_82_909489_260521142551_00_02_5405.mp4,
20260518-0526_全查,1-paoren,594W03482_60_188959_260520050523_00_00_1170.mp4,
20260518-0526_全查,1-paoren,594W03486_346_937539_260518133722_00_00_6380.mp4,
20260518-0526_全查,1-paoren,595X03258_1262_1434369_260523011832_00_00_4278.mp4,
20260518-0526_全查,1-paoren,595X03269_1263_694469_260521150311_00_00_7395.mp4,
20260518-0526_全查,1-paoren,595X03272_1211_2347729_260523011825_00_02_8362.mp4,
20260518-0526_全查,1-paoren,595X03273_568_4779559_260522142445_00_00_3780.mp4,
20260518-0526_全查,1-paoren,595XA01309_206_1472939_260520070328_00_00_5353.mp4,
20260518-0526_全查,1-paoren,595XA01309_206_1473129_260520070358_00_00_9098.mp4,
20260518-0526_全查,1-paoren,595XA01510_238_2133629_260522071424_00_00_8598.mp4,
20260518-0526_全查,1-paoren,595XA01522_232_1129069_260520103721_00_02_9743.mp4,
20260518-0526_全查,1-paoren,595XA01591_207_676629_260518193801_00_00_1589.mp4,
20260518-0526_全查,1-paoren,595XA0159_17_95139_260521193955_00_00_7526.mp4,
20260518-0526_全查,1-paoren,595XA01681_01_649379_260522212813_00_00_7024.mp4,
20260518-0526_全查,1-paoren,595XA01705_14_459749_260522124355_00_00_1536.mp4,
20260518-0526_全查,1-paoren,595XA01748_246_74779_260521060656_00_00_7622.mp4,
20260518-0526_全查,1-paoren,595XA01802_51_379649_260522090420_00_00_1517.mp4,
20260518-0526_全查,1-paoren,595XA01829_175_1932939_260521070750_00_00_8723.mp4,
20260518-0526_全查,1-paoren,595XA0441_19_346629_260522073238_00_00_3822.mp4,
20260518-0526_全查,1-paoren,595XA04530_212_1383139_260520054211_00_00_2652.mp4,
20260518-0526_全查,1-paoren,595XA0493_207_1880219_260521044340_00_00_3081.mp4,
20260518-0526_全查,1-paoren,597VA01148_38_244319_260520162504_00_00_3279.mp4,
20260518-0526_全查,1-paoren,598VA01222_70_2157419_260519203357_00_00_9218.mp4,
20260518-0526_全查,1-paoren,599VA02228_09_453899_260523011629_00_02_9133.mp4,
20260518-0526_全查,1-paoren,631W0477_993_1332149_260519181749_00_02_7814.mp4,
20260518-0526_全查,1-paoren,633VA01324_08_9386649_260521122356_00_00_1707.mp4,
20260518-0526_全查,1-paoren,635VA01382_07_494269_260520025513_00_02_1867.mp4,
20260518-0526_全查,1-paoren,635VA01521_12_331279_260522201940_00_02_6126.mp4,
20260518-0526_全查,1-paoren,660VW02184_63_15075909_260522120250_00_00_4413.mp4,
20260518-0526_全查,1-paoren,660VW0261_41_14278599_260519204014_00_02_2479.mp4,
20260518-0526_全查,1-paoren,662VA0353_37_5654689_260519115451_00_02_5205.mp4,
20260518-0526_全查,1-paoren,662VA0385_10_5520349_260518193549_00_00_9217.mp4,
20260518-0526_全查,1-paoren,663WA021307_257_279379_260521145447_00_00_1177.mp4,
20260518-0526_全查,1-paoren,663WA021526_138_20599_260521041745_00_02_1874.mp4,
20260518-0526_全查,1-paoren,663WA021694_109_150909_260521102333_00_02_3485.mp4,
20260518-0526_全查,1-paoren,663WA021694_109_357949_260521195839_00_00_8531.mp4,
20260518-0526_全查,1-paoren,663WA021695_58_141229_260518221147_00_00_7682.mp4,
20260518-0526_全查,1-paoren,663WA021701_116_397679_260523025708_00_00_8958.mp4,
20260518-0526_全查,1-paoren,663WA021749_154_496079_260522021940_00_00_1655.mp4,
20260518-0526_全查,1-paoren,663WA0218_214_38589_260522093721_00_02_8721.mp4,
20260518-0526_全查,1-paoren,663WA02536_16_2119219_260522062426_00_00_4026.mp4,
20260518-0526_全查,1-paoren,663WA02542_22_1966259_260521223535_00_00_8981.mp4,
20260518-0526_全查,1-paoren,663WA02796_35_246569_260519014646_00_00_7052.mp4,
20260518-0526_全查,1-paoren,663WA02847_09_1889039_260521221750_00_00_6847.mp4,
20260518-0526_全查,1-paoren,663WB02749_28_9129119_260520122130_00_00_2188.mp4,
20260518-0526_全查,1-paoren,663WB02845_49_9457809_260521202814_00_00_1465.mp4,
20260518-0526_全查,1-paoren,668VA02110_170_628519_260518093730_00_02_1225.mp4,
20260518-0526_全查,1-paoren,668VA0212_104_725829_260523112348_00_00_3592.mp4,
20260518-0526_全查,1-paoren,668VA0212_148_585169_260518074410_00_00_2566.mp4,
20260518-0526_全查,1-paoren,668VA02200_44_128829_260520154522_00_00_1179.mp4,
20260518-0526_全查,1-paoren,668VA02216_44_2336219_260524180505_00_00_5296.mp4,
20260518-0526_全查,1-paoren,668VA02217_89_441999_260521054429_00_00_9122.mp4,
20260518-0526_全查,1-paoren,668VA02287_180_1152939_260519090219_00_00_4367.mp4,
20260518-0526_全查,1-paoren,668VA02337_37_1580239_260523111156_00_00_3438.mp4,
20260518-0526_全查,1-paoren,668VA0291_170_1215519_260519134320_00_00_1569.mp4,
20260518-0526_全查,1-paoren,691VA0214_25_937599_260518232153_00_00_2531.mp4,
20260518-0526_全查,1-paoren,691VA0230_58_192189_260518163807_00_00_8131.mp4,
20260518-0526_全查,1-paoren,710VA02189_78_34039_260520020016_00_02_2890.mp4,
20260518-0526_全查,1-paoren,710VA02189_78_353669_260520164737_00_00_2028.mp4,
20260518-0526_全查,1-paoren,710VA0245_105_30219_260520014715_00_00_8273.mp4,
20260518-0526_全查,1-paoren,710VA0245_105_51719_260520024435_00_00_4691.mp4,
20260518-0526_全查,1-paoren,710VA0245_105_53939_260520025030_00_00_1119.mp4,
20260518-0526_全查,1-paoren,710VA03168_1198_1305969_260523173423_00_02_3296.mp4,
20260518-0526_全查,1-paoren,710VA0395_145_598629_260521040904_00_00_8726.mp4,
20260518-0526_全查,1-paoren,711H016461_231_7462569_260519051305_00_00_1639.mp4,
20260518-0526_全查,1-paoren,711VA02183_47_245239_260519032336_00_02_1060.mp4,
20260518-0526_全查,1-paoren,711VA02390_286_125849_260520003715_00_00_7426.mp4,
20260518-0526_全查,1-paoren,711VA02390_54_6219_260518161751_00_00_6938.mp4,
20260518-0526_全查,1-paoren,711VA02390_54_8549_260518162403_00_00_7802.mp4,
20260518-0526_全查,1-paoren,711VA02398_69_86559_260518195218_00_00_4481.mp4,
20260518-0526_全查,1-paoren,711VA02398_69_86589_260518195222_00_00_4691.mp4,
20260518-0526_全查,1-paoren,711VA02398_69_86709_260518195242_00_00_1264.mp4,
20260518-0526_全查,1-paoren,711VA02398_69_86809_260518195258_00_00_4049.mp4,
20260518-0526_全查,1-paoren,711VA02420_294_195599_260520040551_00_00_2466.mp4,
20260518-0526_全查,1-paoren,711VA02531_07_30569_260518172335_00_00_4248.mp4,
20260518-0526_全查,1-paoren,711VA02538_14_28539_260518171813_00_00_4158.mp4,
20260518-0526_全查,1-paoren,711VA02547_14_11269_260518203055_00_00_5983.mp4,
20260518-0526_全查,1-paoren,712VA02237_22_100089_260519095938_00_00_7756.mp4,
20260518-0526_全查,1-paoren,712VA0253_114_104109_260520005214_00_00_8701.mp4,
20260518-0526_全查,1-paoren,712VA0253_114_104379_260520005258_00_00_5322.mp4,
20260518-0526_全查,1-paoren,715VA02111_05_2415419_260521024744_00_02_2257.mp4,
20260518-0526_全查,1-paoren,716VA02166_1455_334099_260520154024_00_00_3216.mp4,
20260518-0526_全查,1-paoren,717W01129_08_1073229_260520040832_00_00_2251.mp4,
20260518-0526_全查,1-paoren,717W01150_24_1094229_260520050709_00_00_4326.mp4,
20260518-0526_全查,1-paoren,717W01166_00_984089_260519235632_00_00_6644.mp4,
20260518-0526_全查,1-paoren,717W0133_38_905749_260522201907_00_00_6693.mp4,
20260518-0526_全查,1-paoren,722VA02146_20_15015739_260521163900_00_00_3764.mp4,
20260518-0526_全查,1-paoren,724VA02499_39_1988989_260522215419_00_00_8236.mp4,
20260518-0526_全查,1-paoren,724VA02647_14_226419_260519022809_00_00_3811.mp4,
20260518-0526_全查,1-paoren,7311WA01527_105_3684189_260522203647_00_00_3743.mp4,
20260518-0526_全查,1-paoren,7311WA02241_16_320179_260519142645_00_02_8912.mp4,
20260518-0526_全查,1-paoren,7311WA02421_61_11609859_260519023321_00_00_8200.mp4,
20260518-0526_全查,1-paoren,7311WA02434_63_13457909_260522124258_00_00_4000.mp4,
20260518-0526_全查,1-paoren,7311WA02465_80_4366059_260522222234_00_00_4615.mp4,
20260518-0526_全查,1-paoren,7311WA02488_11_292599_260522002325_00_02_8585.mp4,
20260518-0526_全查,1-paoren,7311WA031071_02_6220989_260523101341_00_00_2068.mp4,
20260518-0526_全查,1-paoren,7311WA031304_97_4923889_260523143510_00_00_5459.mp4,
20260518-0526_全查,1-paoren,7311WA031317_37_2238709_260518140905_00_00_7751.mp4,
20260518-0526_全查,1-paoren,7311WA031322_42_3882279_260523081857_00_00_2807.mp4,
20260518-0526_全查,1-paoren,7311WA031374_94_9031219_260520085308_00_00_8569.mp4,
20260518-0526_全查,1-paoren,7311WA031374_94_9538189_260521082131_00_00_9874.mp4,
20260518-0526_全查,1-paoren,7311WA031376_27_342949_260522052610_00_00_8641.mp4,
20260518-0526_全查,1-paoren,7311WA031427_69_5402679_260520111451_00_00_7948.mp4,
20260518-0526_全查,1-paoren,7311WA03693_77_3395429_260520015754_00_00_6963.mp4,
20260518-0526_全查,1-paoren,7311WE012396_37_22709_260520200447_00_00_8503.mp4,
20260518-0526_全查,1-paoren,7311WE012407_26_12349_260521163738_00_00_4992.mp4,
20260518-0526_全查,1-paoren,7311WE012408_44_104569_260520235220_00_02_3268.mp4,
20260518-0526_全查,1-paoren,7311WE012770_06_84049_260520225933_00_00_8981.mp4,
20260518-0526_全查,1-paoren,7311WE01327_49_125099_260521192746_00_00_9699.mp4,
20260518-0526_全查,1-paoren,7311WE0139_14_553829_260522072146_00_00_5713.mp4,
20260518-0526_全查,1-paoren,7311WE01555_21_15829_260520171626_00_00_4027.mp4,
20260518-0526_全查,1-paoren,7311WE01597_61_1037809_260522205215_00_00_3244.mp4,
20260518-0526_全查,1-paoren,7311WE01678_99_10219_260520170931_00_00_1642.mp4,
20260518-0526_全查,1-paoren,7311WE01684_93_163419_260521023734_00_00_4643.mp4,
20260518-0526_全查,1-paoren,7311WE01684_93_176779_260521031441_00_00_3078.mp4,
20260518-0526_全查,1-paoren,7311WE01686_95_567999_260522182003_00_00_9548.mp4,
20260518-0526_全查,1-paoren,7311WE01751_52_107249_260521190043_00_00_9573.mp4,
20260518-0526_全查,1-paoren,7311WE01764_56_787609_260522135533_00_00_6502.mp4,
20260518-0526_全查,1-paoren,7311WE01766_71_298109_260521032428_00_00_1880.mp4,
20260518-0526_全查,1-paoren,7311WE01945_63_111659_260520221439_00_00_8042.mp4,
20260518-0526_全查,1-paoren,7311WE01945_63_111849_260520221458_00_00_7147.mp4,
20260518-0526_全查,1-paoren,7311WE01945_63_111879_260520221501_00_00_7817.mp4,
20260518-0526_全查,1-paoren,7311WE01945_63_112029_260520221516_00_00_1078.mp4,
20260518-0526_全查,1-paoren,7312VA0358_136_2016419_260519132104_00_00_9912.mp4,
20260518-0526_全查,1-paoren,7312VA0398_398_2166409_260520174321_00_00_6998.mp4,
20260518-0526_全查,1-paoren,7313W01294_185_1190499_260521015740_00_02_3500.mp4,
20260518-0526_全查,1-paoren,7313W01491_221_1428719_260519062749_00_00_5049.mp4,
20260518-0526_全查,1-paoren,7313W01697_120_3245869_260522183337_00_00_3712.mp4,
20260518-0526_全查,1-paoren,7313W01698_121_3415099_260523022342_00_00_4953.mp4,
20260518-0526_全查,1-paoren,7313W03144_812_4070319_260521052526_00_00_4072.mp4,
20260518-0526_全查,1-paoren,7313W03150_813_1397059_260519045550_00_00_8146.mp4,
20260518-0526_全查,1-paoren,7313W03153_816_1423549_260519060905_00_00_9655.mp4,
20260518-0526_全查,1-paoren,7313W03163_179_2829679_260521231601_00_00_7312.mp4,
20260518-0526_全查,1-paoren,734WA01151_90_812719_260521185950_00_00_1170.mp4,
20260518-0526_全查,1-paoren,734WA01155_81_133099_260520113227_00_00_1226.mp4,
20260518-0526_全查,1-paoren,734WA01282_85_62089_260520072305_00_00_4844.mp4,
20260518-0526_全查,1-paoren,736VA0225_44_571949_260519145721_00_00_6379.mp4,
20260518-0526_全查,1-paoren,736VA02282_21_2234979_260522195957_00_00_5543.mp4,
20260518-0526_全查,1-paoren,736VA02329_19_1373039_260521040250_00_00_6229.mp4,
20260518-0526_全查,1-paoren,736VA02474_64_27249_260518134121_00_00_2409.mp4,
20260518-0526_全查,1-paoren,736VA02489_31_1182859_260518130544_00_00_8717.mp4,
20260518-0526_全查,1-paoren,738VA02187_275_13043639_260518213238_00_00_5649.mp4,
20260518-0526_全查,1-paoren,738VA02212_202_13354339_260519122410_00_00_1529.mp4,
20260518-0526_全查,1-paoren,739VA0207_176_396479_260521085246_00_02_7581.mp4,
20260518-0526_全查,1-paoren,739VA02211_95_17209_260520023208_00_00_9470.mp4,
20260518-0526_全查,1-paoren,739VA02211_95_24649_260520025158_00_00_2580.mp4,
20260518-0526_全查,1-paoren,739VA0226_09_64479_260520044630_00_00_7337.mp4,
20260518-0526_全查,1-paoren,739VA0233_115_149759_260520212636_00_00_4023.mp4,
20260518-0526_全查,1-paoren,739VA0243_63_7129_260520020447_00_00_1099.mp4,
20260518-0526_全查,1-paoren,739VA0281_38_161009_260520091502_00_00_3775.mp4,
20260518-0526_全查,1-paoren,739VA0281_38_2139_260520015345_00_00_9692.mp4,
20260518-0526_全查,1-paoren,743VA02112_07_13691679_260520040557_00_00_2431.mp4,
20260518-0526_全查,1-paoren,744VA02127_45_321399_260522024346_00_00_3952.mp4,
20260518-0526_全查,1-paoren,745VA02291_95_1640859_260519160227_00_00_8618.mp4,
20260518-0526_全查,1-paoren,745VA02380_409_372889_260521063200_00_00_5584.mp4,
20260518-0526_全查,1-paoren,750VA01108_02_21979_260523031254_00_00_5421.mp4,
20260518-0526_全查,1-paoren,750VA0195_03_483179_260520003324_00_02_9815.mp4,
20260518-0526_全查,1-paoren,750W011086_67_14647929_260519043224_00_02_2494.mp4,
20260518-0526_全查,1-paoren,750W011088_09_19105549_260522043859_00_02_5750.mp4,
20260518-0526_全查,1-paoren,751VA0302_59_278669_260519181530_00_00_9762.mp4,
20260518-0526_全查,1-paoren,755R01178_12_1502259_260518142515_00_00_7317.mp4,
20260518-0526_全查,1-paoren,755R01324_13_701099_260519224016_00_00_4541.mp4,
20260518-0526_全查,1-paoren,755R01325_14_3793049_260523005712_00_00_1078.mp4,
20260518-0526_全查,1-paoren,755R01854_13_2126139_260522061417_00_00_9311.mp4,
20260518-0526_全查,1-paoren,755R01858_17_1828229_260521193036_00_00_5387.mp4,
20260518-0526_全查,1-paoren,755R01884_28_1135329_260521075042_00_00_9688.mp4,
20260518-0526_全查,1-paoren,755RC01152_292_331369_260520074722_00_00_8546.mp4,
20260518-0526_全查,1-paoren,755RC01164_172_3337269_260521130632_00_00_7964.mp4,
20260518-0526_全查,1-paoren,755RC01199_199_1246619_260518092729_00_00_8231.mp4,
20260518-0526_全查,1-paoren,755RC01206_207_1956989_260519032351_00_02_5345.mp4,
20260518-0526_全查,1-paoren,755RC01213_17_2498319_260521114137_00_00_9408.mp4,
20260518-0526_全查,1-paoren,755RC01213_17_2499169_260521114353_00_00_4804.mp4,
20260518-0526_全查,1-paoren,755RC01218_20_2340869_260521044148_00_00_5537.mp4,
20260518-0526_全查,1-paoren,755RC01227_309_880169_260521081107_00_00_3215.mp4,
20260518-0526_全查,1-paoren,755RC01268_253_28469_260521180423_00_00_6753.mp4,
20260518-0526_全查,1-paoren,755RC01268_253_550529_260522171635_00_00_6147.mp4,
20260518-0526_全查,1-paoren,755RC01370_1116_13249869_260520173924_00_00_7716.mp4,
20260518-0526_全查,1-paoren,755RC01391_178_2728449_260520100301_00_00_7165.mp4,
20260518-0526_全查,1-paoren,755RC0139_210_448229_260522114134_00_00_3261.mp4,
20260518-0526_全查,1-paoren,755RC01437_232_376309_260522093215_00_00_9114.mp4,
20260518-0526_全查,1-paoren,755RD01156_396_343319_260521003516_00_00_5953.mp4,
20260518-0526_全查,1-paoren,755RD01156_396_343649_260521003611_00_00_4003.mp4,
20260518-0526_全查,1-paoren,755RD01268_19_271659_260522045019_00_00_8776.mp4,
20260518-0526_全查,1-paoren,755RD01280_306_1517889_260521124317_00_00_9537.mp4,
20260518-0526_全查,1-paoren,755RD01663_263_1520439_260520124332_00_00_9914.mp4,
20260518-0526_全查,1-paoren,755RD01666_381_997379_260521122518_00_00_9307.mp4,
20260518-0526_全查,1-paoren,755RD01667_107_758779_260524123233_00_00_1899.mp4,
20260518-0526_全查,1-paoren,755RD01667_32_1358759_260523060355_00_00_1245.mp4,
20260518-0526_全查,1-paoren,755RD01799_304_316399_260519050808_00_00_7997.mp4,
20260518-0526_全查,1-paoren,755RD01799_321_738259_260521020411_00_00_1470.mp4,
20260518-0526_全查,1-paoren,755RD01799_321_738559_260521020501_00_00_8055.mp4,
20260518-0526_全查,1-paoren,755RD01806_328_196029_260520005851_00_00_2796.mp4,
20260518-0526_全查,1-paoren,755W08166_181_219419_260520023536_00_00_9609.mp4,
20260518-0526_全查,1-paoren,755W08180_355_151429_260519233549_00_00_1271.mp4,
20260518-0526_全查,1-paoren,755W08243_269_1389249_260522063549_00_00_9241.mp4,
20260518-0526_全查,1-paoren,755W08590_424_912869_260522052214_00_00_2650.mp4,
20260518-0526_全查,1-paoren,755W08635_169_1083129_260519050903_00_00_6057.mp4,
20260518-0526_全查,1-paoren,755W08635_304_257139_260520041704_00_00_7788.mp4,
20260518-0526_全查,1-paoren,755W08641_310_289999_260520054642_00_00_3930.mp4,
20260518-0526_全查,1-paoren,755W08665_325_347119_260520081729_00_00_9600.mp4,
20260518-0526_全查,1-paoren,755W08665_325_347419_260520081817_00_00_2980.mp4,
20260518-0526_全查,1-paoren,755W0920_131_1880009_260519202250_00_00_8075.mp4,
20260518-0526_全查,1-paoren,755WF27451_39_426079_260519115445_00_00_1095.mp4,
20260518-0526_全查,1-paoren,755WF27464_165_4910919_260520010624_00_00_4240.mp4,
20260518-0526_全查,1-paoren,755WF27797_130_44089_260521142334_00_02_9115.mp4,
20260518-0526_全查,1-paoren,755WF27835_37_495589_260518113448_00_00_9370.mp4,
20260518-0526_全查,1-paoren,755WJ0275_106_1088369_260521025614_00_00_6818.mp4,
20260518-0526_全查,1-paoren,755WJ02766_73_2474669_260521013019_00_00_4148.mp4,
20260518-0526_全查,1-paoren,755WM0146_29_1514149_260519094445_00_00_3273.mp4,
20260518-0526_全查,1-paoren,755X02480_93_323059_260523222242_00_00_2742.mp4,
20260518-0526_全查,1-paoren,756W01221_257_305029_260519044351_00_00_1632.mp4,
20260518-0526_全查,1-paoren,756W01252_187_3704829_260522061930_00_00_2502.mp4,
20260518-0526_全查,1-paoren,756W01252_187_3706299_260522062334_00_00_6072.mp4,
20260518-0526_全查,1-paoren,756W01257_190_4341359_260523114648_00_00_5940.mp4,
20260518-0526_全查,1-paoren,756W01296_809_2953459_260520193529_00_00_9087.mp4,
20260518-0526_全查,1-paoren,756W01368_276_3685419_260522052923_00_00_3281.mp4,
20260518-0526_全查,1-paoren,756W01369_277_2534659_260520001250_00_00_9885.mp4,
20260518-0526_全查,1-paoren,756W01369_277_2534699_260520001256_00_02_3938.mp4,
20260518-0526_全查,1-paoren,756W01428_299_3700319_260522060558_00_00_8899.mp4,
20260518-0526_全查,1-paoren,756W01430_301_2711159_260520081921_00_00_8261.mp4,
20260518-0526_全查,1-paoren,756W01485_236_304399_260519044238_00_00_1552.mp4,
20260518-0526_全查,1-paoren,756W01553_221_1167939_260518081901_00_00_8619.mp4,
20260518-0526_全查,1-paoren,756W01553_221_1305189_260518144033_00_00_9084.mp4,
20260518-0526_全查,1-paoren,756W01572_379_622709_260522071733_00_00_2412.mp4,
20260518-0526_全查,1-paoren,756W01669_348_3519959_260521215103_00_00_9923.mp4,
20260518-0526_全查,1-paoren,757WA011094_220_245719_260520062642_00_00_1085.mp4,
20260518-0526_全查,1-paoren,757WA011096_221_1760439_260523011408_00_00_9973.mp4,
20260518-0526_全查,1-paoren,757WA011103_224_227509_260520050835_00_00_3620.mp4,
20260518-0526_全查,1-paoren,757WA011104_225_356929_260520113531_00_00_3187.mp4,
20260518-0526_全查,1-paoren,757WA011115_155_1876019_260522145105_00_02_1180.mp4,
20260518-0526_全查,1-paoren,757WA011115_155_2687869_260524025455_00_00_6638.mp4,
20260518-0526_全查,1-paoren,757WA011118_157_1632799_260522070431_00_00_1748.mp4,
20260518-0526_全查,1-paoren,757WA011167_232_1814539_260523070059_00_00_1679.mp4,
20260518-0526_全查,1-paoren,757WA011167_232_35049_260519204159_00_00_3898.mp4,
20260518-0526_全查,1-paoren,757WA011167_232_35309_260519204242_00_00_1140.mp4,
20260518-0526_全查,1-paoren,757WA011173_233_1613589_260522214414_00_00_2196.mp4,
20260518-0526_全查,1-paoren,757WA01118_26_61839_260519060845_00_00_3805.mp4,
20260518-0526_全查,1-paoren,757WA0113_10_12489_260518174846_00_00_9753.mp4,
20260518-0526_全查,1-paoren,757WA0113_10_12519_260518174851_00_00_9676.mp4,
20260518-0526_全查,1-paoren,757WA0113_10_134009_260518232608_00_00_1160.mp4,
20260518-0526_全查,1-paoren,757WA011524_122_44179_260519053335_00_00_3005.mp4,
20260518-0526_全查,1-paoren,757WA011524_83_21509_260518184808_00_00_9255.mp4,
20260518-0526_全查,1-paoren,757WA011528_244_801569_260521080415_00_00_8060.mp4,
20260518-0526_全查,1-paoren,757WA011529_127_46339_260519054040_00_00_4116.mp4,
20260518-0526_全查,1-paoren,757WA011610_132_463409_260520005250_00_00_9022.mp4,
20260518-0526_全查,1-paoren,757WA011610_132_528829_260520035517_00_00_2045.mp4,
20260518-0526_全查,1-paoren,757WA0116_164_746049_260521052821_00_02_7185.mp4,
20260518-0526_全查,1-paoren,757WA0116_164_791559_260521073441_00_00_4033.mp4,
20260518-0526_全查,1-paoren,757WA011862_148_1519759_260522015740_00_00_9666.mp4,
20260518-0526_全查,1-paoren,757WA011868_150_49309_260519054941_00_00_5905.mp4,
20260518-0526_全查,1-paoren,757WA01188_585_1904979_260521194200_00_00_8125.mp4,
20260518-0526_全查,1-paoren,757WA011896_155_2126209_260523060258_00_00_8219.mp4,
20260518-0526_全查,1-paoren,757WA011896_155_708369_260520122146_00_00_6617.mp4,
20260518-0526_全查,1-paoren,757WA012038_261_444089_260520153747_00_00_5768.mp4,
20260518-0526_全查,1-paoren,757WA0123_170_753699_260521042454_00_00_9377.mp4,
20260518-0526_全查,1-paoren,757WA01339_141_887609_260521120635_00_00_3080.mp4,
20260518-0526_全查,1-paoren,757WA01339_70_234049_260519141634_00_00_7163.mp4,
20260518-0526_全查,1-paoren,757WA01345_144_406889_260520130512_00_00_6113.mp4,
20260518-0526_全查,1-paoren,757WA01350_77_44729_260519052349_00_00_6285.mp4,
20260518-0526_全查,1-paoren,757WA01352_17_142639_260518234230_00_00_8911.mp4,
20260518-0526_全查,1-paoren,757WA01369_598_142009_260518234213_00_00_6111.mp4,
20260518-0526_全查,1-paoren,757WA01371_159_501169_260520171602_00_00_8406.mp4,
20260518-0526_全查,1-paoren,757WA01384_132_169_260519032846_00_00_6516.mp4,
20260518-0526_全查,1-paoren,757WA01496_241_1219329_260522011305_00_00_3195.mp4,
20260518-0526_全查,1-paoren,757WA01513_249_2520789_260524151137_00_00_8519.mp4,
20260518-0526_全查,1-paoren,757WA01578_210_1324619_260522055135_00_02_7972.mp4,
20260518-0526_全查,1-paoren,757WA01650_189_238679_260519143150_00_00_6602.mp4,
20260518-0526_全查,1-paoren,757WA01865_166_633229_260520233250_00_00_2892.mp4,
20260518-0526_全查,1-paoren,757WA0189_166_181969_260520032605_00_00_1444.mp4,
20260518-0526_全查,1-paoren,757WA01988_102_21139_260519042556_00_00_5621.mp4,
20260518-0526_全查,1-paoren,757WA0228_113_1737239_260523001226_00_00_9834.mp4,
20260518-0526_全查,1-paoren,757WA0242_209_1171269_260521230448_00_00_6709.mp4,
20260518-0526_全查,1-paoren,757WE01113_302_1244329_260521153053_00_02_8948.mp4,
20260518-0526_全查,1-paoren,757WE01134_283_1623569_260522082434_00_00_1625.mp4,
20260518-0526_全查,1-paoren,757WE01160_293_2669229_260521080619_00_00_5616.mp4,
20260518-0526_全查,1-paoren,757WE01172_297_2772439_260521124701_00_00_8110.mp4,
20260518-0526_全查,1-paoren,757WE01184_276_666019_260520134749_00_00_6201.mp4,
20260518-0526_全查,1-paoren,757WE0118_261_1464469_260519051846_00_00_6442.mp4,
20260518-0526_全查,1-paoren,757WE01211_219_3545299_260522225755_00_00_6259.mp4,
20260518-0526_全查,1-paoren,757WE01236_277_2443829_260520220810_00_00_7863.mp4,
20260518-0526_全查,1-paoren,757WE01289_223_3003469_260522042407_00_00_1122.mp4,
20260518-0526_全查,1-paoren,757WE0128_200_2082949_260520055854_00_00_9376.mp4,
20260518-0526_全查,1-paoren,757WE01293_226_3157029_260522054804_00_00_4726.mp4,
20260518-0526_全查,1-paoren,757WE01350_165_3577719_260522052232_00_00_9877.mp4,
20260518-0526_全查,1-paoren,757WE01363_177_3079789_260521065731_00_00_5111.mp4,
20260518-0526_全查,1-paoren,757WE01366_280_1171659_260518152808_00_00_3635.mp4,
20260518-0526_全查,1-paoren,757WE01366_280_2366359_260520223042_00_00_4076.mp4,
20260518-0526_全查,1-paoren,757WE01366_280_3525439_260523035448_00_00_9929.mp4,
20260518-0526_全查,1-paoren,757WE01402_112_1610539_260518075617_00_00_4011.mp4,
20260518-0526_全查,1-paoren,757WE01402_112_2108069_260519060322_00_00_2227.mp4,
20260518-0526_全查,1-paoren,757WE01402_112_2692529_260520080225_00_00_1069.mp4,
20260518-0526_全查,1-paoren,757WE01492_290_428599_260520031457_00_00_6356.mp4,
20260518-0526_全查,1-paoren,757WE0152_208_2422749_260521013732_00_00_7467.mp4,
20260518-0526_全查,1-paoren,757WE01547_787_12533499_260520220611_00_00_5515.mp4,
20260518-0526_全查,1-paoren,757WE01553_253_1363269_260520203719_00_00_6273.mp4,
20260518-0526_全查,1-paoren,757WE01556_792_13141849_260522014335_00_00_1250.mp4,
20260518-0526_全查,1-paoren,757WE01561_254_1473579_260521013557_00_00_6221.mp4,
20260518-0526_全查,1-paoren,760W02128_221_1360159_260518162332_00_00_7130.mp4,
20260518-0526_全查,1-paoren,760W02146_239_3526089_260522232114_00_00_8898.mp4,
20260518-0526_全查,1-paoren,760W02192_190_1453179_260518231244_00_00_4680.mp4,
20260518-0526_全查,1-paoren,760W02213_234_2272179_260520131251_00_00_3459.mp4,
20260518-0526_全查,1-paoren,760W02219_239_2150709_260520073532_00_00_4890.mp4,
20260518-0526_全查,1-paoren,760WH01504_282_3139319_260523034315_00_00_1783.mp4,
20260518-0526_全查,1-paoren,760WH01518_287_2378739_260521120408_00_00_8268.mp4,
20260518-0526_全查,1-paoren,762VA01174_04_2601129_260521215555_00_00_9081.mp4,
20260518-0526_全查,1-paoren,762VA01255_29_2057529_260522213254_00_00_6328.mp4,
20260518-0526_全查,1-paoren,762VA01255_29_781509_260520125009_00_00_8881.mp4,
20260518-0526_全查,1-paoren,762VA02165_71_5708159_260522013117_00_00_6841.mp4,
20260518-0526_全查,1-paoren,762VA02168_74_4699649_260520044214_00_02_2136.mp4,
20260518-0526_全查,1-paoren,762VA02242_46_894599_260519220948_00_02_7478.mp4,
20260518-0526_全查,1-paoren,762VA02340_23_1174559_260520104305_00_02_4028.mp4,
20260518-0526_全查,1-paoren,763X0177_25_64779_260520060935_00_00_3962.mp4,
20260518-0526_全查,1-paoren,763X021291_87_447709_260521235119_00_00_2780.mp4,
20260518-0526_全查,1-paoren,763X021491_06_231729_260521134612_00_00_6096.mp4,
20260518-0526_全查,1-paoren,763X02520_03_1949_260521013329_00_02_4697.mp4,
20260518-0526_全查,1-paoren,763X02675_20_84469_260522073609_00_02_1529.mp4,
20260518-0526_全查,1-paoren,763X0278_112_1255969_260519135700_00_00_4412.mp4,
20260518-0526_全查,1-paoren,763X02914_49_491259_260521014803_00_00_2555.mp4,
20260518-0526_全查,1-paoren,769WB011001_99_277299_260523013832_00_00_5062.mp4,
20260518-0526_全查,1-paoren,769WB011002_100_235579_260522234239_00_02_6258.mp4,
20260518-0526_全查,1-paoren,769WB01290_67_117289_260522224300_00_00_2938.mp4,
20260518-0526_全查,1-paoren,769WB01360_262_312179_260523031330_00_00_4817.mp4,
20260518-0526_全查,1-paoren,769WB01561_216_403889_260523072715_00_00_4035.mp4,
20260518-0526_全查,1-paoren,769WB01606_38_265859_260521031354_00_00_6317.mp4,
20260518-0526_全查,1-paoren,769WB01626_186_279829_260523011735_00_00_8094.mp4,
20260518-0526_全查,1-paoren,769WB01638_45_195969_260522081033_00_02_5353.mp4,
20260518-0526_全查,1-paoren,769WB01649_257_291559_260523021547_00_00_3211.mp4,
20260518-0526_全查,1-paoren,769WB01722_51_150879_260522194614_00_00_1600.mp4,
20260518-0526_全查,1-paoren,769WB01722_51_151519_260522194801_00_00_9979.mp4,
20260518-0526_全查,1-paoren,769WB01736_39_5306649_260518231557_00_00_6271.mp4,
20260518-0526_全查,1-paoren,769WB01750_70_5799099_260519215036_00_00_9885.mp4,
20260518-0526_全查,1-paoren,769WB01869_25_5929829_260520035205_00_00_3112.mp4,
20260518-0526_全查,1-paoren,769WB01903_44_5792439_260519212613_00_00_6835.mp4,
20260518-0526_全查,1-paoren,769WM011125_246_3086199_260522141221_00_00_3212.mp4,
20260518-0526_全查,1-paoren,769WM011164_89_235859_260519021726_00_00_7501.mp4,
20260518-0526_全查,1-paoren,769WM0138_96_35499_260522045750_00_00_7172.mp4,
20260518-0526_全查,1-paoren,769WM01429_86_885729_260520083251_00_00_6289.mp4,
20260518-0526_全查,1-paoren,769WM0161_155_382709_260521121445_00_00_2052.mp4,
20260518-0526_全查,1-paoren,769WM01764_105_2318669_260522034737_00_00_9786.mp4,
20260518-0526_全查,1-paoren,769WM01792_48_2509539_260522123758_00_00_1855.mp4,
20260518-0526_全查,1-paoren,769WM01866_168_4268459_260520021825_00_02_1745.mp4,
20260518-0526_全查,1-paoren,769WM01905_199_3939149_260519214350_00_00_2705.mp4,
20260518-0526_全查,1-paoren,769WM01910_203_4331129_260520155243_00_00_9571.mp4,
20260518-0526_全查,1-paoren,769WM01927_268_2655209_260521180943_00_00_9602.mp4,
20260518-0526_全查,1-paoren,769WM01993_206_6005599_260521055521_00_00_8052.mp4,
20260518-0526_全查,1-paoren,769WM01996_209_4968059_260519055110_00_00_7587.mp4,
20260518-0526_全查,1-paoren,769XG011026_52_583789_260519183349_00_00_7194.mp4,
20260518-0526_全查,1-paoren,769XG011043_27_1362989_260521053943_00_00_2728.mp4,
20260518-0526_全查,1-paoren,769XG011215_20_401469_260519100752_00_00_2954.mp4,
20260518-0526_全查,1-paoren,769XG011215_20_407239_260519102354_00_00_3810.mp4,
20260518-0526_全查,1-paoren,769XG011215_20_451109_260519122546_00_00_1304.mp4,
20260518-0526_全查,1-paoren,769XG011218_22_406909_260519102300_00_00_1154.mp4,
20260518-0526_全查,1-paoren,769XG011218_22_447929_260519121657_00_00_1797.mp4,
20260518-0526_全查,1-paoren,769XG011222_24_1697209_260521220718_00_00_9890.mp4,
20260518-0526_全查,1-paoren,769XG011224_26_831019_260520042631_00_00_5555.mp4,
20260518-0526_全查,1-paoren,769XG011224_26_906659_260520074814_00_00_6741.mp4,
20260518-0526_全查,1-paoren,769XG011225_27_1956239_260522062725_00_00_2255.mp4,
20260518-0526_全查,1-paoren,769XG011229_30_452159_260521044055_00_00_8162.mp4,
20260518-0526_全查,1-paoren,769XG011229_30_458889_260521045852_00_00_4675.mp4,
20260518-0526_全查,1-paoren,769XG011229_30_830309_260522211843_00_00_8951.mp4,
20260518-0526_全查,1-paoren,769XG011229_30_830669_260522211940_00_00_7994.mp4,
20260518-0526_全查,1-paoren,769XG011229_30_830749_260522211953_00_00_4404.mp4,
20260518-0526_全查,1-paoren,769XG011230_31_157319_260518222958_00_00_8244.mp4,
20260518-0526_全查,1-paoren,769XG011230_31_295339_260522220726_00_02_5647.mp4,
20260518-0526_全查,1-paoren,769XG011230_31_416589_260523033046_00_00_1689.mp4,
20260518-0526_全查,1-paoren,769XG011232_32_362959_260523010803_00_00_6014.mp4,
20260518-0526_全查,1-paoren,769XG011233_33_450049_260522042533_00_00_3398.mp4,
20260518-0526_全查,1-paoren,769XG011233_33_487439_260522060516_00_00_8513.mp4,
20260518-0526_全查,1-paoren,769XG011236_35_794479_260520024911_00_00_3291.mp4,
20260518-0526_全查,1-paoren,769XG011237_36_393139_260522015747_00_00_7611.mp4,
20260518-0526_全查,1-paoren,769XG011241_39_297799_260521214024_00_02_8777.mp4,
20260518-0526_全查,1-paoren,769XG011241_39_491969_260519132230_00_00_5238.mp4,
20260518-0526_全查,1-paoren,769XG011824_03_82479_260518190847_00_02_7500.mp4,
20260518-0526_全查,1-paoren,769XG012140_25_1327489_260521045915_00_00_4573.mp4,
20260518-0526_全查,1-paoren,769XG012143_26_1300439_260521034407_00_00_3070.mp4,
20260518-0526_全查,1-paoren,769XG012143_69_72639_260523052207_00_00_1409.mp4,
20260518-0526_全查,1-paoren,769XG012143_69_72669_260523052212_00_00_2950.mp4,
20260518-0526_全查,1-paoren,769XG01954_17_386219_260519082616_00_00_2301.mp4,
20260518-0526_全查,1-paoren,769XG01987_58_952149_260520113707_00_00_3881.mp4,
20260518-0526_全查,1-paoren,771W031011_116_87749_260518183211_00_00_5637.mp4,
20260518-0526_全查,1-paoren,771W031157_69_343349_260522075605_00_00_4889.mp4,
20260518-0526_全查,1-paoren,771W03307_100_173739_260522133507_00_00_7353.mp4,
20260518-0526_全查,1-paoren,771W03311_218_382369_260520234543_00_02_8372.mp4,
20260518-0526_全查,1-paoren,772VA03591_02_503829_260522212510_00_00_7772.mp4,
20260518-0526_全查,1-paoren,776VA0236_25_427559_260523003732_00_00_6270.mp4,
20260518-0526_全查,1-paoren,794VA0324_15_45429_260520184302_00_00_6216.mp4,
20260518-0526_全查,1-paoren,797W03122_194_4829799_260518141945_00_00_5666.mp4,
20260518-0526_全查,1-paoren,817VA02239_38_12054599_260521044818_00_02_7646.mp4,
20260518-0526_全查,1-paoren,818VA02221_74_14857499_260521063548_00_00_1497.mp4,
20260518-0526_全查,1-paoren,818VA02222_75_14585069_260520182828_00_00_6064.mp4,
20260518-0526_全查,1-paoren,830VA02305_36_1056549_260521043116_00_00_2638.mp4,
20260518-0526_全查,1-paoren,831VA02120_21_386679_260520202153_00_02_7750.mp4,
20260518-0526_全查,1-paoren,831VA02120_21_452289_260520232408_00_02_2692.mp4,
20260518-0526_全查,1-paoren,831VA02149_32_52949_260519045314_00_00_5687.mp4,
20260518-0526_全查,1-paoren,831VA0258_24_331649_260522174756_00_00_9169.mp4,
20260518-0526_全查,1-paoren,833VA02145_80_14285759_260521065916_00_02_1111.mp4,
20260518-0526_全查,1-paoren,834VA0298_07_1494039_260519205556_00_02_9360.mp4,
20260518-0526_全查,1-paoren,835VA0291_02_1095309_260520042623_00_00_4272.mp4,
20260518-0526_全查,1-paoren,839VA0248_27_69809_260520062416_00_00_7258.mp4,
20260518-0526_全查,1-paoren,851W0150_115_495399_260519001538_00_02_6349.mp4,
20260518-0526_全查,1-paoren,855VA0304_01_862799_260519011427_00_00_2260.mp4,
20260518-0526_全查,1-paoren,857VA0118_00_102729_260518092449_00_00_4316.mp4,
20260518-0526_全查,1-paoren,870VA02178_37_25419_260521141617_00_00_9676.mp4,
20260518-0526_全查,1-paoren,870VA02179_38_25169_260521141536_00_00_5944.mp4,
20260518-0526_全查,1-paoren,870VA02219_00_572139_260521003017_00_00_1081.mp4,
20260518-0526_全查,1-paoren,870VA02343_01_168489_260520054901_00_02_1232.mp4,
20260518-0526_全查,1-paoren,871VH0102_62_3528249_260520050358_00_02_4634.mp4,
20260518-0526_全查,1-paoren,871VH01142_18_13042449_260518211850_00_00_9641.mp4,
20260518-0526_全查,1-paoren,871VH0177_12_2379_260521022138_00_00_3763.mp4,
20260518-0526_全查,1-paoren,871VH0177_12_2749_260521022239_00_00_2311.mp4,
20260518-0526_全查,1-paoren,871VH0178_11_397509_260522045943_00_00_9599.mp4,
20260518-0526_全查,1-paoren,871VH0180_19_460309_260522075417_00_00_2522.mp4,
20260518-0526_全查,1-paoren,871VH0181_05_13133999_260519004452_00_02_6831.mp4,
20260518-0526_全查,1-paoren,871W011083_76_5200469_260520001340_00_02_6459.mp4,
20260518-0526_全查,1-paoren,871W011092_127_4333649_260518074610_00_00_9991.mp4,
20260518-0526_全查,1-paoren,871W011326_270_6023369_260521135612_00_00_7305.mp4,
20260518-0526_全查,1-paoren,871W011714_403_697279_260520090715_00_00_2940.mp4,
20260518-0526_全查,1-paoren,871W0135_349_720939_260520113046_00_00_5766.mp4,
20260518-0526_全查,1-paoren,871W01902_370_313719_260519164315_00_00_2708.mp4,
20260518-0526_全查,1-paoren,871WA03106_151_843499_260519202720_00_00_8715.mp4,
20260518-0526_全查,1-paoren,871WA03188_07_5693969_260520202810_00_02_2187.mp4,
20260518-0526_全查,1-paoren,872WW0164_32_1058209_260521042152_00_00_3130.mp4,
20260518-0526_全查,1-paoren,872WW0164_32_548519_260520044605_00_00_4837.mp4,
20260518-0526_全查,1-paoren,872WW0180_16_1022989_260521024349_00_00_1685.mp4,
20260518-0526_全查,1-paoren,874VA02125_29_38670579_260519050137_00_02_2047.mp4,
20260518-0526_全查,1-paoren,874VA0297_09_39926069_260521150829_00_02_2391.mp4,
20260518-0526_全查,1-paoren,875VA02179_34_7605599_260520194551_00_00_8258.mp4,
20260518-0526_全查,1-paoren,875VA0233_48_5419719_260522081835_00_00_6582.mp4,
20260518-0526_全查,1-paoren,876VA0280_99_14916499_260521112020_00_00_2526.mp4,
20260518-0526_全查,1-paoren,891VA04111_175_4218409_260520104010_00_00_2434.mp4,
20260518-0526_全查,1-paoren,891VA04111_175_5335039_260522142200_00_00_3264.mp4,
20260518-0526_全查,1-paoren,891VA04175_36_9983719_260520134947_00_02_6360.mp4,
20260518-0526_全查,1-paoren,891VA0488_145_5562549_260519014007_00_00_1168.mp4,
20260518-0526_全查,1-paoren,8981V0308_07_382989_260521103200_00_00_4427.mp4,
20260518-0526_全查,1-paoren,8981V03156_75_70289_260521150925_00_00_9776.mp4,
20260518-0526_全查,1-paoren,8981V03245_114_129559_260521175439_00_00_1719.mp4,
20260518-0526_全查,1-paoren,8981V03246_28_220959_260521033151_00_00_9229.mp4,
20260518-0526_全查,1-paoren,8981V03285_132_291189_260522012407_00_00_2087.mp4,
20260518-0526_全查,1-paoren,8981V03430_192_50639_260521132311_00_00_4609.mp4,
20260518-0526_全查,1-paoren,8981V03515_79_113559_260520223552_00_00_4460.mp4,
20260518-0526_全查,1-paoren,8981V03521_85_256539_260521051300_00_00_1489.mp4,
20260518-0526_全查,1-paoren,8981V0357_34_87409_260520205142_00_00_2740.mp4,
20260518-0526_全查,1-paoren,8981V0357_34_87589_260520205212_00_00_7415.mp4,
20260518-0526_全查,1-paoren,898W011204_204_1035429_260519011250_00_00_1482.mp4,
20260518-0526_全查,1-paoren,898W011209_209_1134479_260519054737_00_00_4533.mp4,
20260518-0526_全查,1-paoren,898W01206_161_2527439_260518235201_00_02_1711.mp4,
20260518-0526_全查,1-paoren,898W01293_188_1121229_260519051251_00_00_7736.mp4,
20260518-0526_全查,1-paoren,898W01298_1125_1879489_260520161834_00_00_8097.mp4,
20260518-0526_全查,1-paoren,912VA02292_12_253349_260520140811_00_00_3485.mp4,
20260518-0526_全查,1-paoren,917VA02140_33_1482869_260520202315_00_00_5536.mp4,
20260518-0526_全查,1-paoren,930VA0108_08_3794049_260519033047_00_00_4952.mp4,
20260518-0526_全查,1-paoren,931W011061_206_701459_260520213349_00_00_3036.mp4,
20260518-0526_全查,1-paoren,931W01221_151_240649_260520001212_00_00_1791.mp4,
20260518-0526_全查,1-paoren,931W01565_107_282189_260520013756_00_00_1692.mp4,
20260518-0526_全查,1-paoren,931W01609_170_211399_260519224927_00_00_1006.mp4,
20260518-0526_全查,1-paoren,931W01823_188_170499_260519205943_00_02_2992.mp4,
20260518-0526_全查,1-paoren,931W01992_146_780969_260521052054_00_00_3967.mp4,
20260518-0526_全查,1-paoren,937VA0219_70_693269_260520095622_00_02_3611.mp4,
20260518-0526_全查,1-paoren,951W01757_101_2441149_260519192207_00_00_5689.mp4,
20260518-0526_全查,1-paoren,951W01810_213_1450899_260520091106_00_02_3687.mp4,
20260518-0526_全查,1-paoren,971VA02212_182_427959_260520215855_00_02_7480.mp4,
20260518-0526_全查,1-paoren,991R01304_08_10055869_260520202727_00_02_4110.mp4,
20260518-0526_全查,1-paoren,991W021485_33_2115799_260522053613_00_00_3684.mp4,
20260518-0526_全查,1-paoren,999VA01146_570_11834489_260521003556_00_00_2557.mp4,
20260518-0526_全查,1-paoren,999VA01171_579_12356459_260521234142_00_00_3716.mp4,
20260518-0526_全查,1-paoren,P020CDD01116_13_1432009_260519045051_00_00_8077.mp4,
20260518-0526_全查,1-paoren,P020CDD01116_13_1432449_260519045204_00_00_5361.mp4,
20260518-0526_全查,1-paoren,P020CDD01116_13_1433549_260519045508_00_00_6291.mp4,
20260518-0526_全查,1-paoren,P020CDD01116_13_1903139_260520023845_00_00_1350.mp4,
20260518-0526_全查,1-paoren,P020CDD01116_13_2450519_260521035819_00_02_4954.mp4,
20260518-0526_全查,1-paoren,P020CDD01116_13_3405119_260523000822_00_02_9410.mp4,
20260518-0526_全查,1-paoren,P020CDD01200_20_2253889_260520185759_00_02_7795.mp4,
20260518-0526_全查,1-paoren,P020CDD01207_21_15792959_260524042748_00_02_2743.mp4,
20260518-0526_全查,1-paoren,P020CDD01263_34_13396399_260519135712_00_02_2623.mp4,
20260518-0526_全查,1-paoren,P020CDD01288_15_1319909_260518211325_00_02_8359.mp4,
20260518-0526_全查,1-paoren,P020CDD01288_15_1655449_260519120740_00_02_6409.mp4,
20260518-0526_全查,1-paoren,P020CDD01288_15_3632399_260523035635_00_02_5529.mp4,
20260518-0526_全查,1-paoren,P020CDD0133_00_1253299_260518203749_00_00_2218.mp4,
20260518-0526_全查,1-paoren,P020CDD0133_00_1386099_260519024629_00_02_4458.mp4,
20260518-0526_全查,1-paoren,P020CDD0133_00_1933549_260520040616_00_00_1287.mp4,
20260518-0526_全查,1-paoren,P020CDD0133_00_1933609_260520040625_00_02_1114.mp4,
20260518-0526_全查,1-paoren,P020CDD0133_00_3496469_260523042503_00_02_7473.mp4,
20260518-0526_全查,1-paoren,P020CDD0137_02_1797059_260519214610_00_02_9435.mp4,
20260518-0526_全查,1-paoren,P020CDD0137_02_1886799_260520015518_00_00_1371.mp4,
20260518-0526_全查,1-paoren,P020CDD0137_02_2929829_260522021051_00_00_4479.mp4,
20260518-0526_全查,1-paoren,P020CDD0193_31_1374859_260519021405_00_02_3911.mp4,
20260518-0526_全查,1-paoren,P024LYB01100_07_11368569_260519124022_00_00_8705.mp4,
20260518-0526_全查,1-paoren,P024LYB01100_07_11471829_260519172724_00_00_2443.mp4,
20260518-0526_全查,1-paoren,P024LYB01100_07_14090809_260524184812_00_00_6048.mp4,
20260518-0526_全查,1-paoren,P024LYB01103_10_12122109_260520233517_00_00_9467.mp4,
20260518-0526_全查,1-paoren,P024LYB01103_10_12928799_260522125741_00_00_6276.mp4,
20260518-0526_全查,1-paoren,P024LYB01103_10_12931459_260522130505_00_00_5081.mp4,
20260518-0526_全查,1-paoren,P024LYB01103_10_14008459_260524145851_00_00_2203.mp4,
20260518-0526_全查,1-paoren,P024LYB01103_10_14087089_260524183725_00_00_3220.mp4,
20260518-0526_全查,1-paoren,P024LYB01105_11_12164869_260521013428_00_00_4174.mp4,
20260518-0526_全查,1-paoren,P024LYB01105_11_12693529_260522020400_00_00_4827.mp4,
20260518-0526_全查,1-paoren,P024LYB01105_11_13795609_260524050729_00_02_3880.mp4,
20260518-0526_全查,1-paoren,P024LYB01107_12_12303349_260521075921_00_00_6930.mp4,
20260518-0526_全查,1-paoren,P024LYB01109_13_13194399_260523011610_00_00_3195.mp4,
20260518-0526_全查,1-paoren,P024LYB0144_17_11793469_260520082117_00_00_7909.mp4,
20260518-0526_全查,1-paoren,P027LYB01106_03_15142869_260524132304_00_00_5126.mp4,
20260518-0526_全查,1-paoren,P027LYB01107_04_13082769_260520135809_00_02_2045.mp4,
20260518-0526_全查,1-paoren,P027LYB0133_07_13250559_260520214159_00_02_2662.mp4,
20260518-0526_全查,1-paoren,P027LYB0178_00_13177489_260520182042_00_00_8572.mp4,
20260518-0526_全查,1-paoren,P029LYB01114_22_11511879_260520165424_00_02_2923.mp4,
20260518-0526_全查,1-paoren,P029LYB0170_17_10909079_260519111451_00_02_1900.mp4,
20260518-0526_全查,1-paoren,P029LYB0171_18_24316899_260521211829_00_02_1568.mp4,
20260518-0526_全查,1-paoren,P029LYB0171_18_24383579_260521230942_00_02_5111.mp4,
20260518-0526_全查,1-paoren,P311LYB01104_18_14446439_260521135218_00_00_9939.mp4,
20260518-0526_全查,1-paoren,P311LYB0126_25_13912149_260519112126_00_02_2808.mp4,
20260518-0526_全查,1-paoren,P311LYB0152_04_13430789_260518135946_00_02_5685.mp4,
20260518-0526_全查,1-paoren,P311LYB0152_04_13431329_260518140112_00_02_2158.mp4,
20260518-0526_全查,1-paoren,P371LYB0105_04_14068879_260520203124_00_00_3627.mp4,
20260518-0526_全查,1-paoren,P371LYB0149_07_13645279_260518233749_00_00_1056.mp4,
20260518-0526_全查,1-paoren,P371LYB0160_09_13651739_260520011254_00_00_6563.mp4,
20260518-0526_全查,1-paoren,P371LYB0184_19_13000779_260518190309_00_00_3811.mp4,
20260518-0526_全查,1-paoren,P371LYB0185_20_13641509_260520004422_00_02_6723.mp4,
20260518-0526_全查,1-paoren,P532LYB01184_17_14718279_260520232146_00_02_6393.mp4,
20260518-0526_全查,1-paoren,P532LYB01189_18_12795689_260518093629_00_00_2426.mp4,
20260518-0526_全查,1-paoren,P532LYB01190_19_14557069_260521191133_00_00_1377.mp4,
20260518-0526_全查,1-paoren,P769CSB0113_18_13476299_260519165322_00_02_8292.mp4,
20260518-0526_全查,1-paoren,P769CSB01186_14_13513479_260519185955_00_02_5359.mp4,
20260518-0526_全查,1-paoren,P769CSB01239_12_13571239_260519173548_00_02_8337.mp4,
20260518-0526_全查,1-paoren,P769CSB01239_12_14395259_260521072937_00_02_2368.mp4,
20260518-0526_全查,1-paoren,P769CSB01239_12_15057539_260522135800_00_02_8376.mp4,
20260518-0526_全查,1-paoren,P769CSB01241_13_15060389_260522135904_00_02_6762.mp4,
20260518-0526_全查,2-diaojian,010R01517_115_14151019_260519234553_00_02_1725.mp4,
20260518-0526_全查,2-diaojian,010W061385_196_2705209_260520142122_00_02_7056.mp4,
20260518-0526_全查,2-diaojian,010W061400_366_1932359_260519023017_00_02_6711.mp4,
20260518-0526_全查,2-diaojian,010W062571_42_7201129_260520065316_00_02_4811.mp4,
20260518-0526_全查,2-diaojian,010W062909_249_352439_260521040425_00_02_1799.mp4,
20260518-0526_全查,2-diaojian,010W062995_16_25999_260520125904_00_02_7045.mp4,
20260518-0526_全查,2-diaojian,010W063008_18_7067319_260520004052_00_02_6928.mp4,
20260518-0526_全查,2-diaojian,010WA011519_101_1889049_260520174256_00_02_5670.mp4,
20260518-0526_全查,2-diaojian,010WA01492_126_1836609_260520152151_00_02_2158.mp4,
20260518-0526_全查,2-diaojian,010WB011614_304_3384819_260522065425_00_02_2261.mp4,
20260518-0526_全查,2-diaojian,010WB01536_229_12826569_260520083307_00_02_6674.mp4,
20260518-0526_全查,2-diaojian,010WD021141_303_775169_260518220740_00_02_8193.mp4,
20260518-0526_全查,2-diaojian,010WD021231_285_2059229_260521093251_00_02_2257.mp4,
20260518-0526_全查,2-diaojian,010WD02475_292_2562459_260522085846_00_02_8169.mp4,
20260518-0526_全查,2-diaojian,010WD02475_292_2564019_260522090306_00_02_7721.mp4,
20260518-0526_全查,2-diaojian,010WD02732_142_2168389_260521144146_00_02_1978.mp4,
20260518-0526_全查,2-diaojian,010WD02887_181_890709_260519033021_00_02_3933.mp4,
20260518-0526_全查,2-diaojian,010X011903_41_5093059_260522203552_00_02_2764.mp4,
20260518-0526_全查,2-diaojian,010X02332_26_6400129_260522041223_00_02_5702.mp4,
20260518-0526_全查,2-diaojian,010X02410_80_7610129_260522143816_00_02_1546.mp4,
20260518-0526_全查,2-diaojian,010X0276_40_3168349_260519032214_00_02_9791.mp4,
20260518-0526_全查,2-diaojian,020R0241_119_3029399_260520002839_00_02_8562.mp4,
20260518-0526_全查,2-diaojian,020R0269_146_4120929_260522033013_00_02_9138.mp4,
20260518-0526_全查,2-diaojian,020R0269_146_4369979_260522150305_00_02_9242.mp4,
20260518-0526_全查,2-diaojian,020RD01114_340_1380509_260521212700_00_02_4616.mp4,
20260518-0526_全查,2-diaojian,020RD01119_339_1120589_260522071056_00_02_5179.mp4,
20260518-0526_全查,2-diaojian,020RD01122_334_460039_260520233524_00_02_6029.mp4,
20260518-0526_全查,2-diaojian,020RD011328_257_1633219_260520223622_00_02_8891.mp4,
20260518-0526_全查,2-diaojian,020RD01358_257_2359859_260522081046_00_02_7160.mp4,
20260518-0526_全查,2-diaojian,020RD01598_323_324309_260519231423_00_02_3862.mp4,
20260518-0526_全查,2-diaojian,020W011310_69_148109_260518223351_00_02_2826.mp4,
20260518-0526_全查,2-diaojian,020W011348_21_872299_260520080557_00_02_8257.mp4,
20260518-0526_全查,2-diaojian,020W013088_69_216719_260519013853_00_02_1179.mp4,
20260518-0526_全查,2-diaojian,020WE03501_613_1395089_260519030543_00_02_1166.mp4,
20260518-0526_全查,2-diaojian,020WM011238_53_3772359_260522001940_00_02_5134.mp4,
20260518-0526_全查,2-diaojian,020WM011260_72_2348029_260519062348_00_02_5238.mp4,
20260518-0526_全查,2-diaojian,020WM011299_04_3303779_260522100448_00_02_5077.mp4,
20260518-0526_全查,2-diaojian,020WM011456_28_2074769_260518135645_00_02_6042.mp4,
20260518-0526_全查,2-diaojian,020WM011456_28_4710239_260523110448_00_02_5151.mp4,
20260518-0526_全查,2-diaojian,020WM011458_30_2847059_260520001601_00_02_2790.mp4,
20260518-0526_全查,2-diaojian,020WM011463_34_2307479_260519001701_00_02_7736.mp4,
20260518-0526_全查,2-diaojian,020WM011465_35_1932839_260518073756_00_02_5105.mp4,
20260518-0526_全查,2-diaojian,020WM011467_37_4670369_260523091854_00_02_5114.mp4,
20260518-0526_全查,2-diaojian,020WM011473_43_3778119_260521173843_00_02_2062.mp4,
20260518-0526_全查,2-diaojian,020WM011474_44_4521849_260523024259_00_02_1600.mp4,
20260518-0526_全查,2-diaojian,020WM011476_46_2890499_260520021215_00_02_9352.mp4,
20260518-0526_全查,2-diaojian,020WM011477_47_3480429_260521042537_00_02_4726.mp4,
20260518-0526_全查,2-diaojian,020WM011483_34_92219_260523050832_00_02_6793.mp4,
20260518-0526_全查,2-diaojian,020WM011650_91_5754409_260522165433_00_02_9342.mp4,
20260518-0526_全查,2-diaojian,021R0230_83_2602729_260521103441_00_02_2158.mp4,
20260518-0526_全查,2-diaojian,021WD021034_40_2239669_260519010815_00_02_4313.mp4,
20260518-0526_全查,2-diaojian,021WD02750_20_3753969_260521231305_00_02_4470.mp4,
20260518-0526_全查,2-diaojian,021WE021020_353_1271599_260520232853_00_02_9312.mp4,
20260518-0526_全查,2-diaojian,021WE021028_355_176179_260518204620_00_02_9860.mp4,
20260518-0526_全查,2-diaojian,021WE021290_15_6421589_260521023952_00_02_1546.mp4,
20260518-0526_全查,2-diaojian,021WE021391_53_6840449_260521220204_00_02_1801.mp4,
20260518-0526_全查,2-diaojian,021WE021828_203_143759_260520135019_00_02_9035.mp4,
20260518-0526_全查,2-diaojian,021WE02800_249_1142119_260523130624_00_02_9354.mp4,
20260518-0526_全查,2-diaojian,021WF011044_61_309329_260521072239_00_02_1899.mp4,
20260518-0526_全查,2-diaojian,021WF011227_10_228149_260521125030_00_02_4904.mp4,
20260518-0526_全查,2-diaojian,021WF011315_96_555269_260519042337_00_02_7072.mp4,
20260518-0526_全查,2-diaojian,021WF011715_39_156659_260521130623_00_02_7031.mp4,
20260518-0526_全查,2-diaojian,021WF011716_355_689669_260522101725_00_02_7448.mp4,
20260518-0526_全查,2-diaojian,021WF01418_492_1481489_260520230834_00_02_2364.mp4,
20260518-0526_全查,2-diaojian,021WF01440_503_1501979_260521000710_00_02_2367.mp4,
20260518-0526_全查,2-diaojian,021WF01765_388_444359_260519230211_00_02_1781.mp4,
20260518-0526_全查,2-diaojian,021WF01774_08_946609_260519223041_00_02_7921.mp4,
20260518-0526_全查,2-diaojian,021WF01883_244_509649_260519020901_00_02_7377.mp4,
20260518-0526_全查,2-diaojian,021WG04248_67_415749_260524081403_00_02_4643.mp4,
20260518-0526_全查,2-diaojian,021WG061174_42_969589_260518151159_00_02_8955.mp4,
20260518-0526_全查,2-diaojian,021WG06228_92_1056709_260522151813_00_02_2750.mp4,
20260518-0526_全查,2-diaojian,021WG06300_01_2419179_260521044042_00_02_3148.mp4,
20260518-0526_全查,2-diaojian,021WG06362_46_1119459_260518220820_00_02_4760.mp4,
20260518-0526_全查,2-diaojian,021WG06870_78_1856489_260520080955_00_02_3305.mp4,
20260518-0526_全查,2-diaojian,021WG06872_80_3579319_260523155245_00_02_5314.mp4,
20260518-0526_全查,2-diaojian,021WJ011139_90_6610799_260520073759_00_02_3769.mp4,
20260518-0526_全查,2-diaojian,021WJ011196_44_101069_260521212501_00_02_3986.mp4,
20260518-0526_全查,2-diaojian,021WJ011228_34_572459_260523173941_00_02_9801.mp4,
20260518-0526_全查,2-diaojian,021WJ011245_15_292539_260521014218_00_02_9474.mp4,
20260518-0526_全查,2-diaojian,021WJ011245_49_722279_260524003518_00_02_7674.mp4,
20260518-0526_全查,2-diaojian,021WJ011247_13_1531569_260519150529_00_02_3030.mp4,
20260518-0526_全查,2-diaojian,021WJ011285_37_1844909_260520053208_00_02_5461.mp4,
20260518-0526_全查,2-diaojian,021WJ011384_100_2514209_260520040340_00_02_1033.mp4,
20260518-0526_全查,2-diaojian,021WJ02614_82_122369_260519231426_00_02_3717.mp4,
20260518-0526_全查,2-diaojian,021WJ02714_47_747289_260518102958_00_02_7983.mp4,
20260518-0526_全查,2-diaojian,021WS021658_02_284129_260522044848_00_02_9948.mp4,
20260518-0526_全查,2-diaojian,021WS021661_06_357219_260519004130_00_02_6240.mp4,
20260518-0526_全查,2-diaojian,021WS02858_17_85739_260518080550_00_02_4535.mp4,
20260518-0526_全查,2-diaojian,022W0172_52_12738239_260520213127_00_02_6712.mp4,
20260518-0526_全查,2-diaojian,023R01499_11_13601149_260518215553_00_02_4343.mp4,
20260518-0526_全查,2-diaojian,023R01500_12_14013299_260519170245_00_00_9738.mp4,
20260518-0526_全查,2-diaojian,023R01505_33_15452979_260521073207_00_02_8400.mp4,
20260518-0526_全查,2-diaojian,023R01507_35_10180559_260521074335_00_02_4796.mp4,
20260518-0526_全查,2-diaojian,023R01507_35_9664289_260520075020_00_02_7421.mp4,
20260518-0526_全查,2-diaojian,023R03198_149_10198909_260521104017_00_02_2797.mp4,
20260518-0526_全查,2-diaojian,023VA02263_02_6268789_260521200423_00_02_7326.mp4,
20260518-0526_全查,2-diaojian,024W032359_27_706009_260520051357_00_02_9566.mp4,
20260518-0526_全查,2-diaojian,025WA02339_20_1095639_260523181212_00_02_9627.mp4,
20260518-0526_全查,2-diaojian,025WA041079_211_4581839_260520030346_00_02_7267.mp4,
20260518-0526_全查,2-diaojian,025WA041123_355_149049_260519202353_00_02_9508.mp4,
20260518-0526_全查,2-diaojian,025WA04224_52_1174719_260523215839_00_02_5962.mp4,
20260518-0526_全查,2-diaojian,025WA04306_306_2585819_260518214109_00_02_5662.mp4,
20260518-0526_全查,2-diaojian,025WA04307_307_3164599_260520002124_00_02_3639.mp4,
20260518-0526_全查,2-diaojian,025WA04324_321_3247869_260520040324_00_02_6602.mp4,
20260518-0526_全查,2-diaojian,025WA04429_443_548789_260521045440_00_02_7094.mp4,
20260518-0526_全查,2-diaojian,025WA04562_336_1042499_260519155228_00_02_7936.mp4,
20260518-0526_全查,2-diaojian,025WA0456_244_4615379_260520045247_00_02_2286.mp4,
20260518-0526_全查,2-diaojian,025WA04598_407_42429_260520052621_00_02_4422.mp4,
20260518-0526_全查,2-diaojian,025WA04795_374_1210909_260520013221_00_02_6004.mp4,
20260518-0526_全查,2-diaojian,025WA04802_485_429699_260520224134_00_02_7739.mp4,
20260518-0526_全查,2-diaojian,025WA04823_404_726769_260519030725_00_02_8517.mp4,
20260518-0526_全查,2-diaojian,025WA04834_131_145799_260521222347_00_02_1442.mp4,
20260518-0526_全查,2-diaojian,025WA04835_132_38429_260521172518_00_02_6085.mp4,
20260518-0526_全查,2-diaojian,025WA0584_03_1306949_260524040234_00_02_6321.mp4,
20260518-0526_全查,2-diaojian,025WD011007_01_340199_260520200659_00_02_4237.mp4,
20260518-0526_全查,2-diaojian,025WD011054_82_1574049_260523051404_00_02_8110.mp4,
20260518-0526_全查,2-diaojian,025WD011095_41_2799589_260519010203_00_02_2124.mp4,
20260518-0526_全查,2-diaojian,025WD011098_03_1300289_260522163359_00_02_6204.mp4,
20260518-0526_全查,2-diaojian,025WD011137_53_4124149_260524224938_00_02_9095.mp4,
20260518-0526_全查,2-diaojian,025WD01994_90_339779_260520200355_00_02_6502.mp4,
20260518-0526_全查,2-diaojian,027R0229_06_894879_260522142421_00_02_8209.mp4,
20260518-0526_全查,2-diaojian,027W02110_139_173049_260519191355_00_02_9517.mp4,
20260518-0526_全查,2-diaojian,027W02111_140_1756889_260522174734_00_00_5814.mp4,
20260518-0526_全查,2-diaojian,027W021732_121_345609_260520025241_00_02_8772.mp4,
20260518-0526_全查,2-diaojian,027W021734_37_22869_260519041629_00_02_3226.mp4,
20260518-0526_全查,2-diaojian,027W02624_46_684879_260522093352_00_02_3942.mp4,
20260518-0526_全查,2-diaojian,027WA012411_60_108749_260520004130_00_02_9611.mp4,
20260518-0526_全查,2-diaojian,027WA012413_175_542119_260522074827_00_02_3874.mp4,
20260518-0526_全查,2-diaojian,027WA012465_30_67329_260519201620_00_02_8260.mp4,
20260518-0526_全查,2-diaojian,027WA01744_64_777779_260521051007_00_02_1802.mp4,
20260518-0526_全查,2-diaojian,028R0155_04_1423279_260520220553_00_02_2875.mp4,
20260518-0526_全查,2-diaojian,028W061277_77_952399_260521021249_00_02_9082.mp4,
20260518-0526_全查,2-diaojian,028W062142_17_54159_260519082759_00_02_6393.mp4,
20260518-0526_全查,2-diaojian,028W062298_17_3311159_260518152453_00_02_4205.mp4,
20260518-0526_全查,2-diaojian,028W062311_29_3616379_260519053726_00_02_8698.mp4,
20260518-0526_全查,2-diaojian,028W062345_12_449009_260520025951_00_00_6589.mp4,
20260518-0526_全查,2-diaojian,028W062464_10_7929_260519032240_00_02_3259.mp4,
20260518-0526_全查,2-diaojian,028W062465_93_525059_260520071545_00_02_2645.mp4,
20260518-0526_全查,2-diaojian,028W062465_93_945759_260521023750_00_02_3444.mp4,
20260518-0526_全查,2-diaojian,028W062466_102_139629_260523151151_00_02_9696.mp4,
20260518-0526_全查,2-diaojian,028W06422_92_7059_260521053429_00_02_9215.mp4,
20260518-0526_全查,2-diaojian,028WA011680_04_1123529_260523200610_00_02_8604.mp4,
20260518-0526_全查,2-diaojian,028WA0352_48_263339_260521033703_00_02_5561.mp4,
20260518-0526_全查,2-diaojian,052W01457_31_689589_260522090003_00_02_3671.mp4,
20260518-0526_全查,2-diaojian,088VA0280_01_1424529_260518221258_00_02_7493.mp4,
20260518-0526_全查,2-diaojian,25710104581314015453_1278_1779_260520171106_00_02_7710.mp4,
20260518-0526_全查,2-diaojian,25710104581314015453_1298_6049_260520172357_00_02_3172.mp4,
20260518-0526_全查,2-diaojian,25710104581314015453_1298_8219_260520172524_00_02_3256.mp4,
20260518-0526_全查,2-diaojian,25710104581314015453_959_3079_260518172158_00_02_3204.mp4,
20260518-0526_全查,2-diaojian,25710104581314015472_1178_8179_260520172522_00_02_7172.mp4,
20260518-0526_全查,2-diaojian,25710104581314031531_431_1239_260520172322_00_02_8095.mp4,
20260518-0526_全查,2-diaojian,25710104581314031557_1386_1149_260520170307_00_02_4499.mp4,
20260518-0526_全查,2-diaojian,310VA0229_213_1780569_260520055252_00_02_4260.mp4,
20260518-0526_全查,2-diaojian,310VA02373_198_1382029_260520082448_00_02_5817.mp4,
20260518-0526_全查,2-diaojian,310VA02531_227_2030979_260520030753_00_02_4079.mp4,
20260518-0526_全查,2-diaojian,310VA02742_145_3275449_260520042853_00_02_6292.mp4,
20260518-0526_全查,2-diaojian,310VA02808_164_13590169_260518230524_00_02_3626.mp4,
20260518-0526_全查,2-diaojian,311W03104_118_41569_260519235359_00_02_7635.mp4,
20260518-0526_全查,2-diaojian,311W03115_98_808809_260519230346_00_02_3888.mp4,
20260518-0526_全查,2-diaojian,311W03136_122_36659_260519045306_00_02_2633.mp4,
20260518-0526_全查,2-diaojian,311W03139_135_138249_260520042915_00_02_6588.mp4,
20260518-0526_全查,2-diaojian,311W03186_61_585539_260520051329_00_02_3340.mp4,
20260518-0526_全查,2-diaojian,311WA0134_210_1335619_260518210824_00_02_6736.mp4,
20260518-0526_全查,2-diaojian,313VA02427_15_7808309_260522062820_00_02_9630.mp4,
20260518-0526_全查,2-diaojian,314VA02121_02_4447739_260520160303_00_02_4558.mp4,
20260518-0526_全查,2-diaojian,314VA02150_25_4396249_260520134518_00_02_8413.mp4,
20260518-0526_全查,2-diaojian,314VA02153_23_4436939_260520153338_00_02_5526.mp4,
20260518-0526_全查,2-diaojian,314VA02159_31_4513469_260520185744_00_02_5509.mp4,
20260518-0526_全查,2-diaojian,318VA04166_17_2171939_260518194046_00_02_5216.mp4,
20260518-0526_全查,2-diaojian,318VA04339_52_12419_260520044433_00_02_9130.mp4,
20260518-0526_全查,2-diaojian,318VA04394_14_2631199_260519170005_00_02_7466.mp4,
20260518-0526_全查,2-diaojian,335VA01124_14_20639_260518131036_00_02_5447.mp4,
20260518-0526_全查,2-diaojian,335VA0120_43_68399_260521020057_00_02_9644.mp4,
20260518-0526_全查,2-diaojian,335VA0120_43_72799_260520031659_00_02_6691.mp4,
20260518-0526_全查,2-diaojian,335VA0120_97_41579_260519034848_00_02_2481.mp4,
20260518-0526_全查,2-diaojian,335VA02131_30_1239_260518144646_00_02_7335.mp4,
20260518-0526_全查,2-diaojian,335VA02171_107_642649_260521053744_00_02_2799.mp4,
20260518-0526_全查,2-diaojian,351WA01100_199_358539_260520074910_00_02_1069.mp4,
20260518-0526_全查,2-diaojian,351WA01102_02_58609_260518202210_00_02_5344.mp4,
20260518-0526_全查,2-diaojian,351WA011077_123_269479_260520095950_00_02_1156.mp4,
20260518-0526_全查,2-diaojian,351WA01334_221_522239_260522032057_00_02_6009.mp4,
20260518-0526_全查,2-diaojian,351WA0134_202_1639_260520150957_00_02_3998.mp4,
20260518-0526_全查,2-diaojian,351WA0136_35_67559_260518202904_00_02_7668.mp4,
20260518-0526_全查,2-diaojian,351WA01427_243_35889_260520173608_00_02_5565.mp4,
20260518-0526_全查,2-diaojian,351WA0152_160_332549_260520063625_00_02_9359.mp4,
20260518-0526_全查,2-diaojian,351WA01607_141_39359_260520165305_00_02_5078.mp4,
20260518-0526_全查,2-diaojian,351WA01985_51_43589_260520005423_00_02_3199.mp4,
20260518-0526_全查,2-diaojian,351WA0199_124_459849_260520123103_00_02_9033.mp4,
20260518-0526_全查,2-diaojian,351WF01238_300_3212809_260522113131_00_02_1326.mp4,
20260518-0526_全查,2-diaojian,352VA01683_286_6423009_260523124748_00_02_2591.mp4,
20260518-0526_全查,2-diaojian,359W02173_294_279559_260520130614_00_02_2281.mp4,
20260518-0526_全查,2-diaojian,359W02391_201_549819_260521013514_00_02_5513.mp4,
20260518-0526_全查,2-diaojian,359W02677_196_757049_260521094904_00_02_7000.mp4,
20260518-0526_全查,2-diaojian,370W01197_954_11035959_260521130858_00_02_8118.mp4,
20260518-0526_全查,2-diaojian,370W01197_954_11074539_260521145155_00_02_4319.mp4,
20260518-0526_全查,2-diaojian,370W01197_954_11074709_260521145219_00_02_6345.mp4,
20260518-0526_全查,2-diaojian,370W01197_954_11075799_260521145513_00_02_2059.mp4,
20260518-0526_全查,2-diaojian,370W01197_954_11112379_260521163246_00_02_1375.mp4,
20260518-0526_全查,2-diaojian,370W01232_974_2998999_260521163432_00_02_7346.mp4,
20260518-0526_全查,2-diaojian,370W01269_957_10676859_260520211217_00_02_6824.mp4,
20260518-0526_全查,2-diaojian,370W01269_957_11074719_260521145316_00_02_3368.mp4,
20260518-0526_全查,2-diaojian,370W01269_957_11074749_260521145321_00_02_8219.mp4,
20260518-0526_全查,2-diaojian,370W01269_957_11113029_260521163526_00_02_3854.mp4,
20260518-0526_全查,2-diaojian,370W01269_957_11113089_260521163536_00_02_1835.mp4,
20260518-0526_全查,2-diaojian,371WB011741_235_2124369_260518123053_00_02_3416.mp4,
20260518-0526_全查,2-diaojian,372VA01122_154_3279_260519053456_00_02_1442.mp4,
20260518-0526_全查,2-diaojian,372VA0275_65_1161149_260520214025_00_02_3012.mp4,
20260518-0526_全查,2-diaojian,372VA0293_23_75639_260518193823_00_02_3290.mp4,
20260518-0526_全查,2-diaojian,373W0183_18_7503619_260522025544_00_02_3292.mp4,
20260518-0526_全查,2-diaojian,391VA02167_10_101739_260522082328_00_02_6616.mp4,
20260518-0526_全查,2-diaojian,393VA02152_01_2926069_260520182455_00_02_6069.mp4,
20260518-0526_全查,2-diaojian,393VA0225_98_1050069_260521054241_00_02_2368.mp4,
20260518-0526_全查,2-diaojian,394VA02109_21_56749_260521060007_00_02_4370.mp4,
20260518-0526_全查,2-diaojian,411W05278_140_273089_260521045500_00_02_1135.mp4,
20260518-0526_全查,2-diaojian,411W05301_51_9889_260520012925_00_02_9189.mp4,
20260518-0526_全查,2-diaojian,411W0566_56_170959_260520205139_00_02_7326.mp4,
20260518-0526_全查,2-diaojian,411W05751_197_62689_260520193633_00_02_8907.mp4,
20260518-0526_全查,2-diaojian,411W05752_176_42649_260521074852_00_02_2158.mp4,
20260518-0526_全查,2-diaojian,411W05753_199_205749_260521021343_00_02_1294.mp4,
20260518-0526_全查,2-diaojian,411W05756_202_65259_260520194346_00_02_1195.mp4,
20260518-0526_全查,2-diaojian,414VA0239_07_13089849_260519015655_00_02_9238.mp4,
20260518-0526_全查,2-diaojian,414VA0239_07_13092359_260519020355_00_02_7899.mp4,
20260518-0526_全查,2-diaojian,419VA0242_12_320919_260520183325_00_02_3230.mp4,
20260518-0526_全查,2-diaojian,431WA01291_387_7349999_260521171009_00_02_3273.mp4,
20260518-0526_全查,2-diaojian,431WA01600_353_7488349_260520202409_00_02_7571.mp4,
20260518-0526_全查,2-diaojian,436VA0146_18_1394919_260519200716_00_02_3023.mp4,
20260518-0526_全查,2-diaojian,451WD01308_381_236759_260520163201_00_02_1909.mp4,
20260518-0526_全查,2-diaojian,451WD01322_185_629199_260518142825_00_02_6853.mp4,
20260518-0526_全查,2-diaojian,451WD01422_329_1584119_260518102634_00_02_3518.mp4,
20260518-0526_全查,2-diaojian,451WD01436_59_2817789_260520171150_00_02_3172.mp4,
20260518-0526_全查,2-diaojian,451WD01436_59_2888929_260520202126_00_02_5671.mp4,
20260518-0526_全查,2-diaojian,451WD01443_65_2720579_260520125731_00_02_5024.mp4,
20260518-0526_全查,2-diaojian,451WD01449_70_2833079_260520175306_00_02_9928.mp4,
20260518-0526_全查,2-diaojian,451WH01361_257_11427149_260520072441_00_02_2944.mp4,
20260518-0526_全查,2-diaojian,453VA0219_05_1202159_260518121357_00_02_5412.mp4,
20260518-0526_全查,2-diaojian,453VA0229_12_2324629_260520161121_00_02_7241.mp4,
20260518-0526_全查,2-diaojian,454VA0243_01_1065349_260521032633_00_02_5146.mp4,
20260518-0526_全查,2-diaojian,455VA0227_13_14949959_260522141324_00_02_1864.mp4,
20260518-0526_全查,2-diaojian,455VA0256_19_13502049_260519190856_00_02_4973.mp4,
20260518-0526_全查,2-diaojian,455VA0256_19_14146119_260521005805_00_02_5510.mp4,
20260518-0526_全查,2-diaojian,455VA0257_07_14429889_260521140547_00_02_1738.mp4,
20260518-0526_全查,2-diaojian,456VA02119_27_31869_260521042841_00_02_6887.mp4,
20260518-0526_全查,2-diaojian,459VA02215_11_14342249_260521094312_00_02_7802.mp4,
20260518-0526_全查,2-diaojian,471W0107_205_5173349_260520032003_00_02_1534.mp4,
20260518-0526_全查,2-diaojian,471W0107_205_5174159_260520032218_00_02_7667.mp4,
20260518-0526_全查,2-diaojian,471W01183_812_3145349_260522051838_00_02_8035.mp4,
20260518-0526_全查,2-diaojian,471W01226_232_4797909_260519094912_00_02_6851.mp4,
20260518-0526_全查,2-diaojian,471W01248_251_6625719_260522222522_00_02_4126.mp4,
20260518-0526_全查,2-diaojian,471W01339_262_2968819_260520042331_00_02_7287.mp4,
20260518-0526_全查,2-diaojian,471W03305_304_3987679_260518195356_00_02_3579.mp4,
20260518-0526_全查,2-diaojian,471W03310_277_7569869_260524181117_00_02_7025.mp4,
20260518-0526_全查,2-diaojian,471W03334_220_4686459_260518195839_00_02_8695.mp4,
20260518-0526_全查,2-diaojian,471W0338_268_2239099_260518195705_00_02_7453.mp4,
20260518-0526_全查,2-diaojian,471W03414_281_2238049_260518195503_00_02_9015.mp4,
20260518-0526_全查,2-diaojian,471W0360_766_4873479_260519042013_00_02_1508.mp4,
20260518-0526_全查,2-diaojian,471W0398_206_5117609_260520003116_00_00_6097.mp4,
20260518-0526_全查,2-diaojian,471WH0187_07_13517159_260519195629_00_02_5442.mp4,
20260518-0526_全查,2-diaojian,472W06635_466_13833629_260523142122_00_02_5539.mp4,
20260518-0526_全查,2-diaojian,472W06736_586_1414909_260521044611_00_02_5627.mp4,
20260518-0526_全查,2-diaojian,474VA0371_29_5706029_260519052308_00_02_3363.mp4,
20260518-0526_全查,2-diaojian,475VA0260_37_171449_260518114554_00_02_3995.mp4,
20260518-0526_全查,2-diaojian,477VA03234_16_14762669_260521043315_00_02_8787.mp4,
20260518-0526_全查,2-diaojian,478VA0229_10_982269_260519013242_00_02_6158.mp4,
20260518-0526_全查,2-diaojian,479VA02150_09_401109_260521001947_00_02_4997.mp4,
20260518-0526_全查,2-diaojian,479VA0245_04_2864359_260521134703_00_02_5649.mp4,
20260518-0526_全查,2-diaojian,510WF011312_289_2503329_260520223022_00_02_1717.mp4,
20260518-0526_全查,2-diaojian,510WF01145_278_1628529_260519103929_00_02_6674.mp4,
20260518-0526_全查,2-diaojian,510WF0117_145_2654069_260521051431_00_02_8616.mp4,
20260518-0526_全查,2-diaojian,510WF01234_237_2653629_260521101246_00_00_7488.mp4,
20260518-0526_全查,2-diaojian,510WF01238_239_2550439_260521052701_00_00_1250.mp4,
20260518-0526_全查,2-diaojian,510WF0143_226_1798779_260518214353_00_02_4661.mp4,
20260518-0526_全查,2-diaojian,511W02233_11_426409_260522103309_00_02_7960.mp4,
20260518-0526_全查,2-diaojian,511W02394_51_268759_260522040641_00_02_8785.mp4,
20260518-0526_全查,2-diaojian,511W02400_18_797819_260521080136_00_02_9248.mp4,
20260518-0526_全查,2-diaojian,511W0241_75_356179_260522080852_00_02_6627.mp4,
20260518-0526_全查,2-diaojian,511W0279_43_548449_260520202939_00_02_8625.mp4,
20260518-0526_全查,2-diaojian,511W0475_28_854669_260522152223_00_02_5133.mp4,
20260518-0526_全查,2-diaojian,512WA0319_109_1119279_260521140835_00_02_5413.mp4,
20260518-0526_全查,2-diaojian,512WA04494_29_500959_260519045906_00_02_2440.mp4,
20260518-0526_全查,2-diaojian,512WA0452_517_2803439_260521114507_00_02_7487.mp4,
20260518-0526_全查,2-diaojian,512WA04658_535_784719_260520190752_00_02_9588.mp4,
20260518-0526_全查,2-diaojian,512WA05489_29_201369_260518185655_00_02_2053.mp4,
20260518-0526_全查,2-diaojian,512WA05778_33_1479839_260520144507_00_02_6900.mp4,
20260518-0526_全查,2-diaojian,512WE0148_66_244829_260520121747_00_02_3430.mp4,
20260518-0526_全查,2-diaojian,512WE021023_130_86759_260519170947_00_02_9693.mp4,
20260518-0526_全查,2-diaojian,512WE022218_57_263119_260518091747_00_02_8502.mp4,
20260518-0526_全查,2-diaojian,512WE02290_87_1042989_260521132457_00_02_4117.mp4,
20260518-0526_全查,2-diaojian,512WE023909_94_400949_260522102917_00_02_5010.mp4,
20260518-0526_全查,2-diaojian,512WE02393_74_23609_260518144512_00_02_3924.mp4,
20260518-0526_全查,2-diaojian,512WE02949_104_245699_260519012854_00_02_5682.mp4,
20260518-0526_全查,2-diaojian,512WR02225_79_1035009_260520033416_00_02_5141.mp4,
20260518-0526_全查,2-diaojian,513W011030_135_8687799_260520203517_00_02_9847.mp4,
20260518-0526_全查,2-diaojian,513W01487_30_11767799_260520034445_00_02_4366.mp4,
20260518-0526_全查,2-diaojian,513W01507_161_6554849_260520054458_00_02_3365.mp4,
20260518-0526_全查,2-diaojian,513W01520_48_12167739_260520213356_00_02_1600.mp4,
20260518-0526_全查,2-diaojian,513W01521_49_12268859_260521020145_00_02_2014.mp4,
20260518-0526_全查,2-diaojian,513W01723_121_11078969_260522144947_00_02_5622.mp4,
20260518-0526_全查,2-diaojian,513W01931_65_12204139_260520231413_00_02_4872.mp4,
20260518-0526_全查,2-diaojian,513W01943_74_13956719_260524050425_00_02_9673.mp4,
20260518-0526_全查,2-diaojian,513W02110_46_11571829_260520020138_00_02_3304.mp4,
20260518-0526_全查,2-diaojian,514W0290_92_519509_260520032410_00_00_8745.mp4,
20260518-0526_全查,2-diaojian,515W05105_203_2607389_260521035344_00_02_8622.mp4,
20260518-0526_全查,2-diaojian,515W05203_195_252229_260519022630_00_02_7736.mp4,
20260518-0526_全查,2-diaojian,515W05505_76_412539_260522102034_00_02_4459.mp4,
20260518-0526_全查,2-diaojian,516WF01171_64_305789_260522042643_00_02_6870.mp4,
20260518-0526_全查,2-diaojian,517W03955_09_19823699_260521085717_00_02_7724.mp4,
20260518-0526_全查,2-diaojian,518W01237_162_759209_260521041126_00_02_3001.mp4,
20260518-0526_全查,2-diaojian,518W01238_163_828039_260521054954_00_02_1667.mp4,
20260518-0526_全查,2-diaojian,518W01314_179_656499_260520221241_00_02_1024.mp4,
20260518-0526_全查,2-diaojian,519X01248_78_864129_260519025655_00_02_4155.mp4,
20260518-0526_全查,2-diaojian,527WA031010_374_586109_260520193653_00_02_7171.mp4,
20260518-0526_全查,2-diaojian,527WA031010_73_781889_260523040431_00_02_6877.mp4,
20260518-0526_全查,2-diaojian,527WA03240_256_5442309_260518144613_00_02_7245.mp4,
20260518-0526_全查,2-diaojian,527WA03404_386_716649_260521013917_00_02_7613.mp4,
20260518-0526_全查,2-diaojian,527WA03502_15_1493479_260524101443_00_02_7973.mp4,
20260518-0526_全查,2-diaojian,527WA03916_24_368939_260522085417_00_02_9289.mp4,
20260518-0526_全查,2-diaojian,531WHL01525_186_7836089_260520125730_00_02_5024.mp4,
20260518-0526_全查,2-diaojian,533W03466_04_11180719_260519033525_00_02_2427.mp4,
20260518-0526_全查,2-diaojian,534VA01304_05_5411569_260522041814_00_02_9126.mp4,
20260518-0526_全查,2-diaojian,535W03116_78_798059_260520043552_00_02_9779.mp4,
20260518-0526_全查,2-diaojian,535W03458_465_4225979_260518094702_00_02_8755.mp4,
20260518-0526_全查,2-diaojian,536W03242_297_7356949_260518195619_00_02_9115.mp4,
20260518-0526_全查,2-diaojian,536W03242_297_7631879_260519083942_00_02_8834.mp4,
20260518-0526_全查,2-diaojian,536W03242_297_7664599_260519101033_00_02_9464.mp4,
20260518-0526_全查,2-diaojian,536W03242_297_7706749_260519120735_00_02_8193.mp4,
20260518-0526_全查,2-diaojian,536W03242_297_7765139_260519144942_00_02_4732.mp4,
20260518-0526_全查,2-diaojian,536W03242_297_7774989_260519151703_00_02_7810.mp4,
20260518-0526_全查,2-diaojian,536W03242_297_8493429_260521003153_00_02_3787.mp4,
20260518-0526_全查,2-diaojian,536W03242_297_8494179_260521003358_00_02_5598.mp4,
20260518-0526_全查,2-diaojian,536W03242_297_8645589_260521073422_00_02_9707.mp4,
20260518-0526_全查,2-diaojian,536W0581_106_11275979_260522115120_00_02_2966.mp4,
20260518-0526_全查,2-diaojian,538VA0296_00_16140869_260524233523_00_02_7494.mp4,
20260518-0526_全查,2-diaojian,543VA03324_451_665719_260518215923_00_02_1389.mp4,
20260518-0526_全查,2-diaojian,543VA03546_390_2258859_260521234438_00_02_7782.mp4,
20260518-0526_全查,2-diaojian,552W0365_55_1021429_260520161338_00_02_6381.mp4,
20260518-0526_全查,2-diaojian,558WA02864_92_10799_260519192654_00_02_2506.mp4,
20260518-0526_全查,2-diaojian,558WA02876_42_82669_260521200611_00_02_3703.mp4,
20260518-0526_全查,2-diaojian,571R01114_25_277889_260520110431_00_02_7799.mp4,
20260518-0526_全查,2-diaojian,571WA041445_00_672069_260518152541_00_02_1021.mp4,
20260518-0526_全查,2-diaojian,571WB031095_323_787709_260520044948_00_02_7912.mp4,
20260518-0526_全查,2-diaojian,571WB031753_193_2390119_260519225647_00_02_2905.mp4,
20260518-0526_全查,2-diaojian,571WB031886_227_979229_260521052456_00_02_5112.mp4,
20260518-0526_全查,2-diaojian,571WB032218_106_14226859_260520034320_00_02_9036.mp4,
20260518-0526_全查,2-diaojian,571WB032236_140_13932019_260519140231_00_02_2992.mp4,
20260518-0526_全查,2-diaojian,571WB032237_141_14484529_260520154010_00_02_3990.mp4,
20260518-0526_全查,2-diaojian,571WF021629_24_6891519_260521045741_00_02_2728.mp4,
20260518-0526_全查,2-diaojian,571WF021899_115_4534059_260522203929_00_02_3354.mp4,
20260518-0526_全查,2-diaojian,571WF02273_114_3566519_260521000211_00_02_2086.mp4,
20260518-0526_全查,2-diaojian,571WF02394_132_1838889_260520223231_00_02_6215.mp4,
20260518-0526_全查,2-diaojian,571WF0256_34_2297639_260518200149_00_02_6472.mp4,
20260518-0526_全查,2-diaojian,571WF02861_09_4334589_260521023531_00_02_9706.mp4,
20260518-0526_全查,2-diaojian,572W05226_95_3727039_260520200637_00_02_2919.mp4,
20260518-0526_全查,2-diaojian,572W05527_98_507479_260518203746_00_02_2647.mp4,
20260518-0526_全查,2-diaojian,572W05566_27_4072049_260521113855_00_02_1236.mp4,
20260518-0526_全查,2-diaojian,572W05567_28_3786729_260520222223_00_02_8827.mp4,
20260518-0526_全查,2-diaojian,572W05580_41_4330709_260521232924_00_02_7079.mp4,
20260518-0526_全查,2-diaojian,572W05652_19_2738839_260518215135_00_02_9903.mp4,
20260518-0526_全查,2-diaojian,572W05653_20_3416409_260520051716_00_02_7632.mp4,
20260518-0526_全查,2-diaojian,572W05655_22_3891139_260521031220_00_02_2117.mp4,
20260518-0526_全查,2-diaojian,572W05659_26_4302989_260521221920_00_02_1370.mp4,
20260518-0526_全查,2-diaojian,572W05681_11_3413919_260520045559_00_02_4545.mp4,
20260518-0526_全查,2-diaojian,574R0103_01_17189_260524053612_00_02_6597.mp4,
20260518-0526_全查,2-diaojian,574R0144_04_264669_260519170150_00_02_9728.mp4,
20260518-0526_全查,2-diaojian,574R0153_26_173419_260520125023_00_02_8529.mp4,
20260518-0526_全查,2-diaojian,574R0162_33_321209_260520193910_00_02_9907.mp4,
20260518-0526_全查,2-diaojian,574WA04459_75_61229_260519023302_00_02_1013.mp4,
20260518-0526_全查,2-diaojian,574WA04470_100_641289_260521142811_00_02_8252.mp4,
20260518-0526_全查,2-diaojian,574WA04510_59_531419_260520033322_00_02_5969.mp4,
20260518-0526_全查,2-diaojian,574WA05137_114_236169_260518211208_00_02_9640.mp4,
20260518-0526_全查,2-diaojian,574WA05349_39_94979_260519065812_00_02_3324.mp4,
20260518-0526_全查,2-diaojian,574WA05379_35_2616519_260523231652_00_02_3492.mp4,
20260518-0526_全查,2-diaojian,574WA05477_53_292239_260519230656_00_02_1679.mp4,
20260518-0526_全查,2-diaojian,575W061387_59_22747099_260519020133_00_02_9251.mp4,
20260518-0526_全查,2-diaojian,575W06292_04_844119_260522002924_00_02_2619.mp4,
20260518-0526_全查,2-diaojian,575W06414_33_405829_260521041227_00_02_4223.mp4,
20260518-0526_全查,2-diaojian,577R01153_131_13742029_260520202643_00_02_7172.mp4,
20260518-0526_全查,2-diaojian,577WD02518_302_69069_260518210419_00_02_7734.mp4,
20260518-0526_全查,2-diaojian,577WD02612_300_6702429_260520160346_00_02_8984.mp4,
20260518-0526_全查,2-diaojian,577WD02635_32_2409819_260520230532_00_00_1937.mp4,
20260518-0526_全查,2-diaojian,577WD02636_165_7220019_260521160104_00_02_4331.mp4,
20260518-0526_全查,2-diaojian,579W01104_123_1180199_260520002616_00_02_4412.mp4,
20260518-0526_全查,2-diaojian,579W02461_43_1466009_260518073113_00_02_2990.mp4,
20260518-0526_全查,2-diaojian,579W02461_43_2533869_260520082200_00_02_3471.mp4,
20260518-0526_全查,2-diaojian,579W0340_152_878269_260520110705_00_02_4460.mp4,
20260518-0526_全查,2-diaojian,579WA0140_102_5717359_260520031805_00_02_5327.mp4,
20260518-0526_全查,2-diaojian,579WA01442_26_11094789_260521210627_00_02_1811.mp4,
20260518-0526_全查,2-diaojian,579WA01445_27_10094219_260519224629_00_02_3680.mp4,
20260518-0526_全查,2-diaojian,579WA01460_31_11542379_260522174820_00_02_6745.mp4,
20260518-0526_全查,2-diaojian,579WA01624_118_4202879_260519053724_00_02_2467.mp4,
20260518-0526_全查,2-diaojian,579WA02299_52_5192439_260519031249_00_02_6430.mp4,
20260518-0526_全查,2-diaojian,579WA02379_65_11852379_260522072730_00_02_4813.mp4,
20260518-0526_全查,2-diaojian,579WA02403_51_12641289_260520012917_00_02_5780.mp4,
20260518-0526_全查,2-diaojian,579WA02606_144_3641229_260522014115_00_02_4037.mp4,
20260518-0526_全查,2-diaojian,579WA0280_05_13183879_260518201411_00_02_4520.mp4,
20260518-0526_全查,2-diaojian,579WA0298_59_13363619_260518113008_00_02_3219.mp4,
20260518-0526_全查,2-diaojian,579WH03743_1008_270599_260521145137_00_02_4547.mp4,
20260518-0526_全查,2-diaojian,579WH03743_1008_271609_260521145419_00_02_3798.mp4,
20260518-0526_全查,2-diaojian,579WH03743_1008_271679_260521145430_00_02_7602.mp4,
20260518-0526_全查,2-diaojian,580VA01158_01_17620349_260520030128_00_02_6580.mp4,
20260518-0526_全查,2-diaojian,580VA01260_46_255239_260520031708_00_02_6810.mp4,
20260518-0526_全查,2-diaojian,591WA03374_17_745239_260520145328_00_02_7033.mp4,
20260518-0526_全查,2-diaojian,591WA03388_19_678209_260520003722_00_02_2753.mp4,
20260518-0526_全查,2-diaojian,591WA03508_99_68499_260522140907_00_02_3898.mp4,
20260518-0526_全查,2-diaojian,592WD01164_266_1499309_260522055713_00_02_4455.mp4,
20260518-0526_全查,2-diaojian,592WD01167_267_594549_260520120149_00_02_5325.mp4,
20260518-0526_全查,2-diaojian,592WD01180_272_1206119_260521162120_00_02_4023.mp4,
20260518-0526_全查,2-diaojian,592WD01423_431_412119_260520033425_00_02_2533.mp4,
20260518-0526_全查,2-diaojian,594W01442_05_1022419_260520134558_00_02_5066.mp4,
20260518-0526_全查,2-diaojian,594W03469_35_601199_260521001124_00_02_3041.mp4,
20260518-0526_全查,2-diaojian,594W03477_42_167129_260520040436_00_02_8056.mp4,
20260518-0526_全查,2-diaojian,594W03482_60_575909_260520230016_00_02_2279.mp4,
20260518-0526_全查,2-diaojian,595X03286_1268_654319_260521131138_00_02_3362.mp4,
20260518-0526_全查,2-diaojian,595XA01425_261_1636339_260520142321_00_02_2947.mp4,
20260518-0526_全查,2-diaojian,595XA01477_209_387179_260518073727_00_02_7062.mp4,
20260518-0526_全查,2-diaojian,595XA01799_221_1538999_260520125207_00_02_1294.mp4,
20260518-0526_全查,2-diaojian,595XA0437_198_801519_260519024907_00_02_3105.mp4,
20260518-0526_全查,2-diaojian,595XA0443_166_803429_260520233025_00_02_1617.mp4,
20260518-0526_全查,2-diaojian,595XA0490_205_1938019_260521072344_00_02_4214.mp4,
20260518-0526_全查,2-diaojian,597VA01201_00_1001319_260520032050_00_02_5858.mp4,
20260518-0526_全查,2-diaojian,597VA01202_03_361469_260518214614_00_02_5515.mp4,
20260518-0526_全查,2-diaojian,633VA0305_11_8641929_260520192056_00_02_7284.mp4,
20260518-0526_全查,2-diaojian,660VW02102_96_10055639_260519031156_00_02_3196.mp4,
20260518-0526_全查,2-diaojian,662VA03113_06_5558029_260519072630_00_00_1386.mp4,
20260518-0526_全查,2-diaojian,663WA02847_09_1453069_260521040754_00_02_7197.mp4,
20260518-0526_全查,2-diaojian,668VA02218_90_572329_260521113236_00_02_5571.mp4,
20260518-0526_全查,2-diaojian,668VA02240_29_639189_260521153910_00_02_3549.mp4,
20260518-0526_全查,2-diaojian,691VA0293_93_798579_260521012624_00_02_7598.mp4,
20260518-0526_全查,2-diaojian,710VA0239_99_17009_260520011156_00_02_8044.mp4,
20260518-0526_全查,2-diaojian,711VA02105_46_175359_260520031003_00_02_9821.mp4,
20260518-0526_全查,2-diaojian,711VA02424_70_81199_260518194749_00_02_3403.mp4,
20260518-0526_全查,2-diaojian,711VA02474_256_835369_260521094404_00_02_4934.mp4,
20260518-0526_全查,2-diaojian,711VA02510_02_211409_260519014957_00_02_2706.mp4,
20260518-0526_全查,2-diaojian,711VA02531_07_28469_260518171759_00_02_5743.mp4,
20260518-0526_全查,2-diaojian,711VA02531_07_28889_260518171906_00_02_4998.mp4,
20260518-0526_全查,2-diaojian,711VA02538_14_28129_260518171708_00_02_3641.mp4,
20260518-0526_全查,2-diaojian,711VA02543_19_27479_260518171753_00_02_1398.mp4,
20260518-0526_全查,2-diaojian,711VA02547_14_22759_260518171545_00_02_7906.mp4,
20260518-0526_全查,2-diaojian,711VA02561_26_13419_260518203640_00_02_1611.mp4,
20260518-0526_全查,2-diaojian,711VA02561_26_28399_260518171803_00_02_8490.mp4,
20260518-0526_全查,2-diaojian,711VA02602_110_21259_260518171414_00_02_9134.mp4,
20260518-0526_全查,2-diaojian,718VA03180_05_756939_260521080516_00_02_5797.mp4,
20260518-0526_全查,2-diaojian,724VA02211_63_114509_260518211000_00_02_2708.mp4,
20260518-0526_全查,2-diaojian,724VA02669_256_170269_260520004554_00_02_2191.mp4,
20260518-0526_全查,2-diaojian,7311WA01550_88_9155539_260519213732_00_02_3464.mp4,
20260518-0526_全查,2-diaojian,7311WA031183_71_9322569_260520221913_00_02_7345.mp4,
20260518-0526_全查,2-diaojian,7311WA031308_09_5255439_260522005958_00_02_3804.mp4,
20260518-0526_全查,2-diaojian,7311WA031427_69_5817049_260521062643_00_02_6285.mp4,
20260518-0526_全查,2-diaojian,7311WA03204_95_5654669_260520012525_00_02_7231.mp4,
20260518-0526_全查,2-diaojian,7311WE012408_44_102949_260520234750_00_02_1186.mp4,
20260518-0526_全查,2-diaojian,7311WE012409_45_118119_260520233003_00_02_5047.mp4,
20260518-0526_全查,2-diaojian,7311WE01323_70_177439_260521031131_00_02_1930.mp4,
20260518-0526_全查,2-diaojian,7311WE01350_13_28749_260520174525_00_02_2556.mp4,
20260518-0526_全查,2-diaojian,7311WE01684_93_24049_260520201026_00_02_9170.mp4,
20260518-0526_全查,2-diaojian,7312VA03100_394_1258499_260518235404_00_02_1006.mp4,
20260518-0526_全查,2-diaojian,7312VA03100_394_1606959_260519155655_00_02_8454.mp4,
20260518-0526_全查,2-diaojian,7312VA03100_394_2127509_260520155519_00_02_6545.mp4,
20260518-0526_全查,2-diaojian,7313W01290_181_669889_260520024918_00_02_9632.mp4,
20260518-0526_全查,2-diaojian,7313W01703_126_2299209_260520224403_00_02_9041.mp4,
20260518-0526_全查,2-diaojian,7313W03150_813_1934259_260520054709_00_02_6442.mp4,
20260518-0526_全查,2-diaojian,734WA01109_42_817669_260518193721_00_02_3280.mp4,
20260518-0526_全查,2-diaojian,734WA01131_78_227739_260520042314_00_02_3113.mp4,
20260518-0526_全查,2-diaojian,736VA0225_44_564229_260519143554_00_02_1289.mp4,
20260518-0526_全查,2-diaojian,736VA02392_46_1175839_260518124645_00_02_4775.mp4,
20260518-0526_全查,2-diaojian,738VA02186_274_13721469_260520045528_00_02_3207.mp4,
20260518-0526_全查,2-diaojian,738VA02187_275_13825739_260520094509_00_02_3449.mp4,
20260518-0526_全查,2-diaojian,738VA02187_275_14090779_260520220122_00_02_3809.mp4,
20260518-0526_全查,2-diaojian,738VA02190_315_13179969_260519041836_00_02_3901.mp4,
20260518-0526_全查,2-diaojian,739VA0207_78_589_260520014943_00_02_7967.mp4,
20260518-0526_全查,2-diaojian,739VA02112_219_373989_260522055718_00_02_5826.mp4,
20260518-0526_全查,2-diaojian,739VA02128_139_28439_260520154958_00_02_8085.mp4,
20260518-0526_全查,2-diaojian,739VA0243_63_62089_260520043121_00_02_3617.mp4,
20260518-0526_全查,2-diaojian,739VA0243_63_65789_260520044114_00_02_3502.mp4,
20260518-0526_全查,2-diaojian,739VA0244_162_209489_260520234734_00_02_9999.mp4,
20260518-0526_全查,2-diaojian,744VA02127_04_506959_260519025521_00_00_6416.mp4,
20260518-0526_全查,2-diaojian,745VA02169_281_1384839_260520025853_00_02_7794.mp4,
20260518-0526_全查,2-diaojian,746VA04150_112_6121759_260520093759_00_02_2373.mp4,
20260518-0526_全查,2-diaojian,750VA01256_39_496029_260520001254_00_02_2564.mp4,
20260518-0526_全查,2-diaojian,750VA01256_45_309789_260518221515_00_02_7917.mp4,
20260518-0526_全查,2-diaojian,750VA0160_07_67609_260520052002_00_02_7481.mp4,
20260518-0526_全查,2-diaojian,751VA02129_393_114669_260519103824_00_02_4049.mp4,
20260518-0526_全查,2-diaojian,755R011552_32_39859119_260520001547_00_02_6396.mp4,
20260518-0526_全查,2-diaojian,755R01304_09_1959169_260520215833_00_02_4547.mp4,
20260518-0526_全查,2-diaojian,755R01304_09_1979049_260520223141_00_02_8119.mp4,
20260518-0526_全查,2-diaojian,755R01592_296_824889_260518104941_00_02_6190.mp4,
20260518-0526_全查,2-diaojian,755R01633_49_1015329_260520143446_00_02_7425.mp4,
20260518-0526_全查,2-diaojian,755R01832_303_2730359_260518075952_00_02_7999.mp4,
20260518-0526_全查,2-diaojian,755R01881_25_2516369_260522070950_00_02_1821.mp4,
20260518-0526_全查,2-diaojian,755RC01214_18_1747739_260520022323_00_02_9142.mp4,
20260518-0526_全查,2-diaojian,755RC01217_19_1986429_260520125620_00_02_9890.mp4,
20260518-0526_全查,2-diaojian,755RC01218_20_2023239_260520143446_00_02_7425.mp4,
20260518-0526_全查,2-diaojian,755RC01268_253_336819_260522074640_00_02_7655.mp4,
20260518-0526_全查,2-diaojian,755RC01268_253_348919_260522081856_00_02_4722.mp4,
20260518-0526_全查,2-diaojian,755RC01268_253_350909_260522082415_00_02_6667.mp4,
20260518-0526_全查,2-diaojian,755RC01268_253_385089_260522095523_00_02_7084.mp4,
20260518-0526_全查,2-diaojian,755RD01671_281_2545379_260520130835_00_02_6968.mp4,
20260518-0526_全查,2-diaojian,755RD01679_35_43009_260521172930_00_02_4460.mp4,
20260518-0526_全查,2-diaojian,755RD01681_36_468249_260522051845_00_02_9666.mp4,
20260518-0526_全查,2-diaojian,755RD01689_40_551679_260522073755_00_02_9345.mp4,
20260518-0526_全查,2-diaojian,755VM03250_241_434049_260520092146_00_02_1530.mp4,
20260518-0526_全查,2-diaojian,755W08214_402_291829_260522001500_00_02_9794.mp4,
20260518-0526_全查,2-diaojian,755W08226_146_1100339_260519075618_00_02_6099.mp4,
20260518-0526_全查,2-diaojian,755W08635_169_1050629_260519034223_00_02_8561.mp4,
20260518-0526_全查,2-diaojian,755W08636_170_946839_260518230553_00_02_9602.mp4,
20260518-0526_全查,2-diaojian,755W08648_179_1008959_260519034010_00_02_3602.mp4,
20260518-0526_全查,2-diaojian,755W08701_288_334579_260520074332_00_02_3466.mp4,
20260518-0526_全查,2-diaojian,755WF2576_242_1853819_260519145941_00_02_3232.mp4,
20260518-0526_全查,2-diaojian,755WF27432_23_487889_260519045611_00_02_7620.mp4,
20260518-0526_全查,2-diaojian,755WF27463_164_5522509_260521052023_00_02_1605.mp4,
20260518-0526_全查,2-diaojian,755WF27474_174_6040819_260522052633_00_02_4422.mp4,
20260518-0526_全查,2-diaojian,755WF27872_75_1526759_260521143324_00_02_9974.mp4,
20260518-0526_全查,2-diaojian,755WJ02767_74_2980659_260521235926_00_02_4625.mp4,
20260518-0526_全查,2-diaojian,755WJ02777_83_1242829_260518184537_00_02_7425.mp4,
20260518-0526_全查,2-diaojian,755WM011246_95_1174809_260518154653_00_02_7822.mp4,
20260518-0526_全查,2-diaojian,755WM011947_88_1655529_260519161549_00_02_4483.mp4,
20260518-0526_全查,2-diaojian,755WM01830_38_1222129_260518201520_00_02_4798.mp4,
20260518-0526_全查,2-diaojian,755WM01873_06_1284069_260518230557_00_02_1055.mp4,
20260518-0526_全查,2-diaojian,755WM01880_13_1232659_260518204332_00_02_4666.mp4,
20260518-0526_全查,2-diaojian,755X02444_30_188269_260521112109_00_02_7087.mp4,
20260518-0526_全查,2-diaojian,756W01571_378_116359_260521075002_00_02_6572.mp4,
20260518-0526_全查,2-diaojian,756W01571_378_365589_260521192249_00_02_4648.mp4,
20260518-0526_全查,2-diaojian,756W01571_378_58199_260521050821_00_02_2946.mp4,
20260518-0526_全查,2-diaojian,757WA0104_01_100059_260518215145_00_02_3824.mp4,
20260518-0526_全查,2-diaojian,757WA0104_200_601199_260520224605_00_02_9515.mp4,
20260518-0526_全查,2-diaojian,757WA011167_232_439679_260520152504_00_02_9885.mp4,
20260518-0526_全查,2-diaojian,757WA011167_90_94359_260518220828_00_02_6343.mp4,
20260518-0526_全查,2-diaojian,757WA011202_125_23239_260519043128_00_02_7659.mp4,
20260518-0526_全查,2-diaojian,757WA01121_29_90169_260518211603_00_02_2328.mp4,
20260518-0526_全查,2-diaojian,757WA0114_162_679929_260521022446_00_02_3759.mp4,
20260518-0526_全查,2-diaojian,757WA0115_12_195109_260519021545_00_02_7318.mp4,
20260518-0526_全查,2-diaojian,757WA0115_163_169319_260520024716_00_02_9150.mp4,
20260518-0526_全查,2-diaojian,757WA011832_218_1085789_260521212220_00_02_4018.mp4,
20260518-0526_全查,2-diaojian,757WA011876_151_164559_260519080712_00_02_3560.mp4,
20260518-0526_全查,2-diaojian,757WA0126_172_1148099_260521215703_00_02_2473.mp4,
20260518-0526_全查,2-diaojian,757WA0129_24_116009_260518222118_00_02_8868.mp4,
20260518-0526_全查,2-diaojian,757WA01352_150_660559_260521002042_00_02_8779.mp4,
20260518-0526_全查,2-diaojian,757WA01352_150_662559_260521002602_00_02_3636.mp4,
20260518-0526_全查,2-diaojian,757WA01352_17_104889_260518220154_00_02_6290.mp4,
20260518-0526_全查,2-diaojian,757WA01353_151_149429_260520013830_00_02_2925.mp4,
20260518-0526_全查,2-diaojian,757WA01357_154_66739_260519215809_00_02_7808.mp4,
20260518-0526_全查,2-diaojian,757WA01371_120_72149_260519064009_00_02_4218.mp4,
20260518-0526_全查,2-diaojian,757WA01394_174_1764139_260523012450_00_02_4826.mp4,
20260518-0526_全查,2-diaojian,757WE0107_255_1876029_260520002106_00_02_4581.mp4,
20260518-0526_全查,2-diaojian,757WE0107_255_1877529_260520002516_00_02_4448.mp4,
20260518-0526_全查,2-diaojian,757WE0107_255_3729439_260523141156_00_02_8909.mp4,
20260518-0526_全查,2-diaojian,757WE01101_292_395979_260520014816_00_02_1493.mp4,
20260518-0526_全查,2-diaojian,757WE0116_259_1391179_260518231713_00_02_2630.mp4,
20260518-0526_全查,2-diaojian,757WE01220_271_1176239_260518134422_00_02_3973.mp4,
20260518-0526_全查,2-diaojian,757WE01245_263_138389_260518141519_00_02_8492.mp4,
20260518-0526_全查,2-diaojian,757WE01245_263_914389_260520004455_00_02_1795.mp4,
20260518-0526_全查,2-diaojian,757WE01245_263_957629_260520024014_00_02_3927.mp4,
20260518-0526_全查,2-diaojian,757WE01312_213_1285709_260518210355_00_02_9659.mp4,
20260518-0526_全查,2-diaojian,757WE01541_339_922679_260521025517_00_02_4422.mp4,
20260518-0526_全查,2-diaojian,759VA0262_00_23039_260520045235_00_02_6215.mp4,
20260518-0526_全查,2-diaojian,760W02100_150_2641729_260520005447_00_02_5582.mp4,
20260518-0526_全查,2-diaojian,760W02185_140_2007709_260520005745_00_02_6023.mp4,
20260518-0526_全查,2-diaojian,760W02438_273_2698119_260521194203_00_02_6907.mp4,
20260518-0526_全查,2-diaojian,760W02448_283_995079_260518125122_00_02_6393.mp4,
20260518-0526_全查,2-diaojian,760W02479_263_1133329_260520075720_00_02_3152.mp4,
20260518-0526_全查,2-diaojian,760W02612_327_506479_260520132014_00_02_7201.mp4,
20260518-0526_全查,2-diaojian,762VA02168_74_5876449_260522090024_00_02_9194.mp4,
20260518-0526_全查,2-diaojian,763X01346_63_510169_260522024546_00_02_5852.mp4,
20260518-0526_全查,2-diaojian,763X01369_30_73969_260521010737_00_02_6505.mp4,
20260518-0526_全查,2-diaojian,763X01384_31_14168759_260519211416_00_02_5374.mp4,
20260518-0526_全查,2-diaojian,763X01396_36_98089_260520073201_00_02_5689.mp4,
20260518-0526_全查,2-diaojian,763X0161_25_13710129_260519025434_00_02_3002.mp4,
20260518-0526_全查,2-diaojian,763X0168_18_259159_260520004022_00_02_9176.mp4,
20260518-0526_全查,2-diaojian,763X021101_07_13653299_260518190507_00_02_5286.mp4,
20260518-0526_全查,2-diaojian,763X021101_07_13661369_260518192638_00_02_9519.mp4,
20260518-0526_全查,2-diaojian,763X021101_63_225299_260520130420_00_02_8766.mp4,
20260518-0526_全查,2-diaojian,763X021101_63_238269_260520133855_00_02_7718.mp4,
20260518-0526_全查,2-diaojian,763X021101_63_242899_260520135116_00_02_6845.mp4,
20260518-0526_全查,2-diaojian,763X021101_63_243069_260520135143_00_02_5613.mp4,
20260518-0526_全查,2-diaojian,763X021101_73_182729_260521111135_00_02_8741.mp4,
20260518-0526_全查,2-diaojian,763X021101_73_330019_260521174422_00_02_7759.mp4,
20260518-0526_全查,2-diaojian,763X021102_08_837599_260518185959_00_02_1025.mp4,
20260518-0526_全查,2-diaojian,763X021102_08_837639_260518190004_00_02_8446.mp4,
20260518-0526_全查,2-diaojian,763X021102_08_837729_260518190015_00_02_2739.mp4,
20260518-0526_全查,2-diaojian,763X021102_08_838379_260518190133_00_02_1762.mp4,
20260518-0526_全查,2-diaojian,763X021102_08_849669_260518192627_00_02_4727.mp4,
20260518-0526_全查,2-diaojian,763X021102_08_849909_260518192706_00_02_7623.mp4,
20260518-0526_全查,2-diaojian,763X021102_64_245759_260520130320_00_02_5344.mp4,
20260518-0526_全查,2-diaojian,763X021102_74_435099_260521205159_00_02_5312.mp4,
20260518-0526_全查,2-diaojian,763X021463_10_22249_260521043714_00_02_3804.mp4,
20260518-0526_全查,2-diaojian,763X021483_05_929_260520224109_00_02_3654.mp4,
20260518-0526_全查,2-diaojian,763X021494_24_439869_260520223537_00_02_3578.mp4,
20260518-0526_全查,2-diaojian,763X021496_08_5437119_260518090338_00_02_5617.mp4,
20260518-0526_全查,2-diaojian,763X021504_98_440289_260520223545_00_02_7500.mp4,
20260518-0526_全查,2-diaojian,763X02929_19_13606179_260518223412_00_02_4414.mp4,
20260518-0526_全查,2-diaojian,769WB01479_43_5299829_260518224815_00_02_7033.mp4,
20260518-0526_全查,2-diaojian,769WB01573_53_5300289_260518224806_00_02_4917.mp4,
20260518-0526_全查,2-diaojian,769WB01581_56_5280389_260518215421_00_02_8158.mp4,
20260518-0526_全查,2-diaojian,769WB01582_23_175209_260520230153_00_02_8802.mp4,
20260518-0526_全查,2-diaojian,769WB01740_62_5939989_260520042603_00_02_7944.mp4,
20260518-0526_全查,2-diaojian,769WB01743_26_125709_260520203042_00_02_4164.mp4,
20260518-0526_全查,2-diaojian,769WB01743_26_132169_260520204755_00_02_7348.mp4,
20260518-0526_全查,2-diaojian,769WB01743_26_193219_260520233037_00_02_1811.mp4,
20260518-0526_全查,2-diaojian,769WB01743_26_197129_260520234102_00_02_8087.mp4,
20260518-0526_全查,2-diaojian,769WB01743_26_212619_260521002219_00_02_3840.mp4,
20260518-0526_全查,2-diaojian,769WB01743_96_811619_260524004856_00_02_6723.mp4,
20260518-0526_全查,2-diaojian,769WM011007_243_2380099_260520010601_00_02_2099.mp4,
20260518-0526_全查,2-diaojian,769WM011026_07_6560799_260520073541_00_02_7226.mp4,
20260518-0526_全查,2-diaojian,769WM011209_185_5379289_260522143748_00_02_5355.mp4,
20260518-0526_全查,2-diaojian,769WM01438_194_4869329_260519013934_00_02_5659.mp4,
20260518-0526_全查,2-diaojian,769WM01442_197_5206859_260519163235_00_02_2020.mp4,
20260518-0526_全查,2-diaojian,769WM01445_198_5916889_260521012513_00_02_1523.mp4,
20260518-0526_全查,2-diaojian,769WM0165_148_36819_260520201252_00_02_6000.mp4,
20260518-0526_全查,2-diaojian,769XG011038_49_1395489_260521080928_00_02_4468.mp4,
20260518-0526_全查,2-diaojian,769XG011043_27_420939_260519100252_00_02_7060.mp4,
20260518-0526_全查,2-diaojian,769XG011043_27_78209_260518181050_00_02_9967.mp4,
20260518-0526_全查,2-diaojian,769XG011222_24_1219439_260521000009_00_02_8034.mp4,
20260518-0526_全查,2-diaojian,769XG011229_30_314209_260519052821_00_02_3964.mp4,
20260518-0526_全查,2-diaojian,769XG011233_33_288659_260520212538_00_02_1081.mp4,
20260518-0526_全查,2-diaojian,769XG011235_34_374209_260521011356_00_02_5463.mp4,
20260518-0526_全查,2-diaojian,769XG011237_36_272739_260519033750_00_02_4800.mp4,
20260518-0526_全查,2-diaojian,769XG011269_23_906769_260520083221_00_02_6760.mp4,
20260518-0526_全查,2-diaojian,769XG012147_29_2887229_260521234551_00_02_7364.mp4,
20260518-0526_全查,2-diaojian,769XG012194_04_409199_260519102850_00_02_9683.mp4,
20260518-0526_全查,2-diaojian,769XG01971_47_835989_260520061515_00_02_3050.mp4,
20260518-0526_全查,2-diaojian,771W03310_217_296519_260520201105_00_02_6158.mp4,
20260518-0526_全查,2-diaojian,771W03317_109_50639_260518164227_00_02_3736.mp4,
20260518-0526_全查,2-diaojian,771W03442_192_284209_260520021913_00_02_1928.mp4,
20260518-0526_全查,2-diaojian,771W03443_193_342769_260520050153_00_02_2122.mp4,
20260518-0526_全查,2-diaojian,772VH01118_15_13144499_260519015447_00_02_8770.mp4,
20260518-0526_全查,2-diaojian,777VA02171_01_1752529_260518115532_00_02_4199.mp4,
20260518-0526_全查,2-diaojian,794VA0308_34_133509_260520025210_00_02_7928.mp4,
20260518-0526_全查,2-diaojian,797VH01271_38_2875929_260518231537_00_02_7564.mp4,
20260518-0526_全查,2-diaojian,797W02404_209_5658039_260520133436_00_02_6096.mp4,
20260518-0526_全查,2-diaojian,797W02529_14_230479_260520032501_00_02_3502.mp4,
20260518-0526_全查,2-diaojian,816VA02234_42_444919_260519013020_00_02_2105.mp4,
20260518-0526_全查,2-diaojian,825VA0232_17_2371819_260521083145_00_02_2818.mp4,
20260518-0526_全查,2-diaojian,855VA0304_01_805969_260518223635_00_02_4555.mp4,
20260518-0526_全查,2-diaojian,870VA02262_19_48419_260521151937_00_02_4325.mp4,
20260518-0526_全查,2-diaojian,871W011322_350_1016679_260520165238_00_02_3553.mp4,
20260518-0526_全查,2-diaojian,872WW0159_23_503409_260519024033_00_02_9624.mp4,
20260518-0526_全查,2-diaojian,891VA04101_64_2647359_260520110320_00_00_4615.mp4,
20260518-0526_全查,2-diaojian,891VA04102_69_9491409_260519150639_00_00_3357.mp4,
20260518-0526_全查,2-diaojian,891VA0467_192_350969_260522004316_00_02_9905.mp4,
20260518-0526_全查,2-diaojian,8981V03245_27_345809_260521091839_00_02_7205.mp4,
20260518-0526_全查,2-diaojian,8981V03291_51_93159_260520213711_00_02_7163.mp4,
20260518-0526_全查,2-diaojian,898W011034_1128_1350849_260520155414_00_02_5355.mp4,
20260518-0526_全查,2-diaojian,898W011207_207_952569_260518212249_00_02_7408.mp4,
20260518-0526_全查,2-diaojian,898W011208_208_1573369_260520020633_00_02_9676.mp4,
20260518-0526_全查,2-diaojian,913VA0269_39_2126609_260520043718_00_02_6068.mp4,
20260518-0526_全查,2-diaojian,914VA01194_25_85539_260519084440_00_02_2801.mp4,
20260518-0526_全查,2-diaojian,931W01614_15_231849_260518131725_00_02_2938.mp4,
20260518-0526_全查,2-diaojian,937VA02102_02_43589_260521043251_00_02_2482.mp4,
20260518-0526_全查,2-diaojian,937VA0232_68_1023599_260521023147_00_02_2843.mp4,
20260518-0526_全查,2-diaojian,937VA0295_12_54419_260521050152_00_02_7592.mp4,
20260518-0526_全查,2-diaojian,951W01757_101_1986249_260518221835_00_02_5336.mp4,
20260518-0526_全查,2-diaojian,997VA0207_03_92479_260520214814_00_02_9066.mp4,
20260518-0526_全查,2-diaojian,999VA01158_568_11298609_260520004133_00_02_5129.mp4,
20260518-0526_全查,2-diaojian,P020CDD01116_13_1426899_260519043640_00_02_5458.mp4,
20260518-0526_全查,2-diaojian,P020CDD01116_13_2313809_260520213848_00_02_4239.mp4,
20260518-0526_全查,2-diaojian,P020CDD01116_13_3975119_260524023045_00_02_2524.mp4,
20260518-0526_全查,2-diaojian,P020CDD01200_20_1370209_260519020318_00_02_5798.mp4,
20260518-0526_全查,2-diaojian,P020CDD01200_20_1693459_260519170114_00_02_9075.mp4,
20260518-0526_全查,2-diaojian,P020CDD01200_20_1703259_260519172827_00_02_7806.mp4,
20260518-0526_全查,2-diaojian,P020CDD01200_20_1957909_260520051549_00_02_6826.mp4,
20260518-0526_全查,2-diaojian,P020CDD01200_20_2464349_260521044236_00_02_8321.mp4,
20260518-0526_全查,2-diaojian,P020CDD01200_20_2783789_260521192957_00_02_9298.mp4,
20260518-0526_全查,2-diaojian,P020CDD01200_20_3472329_260523032234_00_02_1705.mp4,
20260518-0526_全查,2-diaojian,P020CDD01207_21_13599109_260519225726_00_02_8498.mp4,
20260518-0526_全查,2-diaojian,P020CDD01207_21_15182559_260523001316_00_02_8411.mp4,
20260518-0526_全查,2-diaojian,P020CDD01207_21_15246149_260523030947_00_02_4550.mp4,
20260518-0526_全查,2-diaojian,P020CDD01219_30_1393469_260519003141_00_02_8690.mp4,
20260518-0526_全查,2-diaojian,P020CDD01219_30_1420279_260519014311_00_02_6239.mp4,
20260518-0526_全查,2-diaojian,P020CDD01219_30_1455489_260519031704_00_02_9823.mp4,
20260518-0526_全查,2-diaojian,P020CDD01219_30_2677489_260521093536_00_02_8247.mp4,
20260518-0526_全查,2-diaojian,P020CDD01219_30_3057149_260522022804_00_02_5831.mp4,
20260518-0526_全查,2-diaojian,P020CDD0121_04_1286869_260518194802_00_02_5408.mp4,
20260518-0526_全查,2-diaojian,P020CDD0126_19_2661129_260521085157_00_02_6759.mp4,
20260518-0526_全查,2-diaojian,P020CDD01286_09_1044349_260518105440_00_02_2825.mp4,
20260518-0526_全查,2-diaojian,P020CDD01286_09_2170529_260520150104_00_02_6239.mp4,
20260518-0526_全查,2-diaojian,P020CDD01286_09_2236129_260520180311_00_02_7882.mp4,
20260518-0526_全查,2-diaojian,P020CDD01286_09_3977519_260524023729_00_02_4276.mp4,
20260518-0526_全查,2-diaojian,P020CDD01288_15_1237869_260518173500_00_02_9914.mp4,
20260518-0526_全查,2-diaojian,P020CDD01288_15_1484569_260519043215_00_02_4265.mp4,
20260518-0526_全查,2-diaojian,P020CDD01288_15_2053159_260520054736_00_02_7247.mp4,
20260518-0526_全查,2-diaojian,P020CDD01288_15_3450309_260522195118_00_02_6863.mp4,
20260518-0526_全查,2-diaojian,P020CDD0133_00_1009989_260518092222_00_02_1245.mp4,
20260518-0526_全查,2-diaojian,P020CDD0133_00_1010529_260518092352_00_02_6217.mp4,
20260518-0526_全查,2-diaojian,P020CDD0133_00_1024579_260518100252_00_02_2659.mp4,
20260518-0526_全查,2-diaojian,P020CDD0133_00_1045029_260518105939_00_02_7869.mp4,
20260518-0526_全查,2-diaojian,P020CDD0133_00_1047979_260518110750_00_02_1416.mp4,
20260518-0526_全查,2-diaojian,P020CDD0133_00_1049599_260518111220_00_02_2623.mp4,
20260518-0526_全查,2-diaojian,P020CDD0133_00_1242029_260518200632_00_02_5667.mp4,
20260518-0526_全查,2-diaojian,P020CDD0133_00_1243539_260518201044_00_02_3402.mp4,
20260518-0526_全查,2-diaojian,P020CDD0133_00_1616449_260519132558_00_02_4406.mp4,
20260518-0526_全查,2-diaojian,P020CDD0133_00_1617789_260519132941_00_02_4726.mp4,
20260518-0526_全查,2-diaojian,P020CDD0133_00_1796549_260519214556_00_02_4320.mp4,
20260518-0526_全查,2-diaojian,P020CDD0133_00_1837539_260519233944_00_02_1465.mp4,
20260518-0526_全查,2-diaojian,P020CDD0133_00_1838319_260519234154_00_02_8524.mp4,
20260518-0526_全查,2-diaojian,P020CDD0133_00_1930929_260520035859_00_02_6357.mp4,
20260518-0526_全查,2-diaojian,P020CDD0133_00_1936609_260520041445_00_02_7270.mp4,
20260518-0526_全查,2-diaojian,P020CDD0133_00_1937079_260520041603_00_02_9699.mp4,
20260518-0526_全查,2-diaojian,P020CDD0133_00_1955859_260520050811_00_02_1895.mp4,
20260518-0526_全查,2-diaojian,P020CDD0133_00_2015199_260520075255_00_02_2737.mp4,
20260518-0526_全查,2-diaojian,P020CDD0133_00_2297229_260520205551_00_02_6072.mp4,
20260518-0526_全查,2-diaojian,P020CDD0133_00_2428639_260521030040_00_02_2304.mp4,
20260518-0526_全查,2-diaojian,P020CDD0133_00_2522779_260521072200_00_02_7087.mp4,
20260518-0526_全查,2-diaojian,P020CDD0133_00_2532769_260521074944_00_02_5402.mp4,
20260518-0526_全查,2-diaojian,P020CDD0133_00_2800699_260521201332_00_02_1131.mp4,
20260518-0526_全查,2-diaojian,P020CDD0133_00_2850039_260521223031_00_02_7171.mp4,
20260518-0526_全查,2-diaojian,P020CDD0133_00_2869329_260521232404_00_02_5694.mp4,
20260518-0526_全查,2-diaojian,P020CDD0133_00_2906949_260522010830_00_02_3452.mp4,
20260518-0526_全查,2-diaojian,P020CDD0133_00_3278149_260522181859_00_02_7977.mp4,
20260518-0526_全查,2-diaojian,P020CDD0133_00_3279959_260522182400_00_02_1312.mp4,
20260518-0526_全查,2-diaojian,P020CDD0133_00_3988439_260524031049_00_02_7952.mp4,
20260518-0526_全查,2-diaojian,P020CDD0133_00_3992669_260524032234_00_02_4035.mp4,
20260518-0526_全查,2-diaojian,P020CDD0133_00_3995629_260524033047_00_02_3597.mp4,
20260518-0526_全查,2-diaojian,P020CDD0133_00_4058449_260524062510_00_02_8924.mp4,
20260518-0526_全查,2-diaojian,P020CDD0133_00_4078889_260524072155_00_02_4960.mp4,
20260518-0526_全查,2-diaojian,P020CDD0133_00_4079779_260524072423_00_02_1477.mp4,
20260518-0526_全查,2-diaojian,P020CDD0136_14_1874339_260519215401_00_02_4624.mp4,
20260518-0526_全查,2-diaojian,P020CDD0136_14_1895679_260519225055_00_02_3956.mp4,
20260518-0526_全查,2-diaojian,P020CDD0136_14_1960529_260520014351_00_02_3708.mp4,
20260518-0526_全查,2-diaojian,P020CDD0136_14_1970289_260520020953_00_02_7759.mp4,
20260518-0526_全查,2-diaojian,P020CDD0136_14_2993589_260521233854_00_02_8780.mp4,
20260518-0526_全查,2-diaojian,P020CDD0136_14_3249939_260522110232_00_02_1985.mp4,
20260518-0526_全查,2-diaojian,P020CDD0137_02_1272509_260518212958_00_02_6025.mp4,
20260518-0526_全查,2-diaojian,P020CDD0137_02_1411859_260519035649_00_02_1329.mp4,
20260518-0526_全查,2-diaojian,P020CDD0137_02_2989729_260522045709_00_02_4790.mp4,
20260518-0526_全查,2-diaojian,P020CDD0141_25_1304839_260518225944_00_02_3718.mp4,
20260518-0526_全查,2-diaojian,P020CDD0141_25_2499489_260521061612_00_02_7900.mp4,
20260518-0526_全查,2-diaojian,P020CDD0166_32_1471719_260519040103_00_02_3793.mp4,
20260518-0526_全查,2-diaojian,P020CDD0166_32_3608359_260523025909_00_02_6275.mp4,
20260518-0526_全查,2-diaojian,P020CDD0193_31_2467759_260521044806_00_02_4124.mp4,
20260518-0526_全查,2-diaojian,P020CDD0193_31_2515049_260521065922_00_02_4127.mp4,
20260518-0526_全查,2-diaojian,P020CDD0193_31_3434699_260523013225_00_02_1604.mp4,
20260518-0526_全查,2-diaojian,P024LYB0182_00_10885679_260518141710_00_02_7208.mp4,
20260518-0526_全查,2-diaojian,P024LYB0182_00_12113999_260520231131_00_02_1280.mp4,
20260518-0526_全查,2-diaojian,P024LYB0182_00_13464709_260523134632_00_02_1955.mp4,
20260518-0526_全查,2-diaojian,P024LYB0182_00_13485889_260523144525_00_02_5517.mp4,
20260518-0526_全查,2-diaojian,P027LYB01104_01_13588689_260521132348_00_02_4478.mp4,
20260518-0526_全查,2-diaojian,P027LYB01105_02_12673379_260519190122_00_02_1357.mp4,
20260518-0526_全查,2-diaojian,P027LYB01105_02_15136299_260524130459_00_02_2981.mp4,
20260518-0526_全查,2-diaojian,P027LYB01107_04_15028069_260524080357_00_02_4633.mp4,
20260518-0526_全查,2-diaojian,P028LYB0149_11_14315569_260521075959_00_02_6772.mp4,
20260518-0526_全查,2-diaojian,P029LYB01150_08_14509829_260521173441_00_02_3119.mp4,
20260518-0526_全查,2-diaojian,P029LYB0170_17_10350669_260518092238_00_02_7996.mp4,
20260518-0526_全查,2-diaojian,P029LYB0170_17_10561179_260518190747_00_02_9691.mp4,
20260518-0526_全查,2-diaojian,P029LYB0170_17_10562259_260518191047_00_02_7065.mp4,
20260518-0526_全查,2-diaojian,P029LYB0170_17_12018479_260521143900_00_02_1618.mp4,
20260518-0526_全查,2-diaojian,P029LYB0170_17_12109019_260521185041_00_02_4965.mp4,
20260518-0526_全查,2-diaojian,P029LYB0170_17_12159609_260521211118_00_02_6573.mp4,
20260518-0526_全查,2-diaojian,P029LYB0170_17_12159859_260521211200_00_02_7386.mp4,
20260518-0526_全查,2-diaojian,P029LYB0170_17_12163139_260521212107_00_02_6040.mp4,
20260518-0526_全查,2-diaojian,P029LYB0170_17_12240939_260522005723_00_02_1519.mp4,
20260518-0526_全查,2-diaojian,P029LYB0171_18_21434539_260518131048_00_02_1487.mp4,
20260518-0526_全查,2-diaojian,P029LYB0171_18_22741959_260520013124_00_02_6758.mp4,
20260518-0526_全查,2-diaojian,P029LYB0171_18_24276689_260521201125_00_02_8037.mp4,
20260518-0526_全查,2-diaojian,P029LYB0171_18_24314979_260521211517_00_02_9979.mp4,
20260518-0526_全查,2-diaojian,P029LYB0171_18_24792149_260522103108_00_02_5448.mp4,
20260518-0526_全查,2-diaojian,P029LYB0171_18_24867519_260522123651_00_02_6753.mp4,
20260518-0526_全查,2-diaojian,P029LYB0173_19_10350079_260518100926_00_02_2862.mp4,
20260518-0526_全查,2-diaojian,P029LYB0173_19_10354899_260518102250_00_02_2531.mp4,
20260518-0526_全查,2-diaojian,P029LYB0173_19_10371289_260518110824_00_02_4156.mp4,
20260518-0526_全查,2-diaojian,P029LYB0173_19_10482439_260518161722_00_02_8712.mp4,
20260518-0526_全查,2-diaojian,P029LYB0173_19_10653369_260519001231_00_02_9233.mp4,
20260518-0526_全查,2-diaojian,P029LYB0173_19_11223019_260520023617_00_02_9100.mp4,
20260518-0526_全查,2-diaojian,P029LYB0173_19_11448659_260520130331_00_02_5921.mp4,
20260518-0526_全查,2-diaojian,P029LYB0173_19_11561809_260520181802_00_02_4467.mp4,
20260518-0526_全查,2-diaojian,P029LYB0173_19_11568269_260520183600_00_02_1894.mp4,
20260518-0526_全查,2-diaojian,P029LYB0173_19_11606559_260520202226_00_02_8536.mp4,
20260518-0526_全查,2-diaojian,P029LYB0173_19_11686569_260521000450_00_02_6474.mp4,
20260518-0526_全查,2-diaojian,P029LYB0173_19_11701609_260521004639_00_02_8349.mp4,
20260518-0526_全查,2-diaojian,P029LYB0173_19_12098149_260521190855_00_02_5535.mp4,
20260518-0526_全查,2-diaojian,P029LYB0173_19_12145259_260521211952_00_02_6301.mp4,
20260518-0526_全查,2-diaojian,P029LYB0173_19_13500439_260524120654_00_02_2241.mp4,
20260518-0526_全查,2-diaojian,P311LYB0129_28_14636969_260520193323_00_02_6881.mp4,
20260518-0526_全查,2-diaojian,P311LYB0130_29_14616589_260520184141_00_02_5564.mp4,
20260518-0526_全查,2-diaojian,P311LYB0151_03_13386059_260518120049_00_02_2179.mp4,
20260518-0526_全查,2-diaojian,P311LYB0151_03_13387739_260518120518_00_02_3456.mp4,
20260518-0526_全查,2-diaojian,P311LYB0151_03_13590409_260518210537_00_02_3133.mp4,
20260518-0526_全查,2-diaojian,P311LYB0151_03_13602629_260518213812_00_02_1618.mp4,
20260518-0526_全查,2-diaojian,P311LYB0151_03_14036919_260519165610_00_02_9875.mp4,
20260518-0526_全查,2-diaojian,P311LYB0151_03_14038579_260519170035_00_02_4477.mp4,
20260518-0526_全查,2-diaojian,P311LYB0151_03_14051769_260519173545_00_02_8083.mp4,
20260518-0526_全查,2-diaojian,P311LYB0151_03_14057609_260519175120_00_02_2825.mp4,
20260518-0526_全查,2-diaojian,P311LYB0151_03_14077269_260519184344_00_02_3762.mp4,
20260518-0526_全查,2-diaojian,P311LYB0151_03_14169969_260519225053_00_02_3462.mp4,
20260518-0526_全查,2-diaojian,P311LYB0151_03_14567499_260520163042_00_02_1991.mp4,
20260518-0526_全查,2-diaojian,P311LYB0151_03_14579039_260520170128_00_02_4208.mp4,
20260518-0526_全查,2-diaojian,P311LYB0151_03_14641579_260520194812_00_02_3463.mp4,
20260518-0526_全查,2-diaojian,P311LYB0151_03_14666289_260520205404_00_02_2191.mp4,
20260518-0526_全查,2-diaojian,P311LYB0151_03_14699269_260520222200_00_02_2959.mp4,
20260518-0526_全查,2-diaojian,P311LYB0151_03_14716389_260520230739_00_02_6176.mp4,
20260518-0526_全查,2-diaojian,P311LYB0151_03_15025979_260521125301_00_02_5509.mp4,
20260518-0526_全查,2-diaojian,P311LYB0151_03_15510129_260522102354_00_02_9480.mp4,
20260518-0526_全查,2-diaojian,P311LYB0152_04_13385719_260518115937_00_02_1913.mp4,
20260518-0526_全查,2-diaojian,P311LYB0152_04_13386409_260518120127_00_02_8840.mp4,
20260518-0526_全查,2-diaojian,P311LYB0152_04_13386549_260518120149_00_02_8913.mp4,
20260518-0526_全查,2-diaojian,P311LYB0152_04_13430489_260518135858_00_02_1777.mp4,
20260518-0526_全查,2-diaojian,P311LYB0152_04_14977029_260521104151_00_02_8364.mp4,
20260518-0526_全查,2-diaojian,P311LYB0163_08_6940149_260520114858_00_02_3015.mp4,
20260518-0526_全查,2-diaojian,P371LYB0103_02_13343199_260519105558_00_02_8492.mp4,
20260518-0526_全查,2-diaojian,P371LYB0104_03_13002629_260518190942_00_02_2253.mp4,
20260518-0526_全查,2-diaojian,P371LYB0104_03_13005889_260518191846_00_02_8334.mp4,
20260518-0526_全查,2-diaojian,P371LYB0104_03_13375069_260519122417_00_02_8296.mp4,
20260518-0526_全查,2-diaojian,P371LYB0104_03_13417069_260519142057_00_02_3584.mp4,
20260518-0526_全查,2-diaojian,P371LYB0104_03_13506809_260519183014_00_02_6171.mp4,
20260518-0526_全查,2-diaojian,P371LYB0104_03_13590879_260519222346_00_02_3659.mp4,
20260518-0526_全查,2-diaojian,P371LYB0104_03_13592009_260519222654_00_02_8904.mp4,
20260518-0526_全查,2-diaojian,P371LYB0104_03_13592129_260519222714_00_02_2701.mp4,
20260518-0526_全查,2-diaojian,P371LYB0104_03_13592309_260519222744_00_02_2296.mp4,
20260518-0526_全查,2-diaojian,P371LYB0104_03_13592469_260519222811_00_02_5659.mp4,
20260518-0526_全查,2-diaojian,P371LYB0104_03_13592629_260519222838_00_02_3533.mp4,
20260518-0526_全查,2-diaojian,P371LYB0104_03_13592699_260519222849_00_02_6422.mp4,
20260518-0526_全查,2-diaojian,P371LYB0104_03_13950179_260520150151_00_02_8508.mp4,
20260518-0526_全查,2-diaojian,P371LYB0104_03_13958139_260520152358_00_02_9466.mp4,
20260518-0526_全查,2-diaojian,P371LYB0104_03_14384679_260521110849_00_02_5170.mp4,
20260518-0526_全查,2-diaojian,P371LYB0104_03_14461159_260521144116_00_02_7692.mp4,
20260518-0526_全查,2-diaojian,P371LYB0104_03_14461629_260521144234_00_02_1753.mp4,
20260518-0526_全查,2-diaojian,P371LYB0104_03_14461859_260521144313_00_02_9194.mp4,
20260518-0526_全查,2-diaojian,P371LYB0104_03_14462159_260521144403_00_02_3679.mp4,
20260518-0526_全查,2-diaojian,P371LYB0104_03_14468669_260521150208_00_02_8647.mp4,
20260518-0526_全查,2-diaojian,P371LYB0104_03_14507799_260521165049_00_02_7411.mp4,
20260518-0526_全查,2-diaojian,P371LYB0104_03_14551989_260521185334_00_02_8605.mp4,
20260518-0526_全查,2-diaojian,P371LYB0104_03_14622859_260521221027_00_02_5979.mp4,
20260518-0526_全查,2-diaojian,P371LYB0104_03_14622909_260521221035_00_02_7155.mp4,
20260518-0526_全查,2-diaojian,P371LYB0104_03_14622979_260521221046_00_02_2877.mp4,
20260518-0526_全查,2-diaojian,P371LYB0104_03_14623009_260521221052_00_02_3118.mp4,
20260518-0526_全查,2-diaojian,P371LYB0104_03_14746939_260522035507_00_02_7074.mp4,
20260518-0526_全查,2-diaojian,P371LYB0104_03_14980109_260522144249_00_02_9365.mp4,
20260518-0526_全查,2-diaojian,P371LYB0105_04_13008599_260518192608_00_02_9522.mp4,
20260518-0526_全查,2-diaojian,P371LYB0105_04_13521909_260519191201_00_02_9702.mp4,
20260518-0526_全查,2-diaojian,P371LYB0105_04_13522219_260519191253_00_02_6588.mp4,
20260518-0526_全查,2-diaojian,P371LYB0105_04_13566509_260519211554_00_02_5585.mp4,
20260518-0526_全查,2-diaojian,P371LYB0105_04_14571569_260521194747_00_02_4187.mp4,
20260518-0526_全查,2-diaojian,P371LYB0105_04_14576009_260521200007_00_02_1642.mp4,
20260518-0526_全查,2-diaojian,P371LYB0160_09_14172469_260521011925_00_02_6870.mp4,
20260518-0526_全查,2-diaojian,P371LYB0160_09_14209909_260521030325_00_02_1851.mp4,
20260518-0526_全查,2-diaojian,P371LYB0169_12_13369499_260518110115_00_02_3045.mp4,
20260518-0526_全查,2-diaojian,P371LYB0169_12_13375919_260518111821_00_02_1551.mp4,
20260518-0526_全查,2-diaojian,P371LYB0169_12_15272109_260521233149_00_02_8291.mp4,
20260518-0526_全查,2-diaojian,P371LYB0184_19_13565059_260519211037_00_02_4199.mp4,
20260518-0526_全查,2-diaojian,P371LYB0185_20_13850509_260520102456_00_02_6170.mp4,
20260518-0526_全查,2-diaojian,P532LYB01184_17_13470049_260518155244_00_02_6989.mp4,
20260518-0526_全查,2-diaojian,P532LYB01184_17_14526509_260520145020_00_02_5269.mp4,
20260518-0526_全查,2-diaojian,P532LYB01184_17_14528199_260520145451_00_02_4465.mp4,
20260518-0526_全查,2-diaojian,P532LYB01184_17_14537689_260520152009_00_02_3225.mp4,
20260518-0526_全查,2-diaojian,P532LYB01184_17_14579529_260520171144_00_02_4865.mp4,
20260518-0526_全查,2-diaojian,P532LYB01184_17_14580589_260520171433_00_02_1666.mp4,
20260518-0526_全查,2-diaojian,P532LYB01184_17_15062039_260521143832_00_02_3966.mp4,
20260518-0526_全查,2-diaojian,P532LYB01184_17_15064739_260521144544_00_02_8384.mp4,
20260518-0526_全查,2-diaojian,P571LYB0138_01_14567309_260520163650_00_02_6964.mp4,
20260518-0526_全查,2-diaojian,P592LYB0122_26_12794069_260518095853_00_02_7955.mp4,
20260518-0526_全查,2-diaojian,P592LYB0123_27_14105599_260520221431_00_02_6020.mp4,
20260518-0526_全查,2-diaojian,P592LYB0123_27_14113329_260520223559_00_02_5319.mp4,
20260518-0526_全查,2-diaojian,P592LYB0126_30_14325869_260521082621_00_02_6249.mp4,
20260518-0526_全查,2-diaojian,P592LYB0127_31_12772159_260518083058_00_02_5591.mp4,
20260518-0526_全查,2-diaojian,P592LYB0134_35_14938349_260522132014_00_02_5515.mp4,
20260518-0526_全查,2-diaojian,P769CSB0113_18_12912639_260518144834_00_02_3101.mp4,
20260518-0526_全查,2-diaojian,P769CSB0113_18_13440199_260519151309_00_02_5502.mp4,
20260518-0526_全查,2-diaojian,P769CSB0114_19_14640739_260521224557_00_02_9325.mp4,
20260518-0526_全查,2-diaojian,P769CSB0114_19_14968569_260522135603_00_02_4687.mp4,
20260518-0526_全查,2-diaojian,P769CSB01186_14_13335009_260519104410_00_02_5642.mp4,
20260518-0526_全查,2-diaojian,P769CSB01186_14_13638339_260520004646_00_02_3419.mp4,
20260518-0526_全查,2-diaojian,P769CSB0118_20_13494169_260519180617_00_02_5081.mp4,
20260518-0526_全查,2-diaojian,P769CSB01239_12_12902099_260518104925_00_02_7097.mp4,
20260518-0526_全查,2-diaojian,P769CSB01239_12_13366399_260519081014_00_02_6510.mp4,
20260518-0526_全查,2-diaojian,P769CSB01239_12_13569469_260519173053_00_02_8135.mp4,
20260518-0526_全查,2-diaojian,P769CSB01239_12_15458029_260523082319_00_02_2327.mp4,
20260518-0526_全查,2-diaojian,P769CSB01239_12_16154079_260524162222_00_02_9999.mp4,
20260518-0526_全查,2-diaojian,P769CSB01239_12_16273209_260524215100_00_02_6025.mp4,
20260518-0526_全查,2-diaojian,P769CSB01241_13_13508219_260519143609_00_02_3472.mp4,
20260518-0526_全查,2-diaojian,P769CSB01241_13_14783999_260522011553_00_02_6371.mp4,
20260518-0526_全查,3-huacao,010R0244_122_15994249_260522072737_00_02_9236.mp4,
20260518-0526_全查,3-huacao,010W061979_215_9754869_260522051932_00_00_8609.mp4,
20260518-0526_全查,3-huacao,010W063193_34_483459_260520024522_00_02_7846.mp4,
20260518-0526_全查,3-huacao,010WA01166_95_6167279_260522153621_00_02_4990.mp4,
20260518-0526_全查,3-huacao,010WA01166_95_6169189_260522154139_00_02_5914.mp4,
20260518-0526_全查,3-huacao,010WA01166_95_6170489_260522154516_00_02_6575.mp4,
20260518-0526_全查,3-huacao,010WB011129_395_757849_260520131513_00_00_7714.mp4,
20260518-0526_全查,3-huacao,010WB011469_129_14295399_260523043004_00_02_4604.mp4,
20260518-0526_全查,3-huacao,010WD022004_328_28459_260520071232_00_00_5507.mp4,
20260518-0526_全查,3-huacao,010WD02285_221_647149_260518161043_00_00_4377.mp4,
20260518-0526_全查,3-huacao,010X011945_40_13233339_260519065337_00_02_7978.mp4,
20260518-0526_全查,3-huacao,010X02332_26_5838619_260521021236_00_02_6556.mp4,
20260518-0526_全查,3-huacao,020RD011431_174_4273849_260521005001_00_00_3616.mp4,
20260518-0526_全查,3-huacao,020WM011215_30_3713079_260521213737_00_02_3645.mp4,
20260518-0526_全查,3-huacao,020WM011240_55_2692679_260519221937_00_02_2321.mp4,
20260518-0526_全查,3-huacao,020WM011456_28_4708619_260523110029_00_02_3966.mp4,
20260518-0526_全查,3-huacao,020WM011477_47_4007079_260522035011_00_02_9242.mp4,
20260518-0526_全查,3-huacao,021WF011045_62_821519_260522070529_00_00_6315.mp4,
20260518-0526_全查,3-huacao,021WF011066_53_739239_260519125440_00_02_5768.mp4,
20260518-0526_全查,3-huacao,021WF011104_69_215589_260518124019_00_02_8750.mp4,
20260518-0526_全查,3-huacao,021WF011104_98_478149_260521151212_00_02_3294.mp4,
20260518-0526_全查,3-huacao,021WF011104_98_894999_260522103008_00_02_7451.mp4,
20260518-0526_全查,3-huacao,021WF011399_15_222689_260523045908_00_02_8985.mp4,
20260518-0526_全查,3-huacao,021WF011426_340_1462679_260520215514_00_00_1312.mp4,
20260518-0526_全查,3-huacao,021WF011428_341_1495869_260520235155_00_00_3403.mp4,
20260518-0526_全查,3-huacao,021WF011492_12_534219_260521174627_00_02_1590.mp4,
20260518-0526_全查,3-huacao,021WF011716_68_94939_260523070645_00_02_8724.mp4,
20260518-0526_全查,3-huacao,021WF01763_389_626809_260520061745_00_02_2374.mp4,
20260518-0526_全查,3-huacao,021WF01837_08_174519_260523024824_00_02_4056.mp4,
20260518-0526_全查,3-huacao,021WF01855_23_222899_260523050304_00_00_8626.mp4,
20260518-0526_全查,3-huacao,021WF01912_61_1088629_260520050519_00_02_4460.mp4,
20260518-0526_全查,3-huacao,021WF01912_61_962269_260519231419_00_02_5094.mp4,
20260518-0526_全查,3-huacao,021WF01912_90_775329_260522045737_00_02_8966.mp4,
20260518-0526_全查,3-huacao,021WF01937_306_1498969_260521000011_00_00_7788.mp4,
20260518-0526_全查,3-huacao,021WF01951_53_960089_260524151304_00_02_7371.mp4,
20260518-0526_全查,3-huacao,021WF01967_259_1137989_260520071501_00_02_6225.mp4,
20260518-0526_全查,3-huacao,021WF01967_259_1610199_260521050645_00_02_9607.mp4,
20260518-0526_全查,3-huacao,021WF01967_259_1822289_260521145554_00_02_3489.mp4,
20260518-0526_全查,3-huacao,021WF01967_259_841019_260519173004_00_02_6957.mp4,
20260518-0526_全查,3-huacao,021WG061100_69_3235139_260523000403_00_02_6968.mp4,
20260518-0526_全查,3-huacao,021WG061140_19_1806249_260520023305_00_00_8013.mp4,
20260518-0526_全查,3-huacao,021WG061140_19_2292089_260521000844_00_00_9043.mp4,
20260518-0526_全查,3-huacao,021WG061149_103_363809_260521063101_00_00_9883.mp4,
20260518-0526_全查,3-huacao,021WG06357_44_402249_260519022353_00_02_2567.mp4,
20260518-0526_全查,3-huacao,021WG06943_22_2693049_260521225256_00_00_4477.mp4,
20260518-0526_全查,3-huacao,021WG06943_22_939689_260518134525_00_02_3543.mp4,
20260518-0526_全查,3-huacao,021WJ011130_81_8313429_260523143012_00_02_3883.mp4,
20260518-0526_全查,3-huacao,021WJ011147_97_3406819_260521045053_00_02_9642.mp4,
20260518-0526_全查,3-huacao,021WJ011196_44_264639_260521002623_00_02_1534.mp4,
20260518-0526_全查,3-huacao,021WJ011200_12_1215759_260519002552_00_02_2801.mp4,
20260518-0526_全查,3-huacao,021WJ011238_09_357989_260521044300_00_02_2241.mp4,
20260518-0526_全查,3-huacao,021WJ011238_77_174159_260522004811_00_02_4217.mp4,
20260518-0526_全查,3-huacao,021WJ011238_77_393179_260522105635_00_02_4724.mp4,
20260518-0526_全查,3-huacao,021WJ011249_14_1071359_260518174102_00_02_1534.mp4,
20260518-0526_全查,3-huacao,021WJ011253_18_1536059_260519151034_00_02_9035.mp4,
20260518-0526_全查,3-huacao,021WJ011290_14_368969_260522095009_00_02_6172.mp4,
20260518-0526_全查,3-huacao,021WJ011290_41_1282459_260519032701_00_02_8317.mp4,
20260518-0526_全查,3-huacao,021WJ011290_41_1840029_260520052345_00_02_4793.mp4,
20260518-0526_全查,3-huacao,022W0170_63_12221549_260520212603_00_02_8559.mp4,
20260518-0526_全查,3-huacao,022W01841_135_1877689_260522233210_00_00_7088.mp4,
20260518-0526_全查,3-huacao,022WB021815_478_613519_260522080518_00_02_6717.mp4,
20260518-0526_全查,3-huacao,022WB021818_485_409759_260523233117_00_02_9401.mp4,
20260518-0526_全查,3-huacao,022WB021821_488_452009_260524012832_00_02_3307.mp4,
20260518-0526_全查,3-huacao,023W021797_1656_22509_260519210748_00_00_9992.mp4,
20260518-0526_全查,3-huacao,023W021797_48_1019399_260523041151_00_00_2025.mp4,
20260518-0526_全查,3-huacao,025WA041018_23_184279_260522015016_00_00_9679.mp4,
20260518-0526_全查,3-huacao,025WD011009_78_865189_260521042223_00_02_3112.mp4,
20260518-0526_全查,3-huacao,025WD011061_87_2059019_260524034120_00_02_1711.mp4,
20260518-0526_全查,3-huacao,025WD011113_50_1573689_260518201137_00_00_4588.mp4,
20260518-0526_全查,3-huacao,025WD01898_60_2269869_260524132458_00_02_6949.mp4,
20260518-0526_全查,3-huacao,025WD01906_64_1004199_260522024912_00_02_9066.mp4,
20260518-0526_全查,3-huacao,025WD01906_99_1512669_260518171939_00_00_3408.mp4,
20260518-0526_全查,3-huacao,025WD01908_01_1427649_260518132330_00_02_3919.mp4,
20260518-0526_全查,3-huacao,025WD01909_67_1885059_260523193606_00_02_7543.mp4,
20260518-0526_全查,3-huacao,025WD01910_68_2384989_260524184450_00_00_1192.mp4,
20260518-0526_全查,3-huacao,025WD01974_37_1090509_260522135945_00_02_6118.mp4,
20260518-0526_全查,3-huacao,025WD01987_84_3271149_260523231455_00_02_2211.mp4,
20260518-0526_全查,3-huacao,025WD01996_26_1798159_260519063302_00_02_4541.mp4,
20260518-0526_全查,3-huacao,025WD01998_93_1245339_260522135926_00_02_5759.mp4,
20260518-0526_全查,3-huacao,027WA01182_78_812849_260521064910_00_00_2838.mp4,
20260518-0526_全查,3-huacao,027WA012461_26_68169_260519201838_00_02_3177.mp4,
20260518-0526_全查,3-huacao,027WA01717_23_1156759_260521224054_00_02_4948.mp4,
20260518-0526_全查,3-huacao,027WA01717_23_152429_260520001103_00_02_6527.mp4,
20260518-0526_全查,3-huacao,028W06113_59_41669_260519080228_00_00_2539.mp4,
20260518-0526_全查,3-huacao,028W061430_27_33629_260518223309_00_00_5705.mp4,
20260518-0526_全查,3-huacao,028W06950_40_15139_260522091043_00_02_2031.mp4,
20260518-0526_全查,3-huacao,028W06950_40_7359_260523035600_00_02_7404.mp4,
20260518-0526_全查,3-huacao,028WA011560_26_222389_260520105145_00_02_7573.mp4,
20260518-0526_全查,3-huacao,028WA011560_78_12749_260521164534_00_02_3366.mp4,
20260518-0526_全查,3-huacao,028WA011560_81_53729_260520175503_00_02_9169.mp4,
20260518-0526_全查,3-huacao,311W03115_98_1201519_260520171451_00_02_9030.mp4,
20260518-0526_全查,3-huacao,314VA02210_68_3540839_260519062002_00_02_4094.mp4,
20260518-0526_全查,3-huacao,318VA04327_40_169_260521052412_00_00_7442.mp4,
20260518-0526_全查,3-huacao,335VA0120_43_16499_260520150951_00_02_9824.mp4,
20260518-0526_全查,3-huacao,375VA02131_21_1449909_260521213606_00_02_2906.mp4,
20260518-0526_全查,3-huacao,421VA0277_08_1869719_260518150221_00_02_5427.mp4,
20260518-0526_全查,3-huacao,431W011171_10_88019_260520090226_00_02_7103.mp4,
20260518-0526_全查,3-huacao,431W011558_16_142979_260520085322_00_02_4202.mp4,
20260518-0526_全查,3-huacao,431W011558_36_718009_260519005643_00_02_7599.mp4,
20260518-0526_全查,3-huacao,472W06432_588_2034139_260522093020_00_02_7801.mp4,
20260518-0526_全查,3-huacao,472W06550_64_13602279_260518225752_00_02_9392.mp4,
20260518-0526_全查,3-huacao,511W02740_79_183059_260523144538_00_02_3243.mp4,
20260518-0526_全查,3-huacao,512WA04577_41_1829589_260521201608_00_02_4456.mp4,
20260518-0526_全查,3-huacao,512WA04710_01_753139_260519202726_00_00_1709.mp4,
20260518-0526_全查,3-huacao,512WE022561_77_1257659_260521011649_00_02_9416.mp4,
20260518-0526_全查,3-huacao,512WE02948_103_612139_260520173040_00_02_1786.mp4,
20260518-0526_全查,3-huacao,513W011169_172_4523499_260520195246_00_02_6254.mp4,
20260518-0526_全查,3-huacao,513W01487_30_13762659_260523202414_00_00_3049.mp4,
20260518-0526_全查,3-huacao,513W01491_09_12737349_260521225601_00_02_6146.mp4,
20260518-0526_全查,3-huacao,513W01931_65_13612029_260523134849_00_02_5231.mp4,
20260518-0526_全查,3-huacao,515W05245_197_1280829_260518142856_00_02_2022.mp4,
20260518-0526_全查,3-huacao,515W05246_198_2122689_260520053021_00_02_2795.mp4,
20260518-0526_全查,3-huacao,516WF01257_85_106619_260521190249_00_02_6041.mp4,
20260518-0526_全查,3-huacao,519WA01660_46_197049_260521213527_00_02_5344.mp4,
20260518-0526_全查,3-huacao,527WA03469_339_4939689_260520013947_00_02_7039.mp4,
20260518-0526_全查,3-huacao,527WA03469_90_335859_260522072358_00_02_7790.mp4,
20260518-0526_全查,3-huacao,527WA03871_283_5351289_260518202013_00_02_6931.mp4,
20260518-0526_全查,3-huacao,531WA04396_57_9142799_260518215356_00_02_9491.mp4,
20260518-0526_全查,3-huacao,533W03137_22_5275849_260518224200_00_00_3816.mp4,
20260518-0526_全查,3-huacao,536W03242_297_7189149_260518121025_00_02_1246.mp4,
20260518-0526_全查,3-huacao,543VA0335_289_455289_260518121647_00_02_4462.mp4,
20260518-0526_全查,3-huacao,543VA0335_320_423749_260519142259_00_02_6722.mp4,
20260518-0526_全查,3-huacao,551W01271_100_206209_260523104430_00_02_7158.mp4,
20260518-0526_全查,3-huacao,551W01271_100_847129_260524151339_00_02_3380.mp4,
20260518-0526_全查,3-huacao,571WB031572_98_14075079_260518180245_00_02_9643.mp4,
20260518-0526_全查,3-huacao,574WA05120_100_23189_260519012001_00_02_8967.mp4,
20260518-0526_全查,3-huacao,574WA05120_100_24229_260519012155_00_02_1444.mp4,
20260518-0526_全查,3-huacao,574WA05120_100_25899_260519012458_00_02_9604.mp4,
20260518-0526_全查,3-huacao,574WA05120_100_29049_260519013039_00_02_5396.mp4,
20260518-0526_全查,3-huacao,574WA05120_100_32479_260519013629_00_02_5421.mp4,
20260518-0526_全查,3-huacao,574WA05120_100_35559_260519014143_00_02_8106.mp4,
20260518-0526_全查,3-huacao,574WA05120_100_42969_260519015415_00_02_4666.mp4,
20260518-0526_全查,3-huacao,574WA05120_100_46239_260519015944_00_02_7577.mp4,
20260518-0526_全查,3-huacao,574WA05120_100_48839_260519020413_00_02_7148.mp4,
20260518-0526_全查,3-huacao,574WA05120_100_53089_260519021142_00_02_1778.mp4,
20260518-0526_全查,3-huacao,574WA05120_100_62609_260519022743_00_02_6974.mp4,
20260518-0526_全查,3-huacao,574WA05120_100_64439_260519023048_00_02_4630.mp4,
20260518-0526_全查,3-huacao,574WA05120_100_64829_260519023127_00_02_6648.mp4,
20260518-0526_全查,3-huacao,574WA05120_100_71949_260519024326_00_02_9039.mp4,
20260518-0526_全查,3-huacao,574WA05120_100_77309_260519025238_00_02_6624.mp4,
20260518-0526_全查,3-huacao,574WA05120_97_102609_260519055632_00_02_2123.mp4,
20260518-0526_全查,3-huacao,574WA05120_97_1171139_260523020224_00_02_9849.mp4,
20260518-0526_全查,3-huacao,574WA05120_97_1176159_260523021048_00_02_7376.mp4,
20260518-0526_全查,3-huacao,574WA05120_97_1176219_260523021054_00_02_4216.mp4,
20260518-0526_全查,3-huacao,574WA05120_97_1177179_260523021230_00_02_2609.mp4,
20260518-0526_全查,3-huacao,574WA05120_97_1178749_260523021509_00_02_5917.mp4,
20260518-0526_全查,3-huacao,574WA05120_97_1188109_260523023050_00_02_2959.mp4,
20260518-0526_全查,3-huacao,574WA05120_97_1193769_260523024041_00_02_9515.mp4,
20260518-0526_全查,3-huacao,574WA05120_97_1215929_260523031954_00_02_9547.mp4,
20260518-0526_全查,3-huacao,574WA05120_97_1220269_260523032723_00_02_4599.mp4,
20260518-0526_全查,3-huacao,574WA05120_97_1220769_260523032813_00_02_7402.mp4,
20260518-0526_全查,3-huacao,574WA05120_97_1221069_260523032841_00_02_7586.mp4,
20260518-0526_全查,3-huacao,574WA05120_97_1222449_260523033103_00_02_8082.mp4,
20260518-0526_全查,3-huacao,574WA05120_97_1223929_260523033339_00_02_1028.mp4,
20260518-0526_全查,3-huacao,574WA05120_97_1232019_260523034721_00_02_3845.mp4,
20260518-0526_全查,3-huacao,574WA05120_97_1235409_260523035303_00_02_5869.mp4,
20260518-0526_全查,3-huacao,574WA05120_97_1339969_260521013622_00_02_5953.mp4,
20260518-0526_全查,3-huacao,574WA05120_97_1344719_260521014435_00_02_4190.mp4,
20260518-0526_全查,3-huacao,574WA05120_97_1352819_260521015809_00_02_9422.mp4,
20260518-0526_全查,3-huacao,574WA05120_97_1353219_260521015850_00_02_4822.mp4,
20260518-0526_全查,3-huacao,574WA05120_97_1355759_260521020307_00_02_3528.mp4,
20260518-0526_全查,3-huacao,574WA05120_97_1358439_260521020737_00_02_4680.mp4,
20260518-0526_全查,3-huacao,574WA05120_97_1361439_260521021323_00_02_1948.mp4,
20260518-0526_全查,3-huacao,574WA05120_97_1361899_260521021410_00_02_8889.mp4,
20260518-0526_全查,3-huacao,574WA05120_97_1377479_260521024048_00_02_1964.mp4,
20260518-0526_全查,3-huacao,574WA05120_97_1377749_260521024117_00_02_6298.mp4,
20260518-0526_全查,3-huacao,574WA05120_97_1380849_260521024632_00_02_9703.mp4,
20260518-0526_全查,3-huacao,574WA05120_97_1381599_260521024750_00_02_6952.mp4,
20260518-0526_全查,3-huacao,574WA05120_97_1390909_260521030433_00_02_1340.mp4,
20260518-0526_全查,3-huacao,574WA05120_97_1394699_260521031119_00_02_7105.mp4,
20260518-0526_全查,3-huacao,574WA05120_97_1395159_260521031204_00_02_6480.mp4,
20260518-0526_全查,3-huacao,574WA05120_97_1400339_260521032127_00_02_6647.mp4,
20260518-0526_全查,3-huacao,574WA05120_97_1405509_260521033130_00_02_4493.mp4,
20260518-0526_全查,3-huacao,574WA05120_97_1409329_260521033842_00_02_1120.mp4,
20260518-0526_全查,3-huacao,574WA05120_97_1418889_260521035800_00_02_7396.mp4,
20260518-0526_全查,3-huacao,574WA05120_97_1428499_260521041717_00_02_3972.mp4,
20260518-0526_全查,3-huacao,574WA05120_97_1430579_260521042106_00_02_9389.mp4,
20260518-0526_全查,3-huacao,574WA05120_97_1436049_260521043054_00_02_2137.mp4,
20260518-0526_全查,3-huacao,574WA05120_97_1438949_260521043548_00_02_4347.mp4,
20260518-0526_全查,3-huacao,574WA05120_97_1438989_260521043553_00_02_6586.mp4,
20260518-0526_全查,3-huacao,574WA05120_97_1440849_260521043907_00_02_9656.mp4,
20260518-0526_全查,3-huacao,574WA05120_97_1444639_260521044656_00_02_1996.mp4,
20260518-0526_全查,3-huacao,574WA05120_97_1452759_260521050238_00_02_6033.mp4,
20260518-0526_全查,3-huacao,574WA05120_97_16319_260519032703_00_02_8317.mp4,
20260518-0526_全查,3-huacao,574WA05120_97_18579_260519033051_00_02_9343.mp4,
20260518-0526_全查,3-huacao,574WA05120_97_22399_260519033721_00_02_2252.mp4,
20260518-0526_全查,3-huacao,574WA05120_97_23159_260519033840_00_02_2002.mp4,
20260518-0526_全查,3-huacao,574WA05120_97_28459_260519034741_00_02_2670.mp4,
20260518-0526_全查,3-huacao,574WA05120_97_28989_260519034835_00_02_6936.mp4,
20260518-0526_全查,3-huacao,574WA05120_97_43589_260519041345_00_02_7253.mp4,
20260518-0526_全查,3-huacao,574WA05120_97_43659_260519041352_00_02_7331.mp4,
20260518-0526_全查,3-huacao,574WA05120_97_491099_260522013413_00_02_1547.mp4,
20260518-0526_全查,3-huacao,574WA05120_97_494779_260522014033_00_02_3461.mp4,
20260518-0526_全查,3-huacao,574WA05120_97_49779_260519042406_00_02_4365.mp4,
20260518-0526_全查,3-huacao,574WA05120_97_502059_260522015252_00_02_8686.mp4,
20260518-0526_全查,3-huacao,574WA05120_97_515369_260522021539_00_02_5339.mp4,
20260518-0526_全查,3-huacao,574WA05120_97_5189_260519030756_00_02_6190.mp4,
20260518-0526_全查,3-huacao,574WA05120_97_521569_260522022717_00_02_8034.mp4,
20260518-0526_全查,3-huacao,574WA05120_97_522409_260522022853_00_02_1357.mp4,
20260518-0526_全查,3-huacao,574WA05120_97_525779_260522023453_00_02_7146.mp4,
20260518-0526_全查,3-huacao,574WA05120_97_526899_260522023706_00_02_7115.mp4,
20260518-0526_全查,3-huacao,574WA05120_97_527719_260522023835_00_02_1985.mp4,
20260518-0526_全查,3-huacao,574WA05120_97_53819_260519043052_00_02_4236.mp4,
20260518-0526_全查,3-huacao,574WA05120_97_543989_260522030920_00_02_9854.mp4,
20260518-0526_全查,3-huacao,574WA05120_97_544249_260522030951_00_02_2184.mp4,
20260518-0526_全查,3-huacao,574WA05120_97_548739_260522031830_00_02_9811.mp4,
20260518-0526_全查,3-huacao,574WA05120_97_561519_260522034312_00_02_5716.mp4,
20260518-0526_全查,3-huacao,574WA05120_97_563819_260522034732_00_02_3640.mp4,
20260518-0526_全查,3-huacao,574WA05120_97_565559_260522035112_00_02_1701.mp4,
20260518-0526_全查,3-huacao,574WA05120_97_566619_260522035332_00_02_9986.mp4,
20260518-0526_全查,3-huacao,574WA05120_97_568409_260522035745_00_02_3954.mp4,
20260518-0526_全查,3-huacao,574WA05120_97_574389_260522041017_00_02_2367.mp4,
20260518-0526_全查,3-huacao,574WA05120_97_57619_260519043720_00_02_6896.mp4,
20260518-0526_全查,3-huacao,574WA05120_97_597139_260522051054_00_02_2366.mp4,
20260518-0526_全查,3-huacao,574WA05120_97_598179_260522051439_00_02_9097.mp4,
20260518-0526_全查,3-huacao,574WA05120_97_602949_260522052925_00_02_1361.mp4,
20260518-0526_全查,3-huacao,574WA05120_97_615719_260522060634_00_02_3660.mp4,
20260518-0526_全查,3-huacao,574WA05120_97_61969_260519044437_00_02_8098.mp4,
20260518-0526_全查,3-huacao,574WA05120_97_62169_260519044458_00_02_2534.mp4,
20260518-0526_全查,3-huacao,574WA05120_97_667889_260520015426_00_02_1661.mp4,
20260518-0526_全查,3-huacao,574WA05120_97_672809_260520020249_00_02_4996.mp4,
20260518-0526_全查,3-huacao,574WA05120_97_675759_260520020801_00_02_9504.mp4,
20260518-0526_全查,3-huacao,574WA05120_97_681439_260520021739_00_02_5287.mp4,
20260518-0526_全查,3-huacao,574WA05120_97_68349_260519045530_00_02_8980.mp4,
20260518-0526_全查,3-huacao,574WA05120_97_683549_260520022116_00_02_6471.mp4,
20260518-0526_全查,3-huacao,574WA05120_97_68439_260519045539_00_02_8925.mp4,
20260518-0526_全查,3-huacao,574WA05120_97_690379_260520023339_00_02_4744.mp4,
20260518-0526_全查,3-huacao,574WA05120_97_691109_260520023533_00_02_4751.mp4,
20260518-0526_全查,3-huacao,574WA05120_97_692819_260520023824_00_02_6558.mp4,
20260518-0526_全查,3-huacao,574WA05120_97_696109_260520024446_00_02_2996.mp4,
20260518-0526_全查,3-huacao,574WA05120_97_696699_260520024545_00_02_5930.mp4,
20260518-0526_全查,3-huacao,574WA05120_97_6969_260519031056_00_02_4539.mp4,
20260518-0526_全查,3-huacao,574WA05120_97_702209_260520025556_00_02_2579.mp4,
20260518-0526_全查,3-huacao,574WA05120_97_722669_260520033500_00_02_5383.mp4,
20260518-0526_全查,3-huacao,574WA05120_97_728389_260520034451_00_02_1361.mp4,
20260518-0526_全查,3-huacao,574WA05120_97_737889_260520040126_00_02_4611.mp4,
20260518-0526_全查,3-huacao,574WA05120_97_742649_260520040951_00_02_2026.mp4,
20260518-0526_全查,3-huacao,574WA05120_97_747319_260520041847_00_02_3557.mp4,
20260518-0526_全查,3-huacao,574WA05120_97_748599_260520042109_00_02_3357.mp4,
20260518-0526_全查,3-huacao,574WA05120_97_75629_260519050747_00_02_5002.mp4,
20260518-0526_全查,3-huacao,574WA05120_97_762499_260520044500_00_02_9723.mp4,
20260518-0526_全查,3-huacao,574WA05120_97_781159_260520051704_00_02_6061.mp4,
20260518-0526_全查,3-huacao,574WA05120_97_78139_260519051159_00_02_5368.mp4,
20260518-0526_全查,3-huacao,574WA05120_97_782909_260520052004_00_02_9293.mp4,
20260518-0526_全查,3-huacao,574WA05120_97_793109_260520053727_00_02_8413.mp4,
20260518-0526_全查,3-huacao,574WA05120_97_87129_260519052724_00_02_3343.mp4,
20260518-0526_全查,3-huacao,574WA05120_97_88209_260519052912_00_02_3205.mp4,
20260518-0526_全查,3-huacao,574WA05120_97_94929_260519054138_00_02_7258.mp4,
20260518-0526_全查,3-huacao,574WA05409_94_169079_260518175527_00_00_8748.mp4,
20260518-0526_全查,3-huacao,575W061171_34_2838879_260519135321_00_02_8336.mp4,
20260518-0526_全查,3-huacao,576W0260_129_566909_260520110004_00_02_3342.mp4,
20260518-0526_全查,3-huacao,576W0311_123_958589_260521033920_00_02_5283.mp4,
20260518-0526_全查,3-huacao,576W0311_27_245509_260522025146_00_02_7827.mp4,
20260518-0526_全查,3-huacao,577WD0399_38_2902219_260521214539_00_02_1292.mp4,
20260518-0526_全查,3-huacao,579WA0154_169_3379009_260523143950_00_02_7030.mp4,
20260518-0526_全查,3-huacao,579WA02170_71_7132129_260522205057_00_00_3124.mp4,
20260518-0526_全查,3-huacao,579WA02606_144_2131469_260519041057_00_02_2108.mp4,
20260518-0526_全查,3-huacao,579WA02606_144_2661699_260520043509_00_02_6129.mp4,
20260518-0526_全查,3-huacao,579WA02606_144_2853099_260520132349_00_02_6462.mp4,
20260518-0526_全查,3-huacao,579WA02606_144_2893239_260520151419_00_02_8661.mp4,
20260518-0526_全查,3-huacao,579WA02606_144_3006569_260520202720_00_02_8078.mp4,
20260518-0526_全查,3-huacao,579WA02606_144_3025989_260520212106_00_02_3772.mp4,
20260518-0526_全查,3-huacao,579WA02606_144_4025329_260522192120_00_02_3479.mp4,
20260518-0526_全查,3-huacao,579WA02606_144_4044379_260522201356_00_02_5602.mp4,
20260518-0526_全查,3-huacao,579WA02606_144_4057529_260522205008_00_02_3285.mp4,
20260518-0526_全查,3-huacao,579WA02606_144_4061749_260522210151_00_02_7558.mp4,
20260518-0526_全查,3-huacao,591W01360_98_3051419_260522023845_00_00_5812.mp4,
20260518-0526_全查,3-huacao,592W0128_115_440379_260521224908_00_00_1993.mp4,
20260518-0526_全查,3-huacao,592W0128_115_950949_260522222723_00_00_1813.mp4,
20260518-0526_全查,3-huacao,592W0128_115_953309_260522223357_00_02_9055.mp4,
20260518-0526_全查,3-huacao,595XA01361_126_2042019_260521082134_00_02_6501.mp4,
20260518-0526_全查,3-huacao,631W0480_1037_1394009_260520203140_00_02_5896.mp4,
20260518-0526_全查,3-huacao,662VA03101_09_7392339_260522064743_00_00_3791.mp4,
20260518-0526_全查,3-huacao,662VA0392_15_5359419_260520073357_00_02_7722.mp4,
20260518-0526_全查,3-huacao,663WA021508_157_53269_260522182506_00_02_8330.mp4,
20260518-0526_全查,3-huacao,711VA02514_220_409419_260520140008_00_00_7789.mp4,
20260518-0526_全查,3-huacao,7311WA031287_33_506429_260522130043_00_02_5992.mp4,
20260518-0526_全查,3-huacao,7311WA031435_13_2665199_260518110922_00_02_1691.mp4,
20260518-0526_全查,3-huacao,736VA02165_79_2580309_260523115948_00_02_3316.mp4,
20260518-0526_全查,3-huacao,755RC01268_253_196829_260522013321_00_02_7276.mp4,
20260518-0526_全查,3-huacao,755RC01268_253_2113519_260519064305_00_02_6148.mp4,
20260518-0526_全查,3-huacao,755W08167_387_420349_260521055123_00_00_5912.mp4,
20260518-0526_全查,3-huacao,755WF2589_144_1321999_260519001236_00_02_7397.mp4,
20260518-0526_全查,3-huacao,755WF2589_144_2151289_260519231527_00_02_1168.mp4,
20260518-0526_全查,3-huacao,756W01571_378_583739_260522052914_00_02_2620.mp4,
20260518-0526_全查,3-huacao,756W01571_378_73669_260521055121_00_02_1617.mp4,
20260518-0526_全查,3-huacao,756W01575_381_1103159_260523053308_00_02_4628.mp4,
20260518-0526_全查,3-huacao,757WA01121_29_137659_260518232242_00_02_3232.mp4,
20260518-0526_全查,3-huacao,757WA0123_170_677079_260521010034_00_02_4243.mp4,
20260518-0526_全查,3-huacao,757WA01398_68_200409_260519122059_00_02_2853.mp4,
20260518-0526_全查,3-huacao,757WA01490_235_1620179_260522190204_00_00_8858.mp4,
20260518-0526_全查,3-huacao,757WA01491_236_587439_260520210748_00_02_3018.mp4,
20260518-0526_全查,3-huacao,757WA01491_84_77109_260518205422_00_02_9945.mp4,
20260518-0526_全查,3-huacao,757WA01506_269_523859_260524033944_00_02_2045.mp4,
20260518-0526_全查,3-huacao,757WE0116_259_1539229_260519055202_00_00_3633.mp4,
20260518-0526_全查,3-huacao,757WE0116_259_1577599_260519073423_00_00_3426.mp4,
20260518-0526_全查,3-huacao,757WE0116_259_1618729_260519092405_00_00_5670.mp4,
20260518-0526_全查,3-huacao,757WE0116_259_2801449_260521135802_00_00_4160.mp4,
20260518-0526_全查,3-huacao,757WE0116_259_3158979_260522055130_00_02_9972.mp4,
20260518-0526_全查,3-huacao,757WE0116_259_4171129_260524025307_00_00_3820.mp4,
20260518-0526_全查,3-huacao,757WE0116_259_4194499_260524035527_00_00_5113.mp4,
20260518-0526_全查,3-huacao,757WE0116_259_4195859_260524035904_00_00_2487.mp4,
20260518-0526_全查,3-huacao,757WE0116_259_4464559_260524155541_00_00_3990.mp4,
20260518-0526_全查,3-huacao,757WE01171_296_2073469_260520053742_00_02_1370.mp4,
20260518-0526_全查,3-huacao,757WE01171_296_2493709_260521001825_00_02_6786.mp4,
20260518-0526_全查,3-huacao,757WE01171_296_3011359_260521231901_00_02_4116.mp4,
20260518-0526_全查,3-huacao,757WE01171_296_4170619_260524025225_00_02_9938.mp4,
20260518-0526_全查,3-huacao,757WE01561_254_2557109_260523014523_00_00_5333.mp4,
20260518-0526_全查,3-huacao,760W02131_224_4049239_260523155745_00_02_3095.mp4,
20260518-0526_全查,3-huacao,760W02449_305_2091079_260521003938_00_02_7748.mp4,
20260518-0526_全查,3-huacao,763X01336_03_39239_260522050109_00_02_6361.mp4,
20260518-0526_全查,3-huacao,763X01336_03_45599_260522051839_00_02_7451.mp4,
20260518-0526_全查,3-huacao,763X01336_53_490499_260522014158_00_02_7148.mp4,
20260518-0526_全查,3-huacao,763X01336_53_510679_260522023741_00_02_6716.mp4,
20260518-0526_全查,3-huacao,763X01341_32_48129_260521005411_00_02_5204.mp4,
20260518-0526_全查,3-huacao,763X01341_32_59429_260521012525_00_02_9418.mp4,
20260518-0526_全查,3-huacao,763X01341_32_60689_260521012855_00_02_4424.mp4,
20260518-0526_全查,3-huacao,763X01341_77_14279799_260520022005_00_02_4433.mp4,
20260518-0526_全查,3-huacao,763X01370_18_458229_260521000702_00_02_8154.mp4,
20260518-0526_全查,3-huacao,763X01373_07_40559_260520045504_00_02_3909.mp4,
20260518-0526_全查,3-huacao,763X01375_11_789_260524030446_00_02_4806.mp4,
20260518-0526_全查,3-huacao,763X01378_29_60079_260522054653_00_02_5736.mp4,
20260518-0526_全查,3-huacao,763X01380_20_410969_260520215614_00_02_1619.mp4,
20260518-0526_全查,3-huacao,763X01380_20_513919_260522023915_00_02_6912.mp4,
20260518-0526_全查,3-huacao,763X01384_24_336009_260520182833_00_02_7155.mp4,
20260518-0526_全查,3-huacao,763X01384_24_424959_260521223425_00_02_4151.mp4,
20260518-0526_全查,3-huacao,763X01386_26_427459_260521224130_00_02_4756.mp4,
20260518-0526_全查,3-huacao,763X01386_26_503349_260522021102_00_02_6777.mp4,
20260518-0526_全查,3-huacao,763X01386_33_13700839_260518233731_00_02_2635.mp4,
20260518-0526_全查,3-huacao,763X021101_07_13653609_260518190556_00_02_7774.mp4,
20260518-0526_全查,3-huacao,763X021101_63_239299_260520134140_00_02_9168.mp4,
20260518-0526_全查,3-huacao,763X02384_17_427919_260523225558_00_02_4699.mp4,
20260518-0526_全查,3-huacao,763X02832_28_215659_260523162003_00_02_5375.mp4,
20260518-0526_全查,3-huacao,763X02832_28_225509_260523164715_00_02_7927.mp4,
20260518-0526_全查,3-huacao,763X02832_28_241349_260523173055_00_02_1392.mp4,
20260518-0526_全查,3-huacao,763X02835_19_478639_260521010620_00_02_1756.mp4,
20260518-0526_全查,3-huacao,763X02835_19_501469_260521020925_00_02_5946.mp4,
20260518-0526_全查,3-huacao,763X02839_23_346469_260520185925_00_02_2330.mp4,
20260518-0526_全查,3-huacao,763X02839_25_17139_260524042916_00_02_5646.mp4,
20260518-0526_全查,3-huacao,763X02839_35_321059_260523212837_00_02_3169.mp4,
20260518-0526_全查,3-huacao,763X02839_35_48029_260521051450_00_02_3249.mp4,
20260518-0526_全查,3-huacao,763X02839_35_49469_260522051812_00_02_3868.mp4,
20260518-0526_全查,3-huacao,763X02839_35_57989_260522054142_00_02_1372.mp4,
20260518-0526_全查,3-huacao,763X02861_17_35369_260521061825_00_02_6687.mp4,
20260518-0526_全查,3-huacao,763X02861_29_5678929_260519233336_00_02_8282.mp4,
20260518-0526_全查,3-huacao,763X02863_19_3379_260521165111_00_02_6876.mp4,
20260518-0526_全查,3-huacao,763X02878_90_22159_260524040241_00_02_9060.mp4,
20260518-0526_全查,3-huacao,763X02890_52_13670859_260518221635_00_02_2005.mp4,
20260518-0526_全查,3-huacao,763X02890_52_13775999_260519030720_00_02_5021.mp4,
20260518-0526_全查,3-huacao,763X02898_46_51579_260521052310_00_02_9846.mp4,
20260518-0526_全查,3-huacao,763X02901_62_14243819_260520004230_00_02_7541.mp4,
20260518-0526_全查,3-huacao,763X02902_17_7909_260523050546_00_02_3268.mp4,
20260518-0526_全查,3-huacao,763X02902_63_13638129_260518204242_00_02_3890.mp4,
20260518-0526_全查,3-huacao,763X02918_02_317689_260523222524_00_02_1368.mp4,
20260518-0526_全查,3-huacao,763X02918_02_355689_260524001057_00_02_4767.mp4,
20260518-0526_全查,3-huacao,763X02918_24_31809_260524043419_00_02_6800.mp4,
20260518-0526_全查,3-huacao,763X02922_29_27369_260521225810_00_02_5318.mp4,
20260518-0526_全查,3-huacao,763X02926_00_156729_260521115647_00_02_3338.mp4,
20260518-0526_全查,3-huacao,763X02926_10_150489_260523144106_00_02_6469.mp4,
20260518-0526_全查,3-huacao,763X02926_10_354919_260524000900_00_02_6147.mp4,
20260518-0526_全查,3-huacao,763X02926_16_14148299_260519233813_00_02_1496.mp4,
20260518-0526_全查,3-huacao,763X02927_01_39109_260521172956_00_02_1404.mp4,
20260518-0526_全查,3-huacao,769WB011002_100_284039_260523015716_00_00_3237.mp4,
20260518-0526_全查,3-huacao,769WB011003_31_700979_260521232516_00_00_7416.mp4,
20260518-0526_全查,3-huacao,769WB01301_244_184399_260522211817_00_00_4027.mp4,
20260518-0526_全查,3-huacao,769WB01301_244_288379_260523020707_00_00_7260.mp4,
20260518-0526_全查,3-huacao,769WB01360_262_373909_260523060458_00_00_3188.mp4,
20260518-0526_全查,3-huacao,769WB01602_73_870689_260520012001_00_02_6868.mp4,
20260518-0526_全查,3-huacao,769WB01743_26_277739_260521031553_00_02_5751.mp4,
20260518-0526_全查,3-huacao,769WB01999_01_753059_260522015504_00_02_5363.mp4,
20260518-0526_全查,3-huacao,769WM011007_243_2459869_260520044823_00_02_2997.mp4,
20260518-0526_全查,3-huacao,769XG011003_59_1576829_260521163226_00_02_9735.mp4,
20260518-0526_全查,3-huacao,835VA02119_37_1552169_260521033706_00_02_5846.mp4,
20260518-0526_全查,3-huacao,835VA02119_77_37439_260521102048_00_02_3879.mp4,
20260518-0526_全查,3-huacao,871VH0181_05_12981719_260518174228_00_00_5384.mp4,
20260518-0526_全查,3-huacao,871W011272_440_46049_260521093847_00_02_9595.mp4,
20260518-0526_全查,3-huacao,871W011440_14_4826399_260519063917_00_02_1878.mp4,
20260518-0526_全查,3-huacao,930VA0150_44_1776919_260520141552_00_02_1682.mp4,
20260518-0526_全查,3-huacao,935VA02113_01_244009_260518142941_00_02_8852.mp4,
20260518-0526_全查,3-huacao,951W01772_162_8617429_260518170144_00_02_3887.mp4,
20260518-0526_全查,3-huacao,951W01772_162_9521899_260520105409_00_02_1984.mp4,
20260518-0526_全查,3-huacao,951W01772_162_9681559_260520181739_00_02_9201.mp4,
20260518-0526_全查,4-feibaoguo,010R01544_122_13944389_260519141004_00_00_4663.mp4,
20260518-0526_全查,4-feibaoguo,010R01544_122_14664459_260520233015_00_00_7912.mp4,
20260518-0526_全查,4-feibaoguo,010W061757_105_8620159_260518232247_00_02_8105.mp4,
20260518-0526_全查,4-feibaoguo,010WA011102_28_294259_260520155418_00_02_4639.mp4,
20260518-0526_全查,4-feibaoguo,010WA011214_81_11580369_260518221611_00_00_6598.mp4,
20260518-0526_全查,4-feibaoguo,010WA011271_37_236409_260522131456_00_00_5351.mp4,
20260518-0526_全查,4-feibaoguo,010WA011273_34_279769_260522151526_00_00_8607.mp4,
20260518-0526_全查,4-feibaoguo,010WA011273_34_730239_260523120738_00_00_5029.mp4,
20260518-0526_全查,4-feibaoguo,010WB01543_222_12142869_260519005134_00_02_2507.mp4,
20260518-0526_全查,4-feibaoguo,010WB01765_116_13850069_260521061332_00_00_3437.mp4,
20260518-0526_全查,4-feibaoguo,010WD02136_308_589569_260518133309_00_00_5436.mp4,
20260518-0526_全查,4-feibaoguo,010WD021484_299_2181039_260521151128_00_02_9821.mp4,
20260518-0526_全查,4-feibaoguo,010WD021484_299_2181669_260521151313_00_00_9362.mp4,
20260518-0526_全查,4-feibaoguo,010WD02151_323_2294789_260521203002_00_02_6802.mp4,
20260518-0526_全查,4-feibaoguo,010WD021882_600_968199_260519070758_00_02_7493.mp4,
20260518-0526_全查,4-feibaoguo,010WD02217_134_1108819_260519133312_00_02_3627.mp4,
20260518-0526_全查,4-feibaoguo,010WD02230_219_2897489_260523002631_00_02_1696.mp4,
20260518-0526_全查,4-feibaoguo,010WD02788_286_858209_260519015520_00_02_7469.mp4,
20260518-0526_全查,4-feibaoguo,010X011964_38_8268219_260519093452_00_00_4032.mp4,
20260518-0526_全查,4-feibaoguo,020RD01119_285_505939_260518182601_00_00_6512.mp4,
20260518-0526_全查,4-feibaoguo,020RD01119_285_505999_260518182611_00_00_1263.mp4,
20260518-0526_全查,4-feibaoguo,020RD01119_285_506459_260518182729_00_00_3570.mp4,
20260518-0526_全查,4-feibaoguo,020RD01170_275_1253059_260520045514_00_00_4603.mp4,
20260518-0526_全查,4-feibaoguo,020RD01246_302_3016609_260523143626_00_02_9001.mp4,
20260518-0526_全查,4-feibaoguo,020RD01252_306_3250269_260524012509_00_02_6473.mp4,
20260518-0526_全查,4-feibaoguo,020RD01403_218_4331799_260523162313_00_00_2752.mp4,
20260518-0526_全查,4-feibaoguo,020RD01544_310_67069_260519111643_00_00_5698.mp4,
20260518-0526_全查,4-feibaoguo,020RD01553_355_260909_260520151642_00_02_3367.mp4,
20260518-0526_全查,4-feibaoguo,020RD01553_355_308309_260520172827_00_02_1058.mp4,
20260518-0526_全查,4-feibaoguo,020RD01554_361_207659_260519174951_00_02_5439.mp4,
20260518-0526_全查,4-feibaoguo,020W011312_109_972989_260520212619_00_02_4479.mp4,
20260518-0526_全查,4-feibaoguo,020WE03100_03_21247119_260519015320_00_02_9695.mp4,
20260518-0526_全查,4-feibaoguo,020WE03286_520_5139269_260519120911_00_02_6814.mp4,
20260518-0526_全查,4-feibaoguo,020WE03310_221_2962239_260523023522_00_02_6180.mp4,
20260518-0526_全查,4-feibaoguo,020WE03345_633_287059_260520173830_00_02_4208.mp4,
20260518-0526_全查,4-feibaoguo,020WE03506_201_1327369_260518235450_00_00_5479.mp4,
20260518-0526_全查,4-feibaoguo,020WE0387_237_2307209_260520014743_00_02_6827.mp4,
20260518-0526_全查,4-feibaoguo,020WM011454_26_3217769_260520164434_00_02_2191.mp4,
20260518-0526_全查,4-feibaoguo,020WM011473_43_2927919_260520035128_00_00_2954.mp4,
20260518-0526_全查,4-feibaoguo,020WM011477_47_2957859_260520051204_00_02_3819.mp4,
20260518-0526_全查,4-feibaoguo,020WM011589_54_3618799_260520053521_00_00_7627.mp4,
20260518-0526_全查,4-feibaoguo,020WM011641_48_593799_260519172307_00_02_4975.mp4,
20260518-0526_全查,4-feibaoguo,020WM01978_15_792619_260522153758_00_02_1285.mp4,
20260518-0526_全查,4-feibaoguo,021R0201_23_6884759_260521112406_00_00_9219.mp4,
20260518-0526_全查,4-feibaoguo,021WD02735_09_2131749_260518200749_00_02_4821.mp4,
20260518-0526_全查,4-feibaoguo,021WE021035_380_730449_260519222712_00_02_1681.mp4,
20260518-0526_全查,4-feibaoguo,021WE021045_360_250419_260519001220_00_00_5548.mp4,
20260518-0526_全查,4-feibaoguo,021WE021170_277_2410169_260521155242_00_00_6332.mp4,
20260518-0526_全查,4-feibaoguo,021WE021613_131_8151619_260518231800_00_02_1312.mp4,
20260518-0526_全查,4-feibaoguo,021WE021642_94_11695099_260523014630_00_00_8737.mp4,
20260518-0526_全查,4-feibaoguo,021WE021816_252_372229_260519055112_00_00_1420.mp4,
20260518-0526_全查,4-feibaoguo,021WE021843_117_8570759_260519105559_00_00_6710.mp4,
20260518-0526_全查,4-feibaoguo,021WE021895_53_4280839_260521131107_00_02_7576.mp4,
20260518-0526_全查,4-feibaoguo,021WF011044_61_747719_260522034025_00_02_4178.mp4,
20260518-0526_全查,4-feibaoguo,021WF011045_45_1258379_260520125642_00_00_9994.mp4,
20260518-0526_全查,4-feibaoguo,021WF011046_46_568789_260519050104_00_00_3923.mp4,
20260518-0526_全查,4-feibaoguo,021WF011104_69_1312909_260520152828_00_00_1966.mp4,
20260518-0526_全查,4-feibaoguo,021WF011180_42_537969_260519033512_00_00_4784.mp4,
20260518-0526_全查,4-feibaoguo,021WF011474_261_419739_260518220609_00_00_7294.mp4,
20260518-0526_全查,4-feibaoguo,021WF01309_77_128579_260520061007_00_02_6280.mp4,
20260518-0526_全查,4-feibaoguo,021WF0135_108_219129_260523125311_00_02_8130.mp4,
20260518-0526_全查,4-feibaoguo,021WF01774_08_945199_260519222646_00_00_2027.mp4,
20260518-0526_全查,4-feibaoguo,021WF01915_63_662839_260519092249_00_02_1615.mp4,
20260518-0526_全查,4-feibaoguo,021WF01915_63_943969_260519222349_00_00_8557.mp4,
20260518-0526_全查,4-feibaoguo,021WF01915_92_65399_260520200534_00_02_2383.mp4,
20260518-0526_全查,4-feibaoguo,021WG061007_136_1322029_260522071145_00_02_9653.mp4,
20260518-0526_全查,4-feibaoguo,021WG061007_136_917759_260521131342_00_00_3830.mp4,
20260518-0526_全查,4-feibaoguo,021WJ0290_69_7765719_260520044042_00_00_2143.mp4,
20260518-0526_全查,4-feibaoguo,022X0319_336_473359_260523235331_00_00_8648.mp4,
20260518-0526_全查,4-feibaoguo,023R03198_149_9808309_260520163511_00_02_3690.mp4,
20260518-0526_全查,4-feibaoguo,023VA02189_00_5637789_260520145117_00_00_1615.mp4,
20260518-0526_全查,4-feibaoguo,024W031088_45_1167479_260520211000_00_02_2995.mp4,
20260518-0526_全查,4-feibaoguo,024W031091_36_2537609_260518092429_00_02_3504.mp4,
20260518-0526_全查,4-feibaoguo,024W032357_36_4559909_260518131300_00_00_3135.mp4,
20260518-0526_全查,4-feibaoguo,024W03818_19_753579_260520020523_00_00_1879.mp4,
20260518-0526_全查,4-feibaoguo,025WA02167_190_4181779_260519005937_00_02_2840.mp4,
20260518-0526_全查,4-feibaoguo,025WA041111_81_45469_260522031336_00_00_6314.mp4,
20260518-0526_全查,4-feibaoguo,025WA0413_295_4993819_260520223257_00_02_2213.mp4,
20260518-0526_全查,4-feibaoguo,025WA04232_232_4323569_260519152649_00_02_7971.mp4,
20260518-0526_全查,4-feibaoguo,025WA04330_17_119509_260520214105_00_02_4928.mp4,
20260518-0526_全查,4-feibaoguo,025WA04330_329_3114109_260519215535_00_02_7658.mp4,
20260518-0526_全查,4-feibaoguo,025WA04527_438_938029_260520023705_00_02_3954.mp4,
20260518-0526_全查,4-feibaoguo,025WA04899_467_49129_260520172252_00_02_5139.mp4,
20260518-0526_全查,4-feibaoguo,025WA0557_394_686979_260518235335_00_02_4694.mp4,
20260518-0526_全查,4-feibaoguo,025WD011080_01_813439_260521175951_00_00_2212.mp4,
20260518-0526_全查,4-feibaoguo,025WD01246_56_23189_260521074905_00_00_4186.mp4,
20260518-0526_全查,4-feibaoguo,027W021220_08_1594369_260522074957_00_02_3725.mp4,
20260518-0526_全查,4-feibaoguo,027WA02257_44_281479_260520005720_00_00_5607.mp4,
20260518-0526_全查,4-feibaoguo,028W061021_02_90789_260521051450_00_00_4808.mp4,
20260518-0526_全查,4-feibaoguo,028W061338_06_1320509_260521164602_00_02_2291.mp4,
20260518-0526_全查,4-feibaoguo,028W061853_65_1848099_260521100307_00_02_7013.mp4,
20260518-0526_全查,4-feibaoguo,028W0626_33_1682839_260522051833_00_00_9844.mp4,
20260518-0526_全查,4-feibaoguo,028WK0117_197_15328219_260523071513_00_00_3518.mp4,
20260518-0526_全查,4-feibaoguo,052W01549_84_10449_260521025517_00_02_4422.mp4,
20260518-0526_全查,4-feibaoguo,07719911581314000011_658_24468489_260521030323_00_00_1043.mp4,
20260518-0526_全查,4-feibaoguo,25710104581314030667_891_3279_260518171845_00_00_6408.mp4,
20260518-0526_全查,4-feibaoguo,25710114581314000985_105_1369_260518071327_00_02_1784.mp4,
20260518-0526_全查,4-feibaoguo,310VA02529_225_1462599_260519004755_00_02_4621.mp4,
20260518-0526_全查,4-feibaoguo,310VA02571_80_14269859_260520053256_00_00_7017.mp4,
20260518-0526_全查,4-feibaoguo,310VA02852_109_11227499_260518202651_00_02_5789.mp4,
20260518-0526_全查,4-feibaoguo,311W01415_38_1550459_260521092230_00_02_8754.mp4,
20260518-0526_全查,4-feibaoguo,311W03425_02_361839_260519131137_00_02_2851.mp4,
20260518-0526_全查,4-feibaoguo,311W03431_53_117459_260518145759_00_02_4256.mp4,
20260518-0526_全查,4-feibaoguo,311W03431_53_119489_260518150337_00_02_9078.mp4,
20260518-0526_全查,4-feibaoguo,311W03431_53_1323259_260521094558_00_02_6910.mp4,
20260518-0526_全查,4-feibaoguo,311W03431_53_407299_260519150354_00_00_5121.mp4,
20260518-0526_全查,4-feibaoguo,311W03431_53_410179_260519151154_00_00_2032.mp4,
20260518-0526_全查,4-feibaoguo,311W03431_53_820849_260520101851_00_00_8634.mp4,
20260518-0526_全查,4-feibaoguo,311WA0154_209_1364169_260519003503_00_02_2958.mp4,
20260518-0526_全查,4-feibaoguo,311WB0106_201_3246339_260518212631_00_02_9593.mp4,
20260518-0526_全查,4-feibaoguo,312W01515_549_576259_260522052040_00_02_9482.mp4,
20260518-0526_全查,4-feibaoguo,312W01743_239_260839_260520104938_00_02_5412.mp4,
20260518-0526_全查,4-feibaoguo,313VA02118_46_5251589_260521140302_00_00_6505.mp4,
20260518-0526_全查,4-feibaoguo,313VA02304_26_12326009_260520210719_00_02_6331.mp4,
20260518-0526_全查,4-feibaoguo,316WH02194_27_14407479_260520095246_00_00_5812.mp4,
20260518-0526_全查,4-feibaoguo,318VA0407_91_637949_260522105437_00_02_5727.mp4,
20260518-0526_全查,4-feibaoguo,319VA03173_344_714359_260519230327_00_02_3189.mp4,
20260518-0526_全查,4-feibaoguo,335VA0119_09_907589_260521091127_00_00_8383.mp4,
20260518-0526_全查,4-feibaoguo,335VA0223_64_278519_260520101154_00_00_8108.mp4,
20260518-0526_全查,4-feibaoguo,351WA011162_145_747159_260522190356_00_00_7451.mp4,
20260518-0526_全查,4-feibaoguo,351WA01325_17_169329_260519055154_00_00_3882.mp4,
20260518-0526_全查,4-feibaoguo,352VA01473_159_6553709_260522162604_00_00_9394.mp4,
20260518-0526_全查,4-feibaoguo,352VA01677_279_4065139_260518233820_00_02_5208.mp4,
20260518-0526_全查,4-feibaoguo,356VA01108_04_1647699_260521052903_00_02_9895.mp4,
20260518-0526_全查,4-feibaoguo,371WB011101_204_4203349_260522032101_00_02_5910.mp4,
20260518-0526_全查,4-feibaoguo,371WB011102_212_1257759_260518114148_00_02_1550.mp4,
20260518-0526_全查,4-feibaoguo,371WB011102_212_2106159_260520025704_00_00_8139.mp4,
20260518-0526_全查,4-feibaoguo,372VA0233_03_72339_260518191839_00_00_5451.mp4,
20260518-0526_全查,4-feibaoguo,372VA0250_20_118029_260520183713_00_02_2855.mp4,
20260518-0526_全查,4-feibaoguo,373W0183_18_7514099_260522032451_00_00_8419.mp4,
20260518-0526_全查,4-feibaoguo,375VA02203_72_213659_260519144018_00_02_6070.mp4,
20260518-0526_全查,4-feibaoguo,375VA02349_33_56419_260519202438_00_02_9723.mp4,
20260518-0526_全查,4-feibaoguo,379W02259_89_714329_260520134137_00_02_1666.mp4,
20260518-0526_全查,4-feibaoguo,395W0213_74_12036299_260520165106_00_02_5075.mp4,
20260518-0526_全查,4-feibaoguo,396VA02148_08_1455849_260520222627_00_02_2548.mp4,
20260518-0526_全查,4-feibaoguo,411W05574_80_268279_260520132958_00_00_5591.mp4,
20260518-0526_全查,4-feibaoguo,418VA0231_18_352999_260520191456_00_00_8659.mp4,
20260518-0526_全查,4-feibaoguo,431W011360_58_388719_260518225536_00_02_4355.mp4,
20260518-0526_全查,4-feibaoguo,431W01719_14_191949_260519181529_00_00_5477.mp4,
20260518-0526_全查,4-feibaoguo,431W01844_36_239439_260522160647_00_00_7986.mp4,
20260518-0526_全查,4-feibaoguo,431W01854_162_15219_260521143633_00_02_2000.mp4,
20260518-0526_全查,4-feibaoguo,432VA01103_14_162279_260522110240_00_02_9456.mp4,
20260518-0526_全查,4-feibaoguo,433VA02109_102_10569_260518082856_00_00_4164.mp4,
20260518-0526_全查,4-feibaoguo,433VA02134_01_3617879_260518193729_00_00_8450.mp4,
20260518-0526_全查,4-feibaoguo,451WD01322_185_2434569_260521223946_00_00_3398.mp4,
20260518-0526_全查,4-feibaoguo,451WD04114_197_1252199_260521021528_00_00_6187.mp4,
20260518-0526_全查,4-feibaoguo,451WD04114_197_678539_260520004542_00_02_5586.mp4,
20260518-0526_全查,4-feibaoguo,451WH01361_257_11559879_260520131838_00_02_9940.mp4,
20260518-0526_全查,4-feibaoguo,455VA0206_26_14959999_260522143831_00_00_4042.mp4,
20260518-0526_全查,4-feibaoguo,456VA0251_40_96049_260521113532_00_00_1287.mp4,
20260518-0526_全查,4-feibaoguo,457VA0202_16_14868929_260522095650_00_02_8305.mp4,
20260518-0526_全查,4-feibaoguo,459VA02191_02_13656159_260520013900_00_00_6098.mp4,
20260518-0526_全查,4-feibaoguo,470VA0426_1637_543049_260522083221_00_00_5619.mp4,
20260518-0526_全查,4-feibaoguo,471R01100_155_11765519_260523074635_00_00_5175.mp4,
20260518-0526_全查,4-feibaoguo,471R01173_171_8643119_260521191707_00_00_5324.mp4,
20260518-0526_全查,4-feibaoguo,471R01215_101_2108879_260518190340_00_00_7086.mp4,
20260518-0526_全查,4-feibaoguo,471R01215_101_2110509_260518190811_00_00_2815.mp4,
20260518-0526_全查,4-feibaoguo,471W03190_339_1054969_260522112711_00_00_6384.mp4,
20260518-0526_全查,4-feibaoguo,471W03190_339_378439_260521040753_00_00_6973.mp4,
20260518-0526_全查,4-feibaoguo,471W03190_339_738739_260521204844_00_00_2880.mp4,
20260518-0526_全查,4-feibaoguo,471W0332_265_2786659_260519201923_00_02_4402.mp4,
20260518-0526_全查,4-feibaoguo,471WH0110_03_12823369_260518112704_00_00_1118.mp4,
20260518-0526_全查,4-feibaoguo,471WH0169_25_14379919_260521115338_00_00_7581.mp4,
20260518-0526_全查,4-feibaoguo,472W06313_561_1019949_260518110823_00_00_9936.mp4,
20260518-0526_全查,4-feibaoguo,472W06643_398_7286779_260518152609_00_00_1967.mp4,
20260518-0526_全查,4-feibaoguo,473VA01103_02_6289849_260520065420_00_02_4920.mp4,
20260518-0526_全查,4-feibaoguo,473VA01256_17_6728469_260521031307_00_02_9368.mp4,
20260518-0526_全查,4-feibaoguo,474VA0301_34_5457589_260520092159_00_00_5662.mp4,
20260518-0526_全查,4-feibaoguo,474VA0391_14_4702929_260518190419_00_00_6239.mp4,
20260518-0526_全查,4-feibaoguo,474VA0391_14_4703469_260518190549_00_00_5309.mp4,
20260518-0526_全查,4-feibaoguo,510R03204_09_93319_260524073527_00_02_5205.mp4,
20260518-0526_全查,4-feibaoguo,510WF011339_349_544779_260522012923_00_02_9072.mp4,
20260518-0526_全查,4-feibaoguo,510WF01213_387_2023419_260524175223_00_02_8187.mp4,
20260518-0526_全查,4-feibaoguo,510WF01568_111_1572899_260519051105_00_00_8658.mp4,
20260518-0526_全查,4-feibaoguo,511W02115_91_291479_260521114841_00_02_7572.mp4,
20260518-0526_全查,4-feibaoguo,511W02374_120_226489_260520053509_00_02_5453.mp4,
20260518-0526_全查,4-feibaoguo,511W0243_77_286359_260522045506_00_02_3787.mp4,
20260518-0526_全查,4-feibaoguo,511W0298_66_555679_260520195639_00_00_3656.mp4,
20260518-0526_全查,4-feibaoguo,511W04142_11_744609_260522121755_00_00_8892.mp4,
20260518-0526_全查,4-feibaoguo,512WA0358_522_2304609_260522123108_00_02_4883.mp4,
20260518-0526_全查,4-feibaoguo,512WA04400_66_1849039_260521030505_00_00_1987.mp4,
20260518-0526_全查,4-feibaoguo,512WA04458_12_2207109_260522130527_00_00_1958.mp4,
20260518-0526_全查,4-feibaoguo,512WA04474_16_781399_260519140356_00_00_8953.mp4,
20260518-0526_全查,4-feibaoguo,512WA05124_55_1248579_260520061900_00_00_1530.mp4,
20260518-0526_全查,4-feibaoguo,512WA05343_02_935509_260520043401_00_02_7487.mp4,
20260518-0526_全查,4-feibaoguo,512WA05376_11_943309_260520045453_00_02_6815.mp4,
20260518-0526_全查,4-feibaoguo,512WA05379_12_967329_260520055725_00_02_5464.mp4,
20260518-0526_全查,4-feibaoguo,512WA05383_14_413649_260519045124_00_02_6069.mp4,
20260518-0526_全查,4-feibaoguo,512WA05388_17_321169_260519003609_00_00_3895.mp4,
20260518-0526_全查,4-feibaoguo,512WA0572_43_1671629_260521131944_00_00_4842.mp4,
20260518-0526_全查,4-feibaoguo,512WE0112_48_265369_260519020518_00_00_2100.mp4,
20260518-0526_全查,4-feibaoguo,512WE0138_20_702189_260523223743_00_00_5650.mp4,
20260518-0526_全查,4-feibaoguo,512WE021040_124_132439_260519191822_00_02_5845.mp4,
20260518-0526_全查,4-feibaoguo,512WE021142_74_545049_260522170755_00_00_1971.mp4,
20260518-0526_全查,4-feibaoguo,512WE021154_146_296779_260520025401_00_00_8317.mp4,
20260518-0526_全查,4-feibaoguo,512WE022569_60_214049_260522015130_00_02_4261.mp4,
20260518-0526_全查,4-feibaoguo,512WE022575_91_1323809_260521042056_00_00_1708.mp4,
20260518-0526_全查,4-feibaoguo,512WE02296_92_816539_260521025619_00_02_9810.mp4,
20260518-0526_全查,4-feibaoguo,512WE023145_385_3482569_260522044602_00_02_4159.mp4,
20260518-0526_全查,4-feibaoguo,512WE024333_377_2668439_260520145949_00_02_3729.mp4,
20260518-0526_全查,4-feibaoguo,512WE02752_110_146849_260523182522_00_02_5495.mp4,
20260518-0526_全查,4-feibaoguo,512WE02923_125_681529_260524191214_00_00_6617.mp4,
20260518-0526_全查,4-feibaoguo,512WR01463_79_3603329_260523202618_00_02_2901.mp4,
20260518-0526_全查,4-feibaoguo,512WR02110_78_412719_260520001853_00_02_1147.mp4,
20260518-0526_全查,4-feibaoguo,512WR02576_37_3299_260519183627_00_02_8689.mp4,
20260518-0526_全查,4-feibaoguo,513R0348_19_1003579_260522230015_00_02_1744.mp4,
20260518-0526_全查,4-feibaoguo,513W01482_26_13875859_260524012646_00_00_7976.mp4,
20260518-0526_全查,4-feibaoguo,513W01489_31_13388609_260523034656_00_00_4341.mp4,
20260518-0526_全查,4-feibaoguo,513W01522_02_12795519_260522012949_00_02_5195.mp4,
20260518-0526_全查,4-feibaoguo,513WH01754_432_8352259_260519042145_00_00_9350.mp4,
20260518-0526_全查,4-feibaoguo,514W01493_09_412839_260520223957_00_00_3366.mp4,
20260518-0526_全查,4-feibaoguo,515VH01134_10_13561939_260519214248_00_02_8862.mp4,
20260518-0526_全查,4-feibaoguo,515W0527_230_3609749_260519055133_00_00_2720.mp4,
20260518-0526_全查,4-feibaoguo,516WF02318_188_69819_260523083817_00_00_3687.mp4,
20260518-0526_全查,4-feibaoguo,516WF0235_104_113689_260523104634_00_02_6492.mp4,
20260518-0526_全查,4-feibaoguo,516WF02675_68_7099_260521154009_00_00_7874.mp4,
20260518-0526_全查,4-feibaoguo,517W031142_49_18952459_260520024428_00_02_9004.mp4,
20260518-0526_全查,4-feibaoguo,517W03630_46_19615229_260521013842_00_02_4401.mp4,
20260518-0526_全查,4-feibaoguo,518W01401_255_87909_260523054244_00_02_8214.mp4,
20260518-0526_全查,4-feibaoguo,519X01210_183_1934019_260520051928_00_00_4559.mp4,
20260518-0526_全查,4-feibaoguo,523W02426_92_50119_260523215337_00_02_5579.mp4,
20260518-0526_全查,4-feibaoguo,527WA03922_255_5367969_260518111604_00_00_3809.mp4,
20260518-0526_全查,4-feibaoguo,527WA03971_02_300579_260522054443_00_02_4460.mp4,
20260518-0526_全查,4-feibaoguo,527WA03981_84_2942559_260520051918_00_00_9329.mp4,
20260518-0526_全查,4-feibaoguo,530VH01197_191_14285989_260521061649_00_02_5397.mp4,
20260518-0526_全查,4-feibaoguo,531W031334_05_489039_260520020746_00_00_3239.mp4,
20260518-0526_全查,4-feibaoguo,531WA04358_180_76849_260520033750_00_02_9228.mp4,
20260518-0526_全查,4-feibaoguo,532W022365_08_1645649_260518175211_00_02_6717.mp4,
20260518-0526_全查,4-feibaoguo,535W0252_75_24109_260519024224_00_00_5205.mp4,
20260518-0526_全查,4-feibaoguo,535W03184_117_229769_260519160514_00_00_9916.mp4,
20260518-0526_全查,4-feibaoguo,535WA02464_391_4625559_260520135137_00_00_3646.mp4,
20260518-0526_全查,4-feibaoguo,536W03164_148_4496379_260523222552_00_02_7284.mp4,
20260518-0526_全查,4-feibaoguo,536W03227_291_8084039_260520053254_00_00_1881.mp4,
20260518-0526_全查,4-feibaoguo,536W03699_214_8295999_260520144435_00_00_8958.mp4,
20260518-0526_全查,4-feibaoguo,537W02179_74_88179_260521083544_00_02_1898.mp4,
20260518-0526_全查,4-feibaoguo,537W03630_65_3415209_260519162313_00_00_8788.mp4,
20260518-0526_全查,4-feibaoguo,538VA01147_08_3343399_260518113523_00_02_7323.mp4,
20260518-0526_全查,4-feibaoguo,543VA03169_322_845819_260520095433_00_00_5056.mp4,
20260518-0526_全查,4-feibaoguo,543VA03389_332_1415099_260521121524_00_00_4582.mp4,
20260518-0526_全查,4-feibaoguo,551R0107_04_1510219_260518234616_00_02_2726.mp4,
20260518-0526_全查,4-feibaoguo,551R0108_00_940649_260521222757_00_00_3925.mp4,
20260518-0526_全查,4-feibaoguo,551W03887_104_376059_260523190023_00_00_5157.mp4,
20260518-0526_全查,4-feibaoguo,551WA01414_34_3800659_260521215606_00_00_4495.mp4,
20260518-0526_全查,4-feibaoguo,552W04439_57_3183229_260519155343_00_02_5410.mp4,
20260518-0526_全查,4-feibaoguo,552W04473_10_6506689_260519224306_00_02_4135.mp4,
20260518-0526_全查,4-feibaoguo,557VA0290_18_574479_260521052339_00_00_1632.mp4,
20260518-0526_全查,4-feibaoguo,558WA02459_15_5859_260521013328_00_02_4749.mp4,
20260518-0526_全查,4-feibaoguo,571R0139_06_1560749_260521000101_00_00_5137.mp4,
20260518-0526_全查,4-feibaoguo,571WB031060_315_2192539_260522215720_00_02_1765.mp4,
20260518-0526_全查,4-feibaoguo,571WB031060_315_2216159_260522230300_00_02_7842.mp4,
20260518-0526_全查,4-feibaoguo,571WB031080_243_4755209_260520122511_00_02_8597.mp4,
20260518-0526_全查,4-feibaoguo,571WB031717_54_10407439_260522211053_00_00_5281.mp4,
20260518-0526_全查,4-feibaoguo,571WB031717_54_10705369_260523175502_00_00_1341.mp4,
20260518-0526_全查,4-feibaoguo,571WB032221_133_15588339_260521132216_00_02_6536.mp4,
20260518-0526_全查,4-feibaoguo,571WB03808_211_791739_260520050612_00_02_6278.mp4,
20260518-0526_全查,4-feibaoguo,571WB03846_436_733959_260522183106_00_02_2541.mp4,
20260518-0526_全查,4-feibaoguo,571WF021736_228_2214929_260521074324_00_02_8665.mp4,
20260518-0526_全查,4-feibaoguo,571WF021745_230_1970839_260519213459_00_02_7835.mp4,
20260518-0526_全查,4-feibaoguo,571WF021948_46_7893569_260519042723_00_00_5516.mp4,
20260518-0526_全查,4-feibaoguo,572W05275_83_6627619_260521075118_00_02_5708.mp4,
20260518-0526_全查,4-feibaoguo,574R0106_03_292549_260520182220_00_00_9668.mp4,
20260518-0526_全查,4-feibaoguo,574R0153_26_234599_260523154016_00_00_7406.mp4,
20260518-0526_全查,4-feibaoguo,574R0166_18_199659_260520140123_00_02_8700.mp4,
20260518-0526_全查,4-feibaoguo,574R0168_20_108519_260519094815_00_02_7051.mp4,
20260518-0526_全查,4-feibaoguo,574WA04232_163_270089_260518175111_00_02_3949.mp4,
20260518-0526_全查,4-feibaoguo,574WA04232_163_284159_260518181439_00_02_4280.mp4,
20260518-0526_全查,4-feibaoguo,574WA04543_22_1519039_260522012032_00_02_4873.mp4,
20260518-0526_全查,4-feibaoguo,574WA05382_38_4130569_260523214653_00_02_1628.mp4,
20260518-0526_全查,4-feibaoguo,574WA05391_42_865109_260520173324_00_02_8344.mp4,
20260518-0526_全查,4-feibaoguo,574WV01501_106_207739_260520174850_00_02_4953.mp4,
20260518-0526_全查,4-feibaoguo,574WV01582_56_1622169_260522060924_00_00_1190.mp4,
20260518-0526_全查,4-feibaoguo,575W061454_132_24949649_260521151436_00_00_2981.mp4,
20260518-0526_全查,4-feibaoguo,576W0342_08_1000189_260523141041_00_02_2837.mp4,
20260518-0526_全查,4-feibaoguo,576W0342_08_486229_260522141809_00_02_3140.mp4,
20260518-0526_全查,4-feibaoguo,577R01151_129_13362749_260520025215_00_02_6074.mp4,
20260518-0526_全查,4-feibaoguo,577R01153_131_12746869_260518222024_00_02_8255.mp4,
20260518-0526_全查,4-feibaoguo,577WD02550_39_1174489_260518135436_00_00_4226.mp4,
20260518-0526_全查,4-feibaoguo,577WD02636_165_7309089_260521200820_00_00_7016.mp4,
20260518-0526_全查,4-feibaoguo,577WD03251_101_2155949_260522004457_00_02_3724.mp4,
20260518-0526_全查,4-feibaoguo,579WA0107_107_6739079_260522023814_00_02_6232.mp4,
20260518-0526_全查,4-feibaoguo,579WA01120_135_4067669_260521132523_00_02_4637.mp4,
20260518-0526_全查,4-feibaoguo,579WA01143_175_5217389_260519041318_00_02_9406.mp4,
20260518-0526_全查,4-feibaoguo,579WA0119_167_1815739_260519142539_00_00_4455.mp4,
20260518-0526_全查,4-feibaoguo,579WA0119_167_1957079_260519205817_00_00_4375.mp4,
20260518-0526_全查,4-feibaoguo,579WA01613_156_2454659_260523051613_00_00_1542.mp4,
20260518-0526_全查,4-feibaoguo,579WA0178_155_6199299_260521113501_00_02_6068.mp4,
20260518-0526_全查,4-feibaoguo,579WA0178_155_7657209_260524042248_00_02_2335.mp4,
20260518-0526_全查,4-feibaoguo,579WA02145_54_6836669_260522070931_00_02_5985.mp4,
20260518-0526_全查,4-feibaoguo,579WA02170_71_5070289_260518212252_00_02_9791.mp4,
20260518-0526_全查,4-feibaoguo,579WA02363_173_5161349_260519013939_00_02_9848.mp4,
20260518-0526_全查,4-feibaoguo,579WA02368_178_7296139_260521184220_00_02_2351.mp4,
20260518-0526_全查,4-feibaoguo,579WA02387_61_722439_260521012149_00_02_4353.mp4,
20260518-0526_全查,4-feibaoguo,579WA02393_66_11193229_260520214740_00_00_3432.mp4,
20260518-0526_全查,4-feibaoguo,579WA02407_88_10641829_260523113907_00_02_4892.mp4,
20260518-0526_全查,4-feibaoguo,579WA02414_95_16064439_260522104103_00_02_1816.mp4,
20260518-0526_全查,4-feibaoguo,579WA02499_179_101419_260523071434_00_02_1110.mp4,
20260518-0526_全查,4-feibaoguo,579WA02546_78_375859_260522022149_00_02_3734.mp4,
20260518-0526_全查,4-feibaoguo,579WA02558_156_4736729_260524051704_00_00_7152.mp4,
20260518-0526_全查,4-feibaoguo,591W01123_28_479669_260519120640_00_00_2440.mp4,
20260518-0526_全查,4-feibaoguo,591W01806_121_1333849_260522065713_00_00_7430.mp4,
20260518-0526_全查,4-feibaoguo,591W01806_121_902929_260521105922_00_00_1196.mp4,
20260518-0526_全查,4-feibaoguo,592R0174_51_119489_260521073719_00_00_6634.mp4,
20260518-0526_全查,4-feibaoguo,592R0174_51_120629_260521074029_00_00_5476.mp4,
20260518-0526_全查,4-feibaoguo,594W03314_23_758139_260521072726_00_00_1879.mp4,
20260518-0526_全查,4-feibaoguo,594W03452_78_1248389_260522061014_00_00_8515.mp4,
20260518-0526_全查,4-feibaoguo,595XA01804_52_104209_260521202013_00_02_1470.mp4,
20260518-0526_全查,4-feibaoguo,635VA01525_34_1195709_260518122250_00_00_7481.mp4,
20260518-0526_全查,4-feibaoguo,660VW0261_41_14652339_260520131654_00_02_7844.mp4,
20260518-0526_全查,4-feibaoguo,662VA03113_06_6012519_260520042815_00_02_7014.mp4,
20260518-0526_全查,4-feibaoguo,662VA03114_07_7056109_260522044525_00_02_7841.mp4,
20260518-0526_全查,4-feibaoguo,663WA0118_98_2677249_260518114835_00_02_2638.mp4,
20260518-0526_全查,4-feibaoguo,663WA021123_97_1533579_260521115413_00_02_8986.mp4,
20260518-0526_全查,4-feibaoguo,663WA021124_98_1951429_260522062245_00_02_3415.mp4,
20260518-0526_全查,4-feibaoguo,663WA021306_04_539139_260519135548_00_00_8868.mp4,
20260518-0526_全查,4-feibaoguo,663WA021308_06_220479_260520211600_00_02_9224.mp4,
20260518-0526_全查,4-feibaoguo,663WA021899_191_61359_260521060719_00_02_9648.mp4,
20260518-0526_全查,4-feibaoguo,663WA0327_136_343849_260520142356_00_00_3039.mp4,
20260518-0526_全查,4-feibaoguo,668VA02124_108_1562339_260520031108_00_00_2861.mp4,
20260518-0526_全查,4-feibaoguo,701VA0283_12_159349_260523102733_00_00_2699.mp4,
20260518-0526_全查,4-feibaoguo,710VA03141_51_430049_260520202320_00_02_8710.mp4,
20260518-0526_全查,4-feibaoguo,710VA03154_1174_710299_260522135924_00_00_3315.mp4,
20260518-0526_全查,4-feibaoguo,710VA03206_230_729289_260522145446_00_02_7174.mp4,
20260518-0526_全查,4-feibaoguo,711VA02256_84_58899_260519213946_00_02_9718.mp4,
20260518-0526_全查,4-feibaoguo,711VA02400_62_105349_260518204241_00_02_6156.mp4,
20260518-0526_全查,4-feibaoguo,712VA02100_47_46759_260519162041_00_02_7537.mp4,
20260518-0526_全查,4-feibaoguo,712VA02218_109_43899_260519162103_00_00_6889.mp4,
20260518-0526_全查,4-feibaoguo,717W01105_35_582009_260519052427_00_00_8263.mp4,
20260518-0526_全查,4-feibaoguo,719VA02230_654_13293389_260519103443_00_02_2245.mp4,
20260518-0526_全查,4-feibaoguo,724VA02655_72_134289_260519113517_00_02_7451.mp4,
20260518-0526_全查,4-feibaoguo,7311WA01553_16_2458009_260520143627_00_00_7432.mp4,
20260518-0526_全查,4-feibaoguo,7311WA02407_194_1286429_260519162732_00_00_3762.mp4,
20260518-0526_全查,4-feibaoguo,7311WA02418_06_4049619_260521004057_00_00_2058.mp4,
20260518-0526_全查,4-feibaoguo,7311WA02565_46_534809_260521022042_00_02_8632.mp4,
20260518-0526_全查,4-feibaoguo,7311WA02614_24_6363309_260523083324_00_00_8247.mp4,
20260518-0526_全查,4-feibaoguo,7311WA03257_10_4650949_260520195852_00_00_1428.mp4,
20260518-0526_全查,4-feibaoguo,7311WA03634_22_8159519_260522160511_00_02_7726.mp4,
20260518-0526_全查,4-feibaoguo,7311WA03968_80_4663479_260519023421_00_02_6288.mp4,
20260518-0526_全查,4-feibaoguo,7311WA0396_05_4582109_260520145152_00_00_6779.mp4,
20260518-0526_全查,4-feibaoguo,7313W01488_218_3372329_260523002357_00_00_1179.mp4,
20260518-0526_全查,4-feibaoguo,7313W0149_138_5598179_260522235408_00_00_6025.mp4,
20260518-0526_全查,4-feibaoguo,7313W01701_124_3462829_260523043621_00_00_7788.mp4,
20260518-0526_全查,4-feibaoguo,736VA0226_97_83819_260518162201_00_00_5316.mp4,
20260518-0526_全查,4-feibaoguo,736VA02489_31_2315759_260520173255_00_02_3467.mp4,
20260518-0526_全查,4-feibaoguo,736VA02495_32_3853319_260523164416_00_00_9795.mp4,
20260518-0526_全查,4-feibaoguo,739VA0205_274_582019_260522151252_00_02_8404.mp4,
20260518-0526_全查,4-feibaoguo,750VA0163_21_28919_260521033235_00_00_5194.mp4,
20260518-0526_全查,4-feibaoguo,750VA0167_08_95539_260523063715_00_00_4009.mp4,
20260518-0526_全查,4-feibaoguo,755R01296_14_1324399_260520163157_00_00_5277.mp4,
20260518-0526_全查,4-feibaoguo,755R01303_08_4680189_260524013329_00_02_2945.mp4,
20260518-0526_全查,4-feibaoguo,755R01307_12_2784599_260522224009_00_00_8951.mp4,
20260518-0526_全查,4-feibaoguo,755R01359_25_220799_260519014435_00_00_7483.mp4,
20260518-0526_全查,4-feibaoguo,755R01586_49_1365709_260520181047_00_02_5854.mp4,
20260518-0526_全查,4-feibaoguo,755R01633_49_2323679_260523031647_00_00_8199.mp4,
20260518-0526_全查,4-feibaoguo,755RC01143_88_5267199_260522015249_00_00_9946.mp4,
20260518-0526_全查,4-feibaoguo,755RC01217_19_2951949_260522075053_00_00_5326.mp4,
20260518-0526_全查,4-feibaoguo,755RC01440_96_4080169_260519210556_00_02_4881.mp4,
20260518-0526_全查,4-feibaoguo,755RC01451_315_827229_260521072045_00_00_1921.mp4,
20260518-0526_全查,4-feibaoguo,755RD01676_283_2658269_260520161635_00_00_1655.mp4,
20260518-0526_全查,4-feibaoguo,755W08142_185_913779_260518213649_00_00_9731.mp4,
20260518-0526_全查,4-feibaoguo,755W08640_174_1497109_260518223727_00_00_8531.mp4,
20260518-0526_全查,4-feibaoguo,755X02452_60_510839_260519014454_00_02_3437.mp4,
20260518-0526_全查,4-feibaoguo,755X02452_60_529189_260519023350_00_00_2421.mp4,
20260518-0526_全查,4-feibaoguo,755X02473_80_349409_260523233545_00_00_5002.mp4,
20260518-0526_全查,4-feibaoguo,756W01243_277_1303429_260521143522_00_00_4698.mp4,
20260518-0526_全查,4-feibaoguo,756W01374_801_4437359_260523161731_00_02_6332.mp4,
20260518-0526_全查,4-feibaoguo,756W01416_288_4506139_260523192332_00_02_2340.mp4,
20260518-0526_全查,4-feibaoguo,757WA0117_165_437829_260520151248_00_02_9035.mp4,
20260518-0526_全查,4-feibaoguo,757WA01344_143_278289_260520075504_00_00_7751.mp4,
20260518-0526_全查,4-feibaoguo,757WA01344_143_278659_260520075606_00_00_6448.mp4,
20260518-0526_全查,4-feibaoguo,757WA01345_144_215589_260520043504_00_00_9707.mp4,
20260518-0526_全查,4-feibaoguo,757WA01365_156_846409_260521083727_00_02_1904.mp4,
20260518-0526_全查,4-feibaoguo,757WA01694_227_1366149_260522102206_00_00_3218.mp4,
20260518-0526_全查,4-feibaoguo,757WA0205_244_461399_260520153054_00_02_1952.mp4,
20260518-0526_全查,4-feibaoguo,757WE01195_215_2232039_260520124047_00_02_4761.mp4,
20260518-0526_全查,4-feibaoguo,757WE01224_274_2532299_260521020150_00_02_3697.mp4,
20260518-0526_全查,4-feibaoguo,757WE01224_274_3154809_260522054211_00_00_6357.mp4,
20260518-0526_全查,4-feibaoguo,757WE01492_290_1337789_260521194011_00_00_5229.mp4,
20260518-0526_全查,4-feibaoguo,757WK01193_369_2131949_260520044936_00_02_9564.mp4,
20260518-0526_全查,4-feibaoguo,757WK01599_357_2651969_260521045801_00_00_7120.mp4,
20260518-0526_全查,4-feibaoguo,760W02123_216_1488309_260518220450_00_02_8575.mp4,
20260518-0526_全查,4-feibaoguo,760W02123_216_2536919_260520204407_00_00_6146.mp4,
20260518-0526_全查,4-feibaoguo,760W02123_216_2723729_260521050217_00_02_6282.mp4,
20260518-0526_全查,4-feibaoguo,760W02130_223_2591939_260520231118_00_00_9065.mp4,
20260518-0526_全查,4-feibaoguo,760W02144_237_3003749_260521230305_00_02_7620.mp4,
20260518-0526_全查,4-feibaoguo,762VA01234_88_1163809_260521081702_00_00_1933.mp4,
20260518-0526_全查,4-feibaoguo,763X0104_13_26349_260521045034_00_00_8580.mp4,
20260518-0526_全查,4-feibaoguo,763X01372_08_39299_260524045122_00_00_1883.mp4,
20260518-0526_全查,4-feibaoguo,763X021098_12_28189_260522041856_00_02_4946.mp4,
20260518-0526_全查,4-feibaoguo,763X02698_08_13804189_260519071621_00_02_9829.mp4,
20260518-0526_全查,4-feibaoguo,763X0288_79_1332359_260519172113_00_00_4069.mp4,
20260518-0526_全查,4-feibaoguo,769WB01374_196_287429_260523020502_00_02_1507.mp4,
20260518-0526_全查,4-feibaoguo,769WB01648_92_5844639_260520000211_00_02_7961.mp4,
20260518-0526_全查,4-feibaoguo,769WM011036_17_8222009_260523123618_00_00_3834.mp4,
20260518-0526_全查,4-feibaoguo,769WM011056_37_7880209_260522204517_00_00_3269.mp4,
20260518-0526_全查,4-feibaoguo,769WM01190_96_1470969_260520124243_00_00_5940.mp4,
20260518-0526_全查,4-feibaoguo,769WM01474_18_1317479_260519041531_00_02_1202.mp4,
20260518-0526_全查,4-feibaoguo,769WM01760_14_7036409_260521054202_00_00_9243.mp4,
20260518-0526_全查,4-feibaoguo,769WM01800_237_5432829_260520020521_00_00_5119.mp4,
20260518-0526_全查,4-feibaoguo,769WM01987_200_5715719_260520162944_00_00_2886.mp4,
20260518-0526_全查,4-feibaoguo,769XG011034_65_411439_260518080318_00_00_3211.mp4,
20260518-0526_全查,4-feibaoguo,769XG011235_34_322299_260520225530_00_02_8820.mp4,
20260518-0526_全查,4-feibaoguo,769XG011629_09_1322959_260521011844_00_00_5716.mp4,
20260518-0526_全查,4-feibaoguo,769XG012138_23_511909_260519151341_00_00_2067.mp4,
20260518-0526_全查,4-feibaoguo,769XG012167_49_177719_260518232300_00_00_9588.mp4,
20260518-0526_全查,4-feibaoguo,771W0489_258_318749_260520223659_00_02_8505.mp4,
20260518-0526_全查,4-feibaoguo,772VA03580_133_255839_260520140840_00_00_2660.mp4,
20260518-0526_全查,4-feibaoguo,772VH0168_09_13807169_260520083439_00_02_1522.mp4,
20260518-0526_全查,4-feibaoguo,772VH0174_24_14785979_260522055408_00_02_2481.mp4,
20260518-0526_全查,4-feibaoguo,772VH0175_25_13271759_260519074808_00_00_4381.mp4,
20260518-0526_全查,4-feibaoguo,772VH0175_25_13295429_260519085350_00_00_4913.mp4,
20260518-0526_全查,4-feibaoguo,772VH0188_26_14327199_260521083816_00_02_5981.mp4,
20260518-0526_全查,4-feibaoguo,772VH0188_26_14331349_260521084947_00_00_8387.mp4,
20260518-0526_全查,4-feibaoguo,797VH01178_17_77259_260523193221_00_02_5495.mp4,
20260518-0526_全查,4-feibaoguo,799VA0251_05_13853149_260520105705_00_00_6090.mp4,
20260518-0526_全查,4-feibaoguo,813VA02115_30_2200449_260519000708_00_02_1798.mp4,
20260518-0526_全查,4-feibaoguo,833VA02279_182_3198399_260521234513_00_00_6003.mp4,
20260518-0526_全查,4-feibaoguo,851WH02169_12_505049_260522010419_00_00_7236.mp4,
20260518-0526_全查,4-feibaoguo,871W011305_994_427729_260519215709_00_00_3310.mp4,
20260518-0526_全查,4-feibaoguo,871W011604_1011_318139_260521164914_00_02_3128.mp4,
20260518-0526_全查,4-feibaoguo,871W0138_352_809949_260520153806_00_02_1879.mp4,
20260518-0526_全查,4-feibaoguo,871W0138_487_119869_260521074120_00_02_8767.mp4,
20260518-0526_全查,4-feibaoguo,871WA03189_08_5231269_260519231522_00_00_7281.mp4,
20260518-0526_全查,4-feibaoguo,872WW0175_14_161229_260519105004_00_02_7296.mp4,
20260518-0526_全查,4-feibaoguo,891VA0483_143_5554169_260519012630_00_00_3273.mp4,
20260518-0526_全查,4-feibaoguo,8981V03151_72_259089_260521235340_00_00_1548.mp4,
20260518-0526_全查,4-feibaoguo,8981V03155_65_11279_260520174548_00_00_1177.mp4,
20260518-0526_全查,4-feibaoguo,898W01252_177_1815009_260520131953_00_02_9581.mp4,
20260518-0526_全查,4-feibaoguo,913VA0217_03_2457299_260520195256_00_00_5194.mp4,
20260518-0526_全查,4-feibaoguo,917VA0277_18_37159_260522092224_00_00_1165.mp4,
20260518-0526_全查,4-feibaoguo,931WH01271_117_3073479_260522011409_00_00_4969.mp4,
20260518-0526_全查,4-feibaoguo,931WH01277_353_2342749_260520152235_00_02_2322.mp4,
20260518-0526_全查,4-feibaoguo,931WH01333_47_8219879_260519230252_00_02_3900.mp4,
20260518-0526_全查,4-feibaoguo,951W01615_283_9046609_260519125335_00_02_9638.mp4,
20260518-0526_全查,4-feibaoguo,951W01744_296_8920679_260520024439_00_02_1930.mp4,
20260518-0526_全查,4-feibaoguo,951W01810_213_777079_260519015956_00_00_5756.mp4,
20260518-0526_全查,4-feibaoguo,971VA02116_154_393259_260519012016_00_00_4764.mp4,
20260518-0526_全查,4-feibaoguo,971VA02129_193_783799_260522182009_00_02_3049.mp4,
20260518-0526_全查,4-feibaoguo,971VA02193_120_1222899_260518134422_00_00_3973.mp4,
20260518-0526_全查,4-feibaoguo,991R01290_983_9292289_260519113845_00_00_2290.mp4,
20260518-0526_全查,4-feibaoguo,992VA02109_39_3288399_260520224222_00_02_4801.mp4,
20260518-0526_全查,4-feibaoguo,P020CDD01101_08_1184429_260518151456_00_02_6121.mp4,
20260518-0526_全查,4-feibaoguo,P020CDD01101_08_1943039_260520005805_00_02_7518.mp4,
20260518-0526_全查,4-feibaoguo,P020CDD01101_08_3791899_260523110843_00_02_4822.mp4,
20260518-0526_全查,4-feibaoguo,P020CDD01101_08_4597049_260524225553_00_02_3612.mp4,
20260518-0526_全查,4-feibaoguo,P020CDD01154_05_13001589_260518200754_00_02_7058.mp4,
20260518-0526_全查,4-feibaoguo,P020CDD01154_05_13223439_260519062435_00_02_9522.mp4,
20260518-0526_全查,4-feibaoguo,P020CDD01154_05_14002379_260520182949_00_02_9662.mp4,
20260518-0526_全查,4-feibaoguo,P020CDD01154_05_14138319_260521004741_00_02_8552.mp4,
20260518-0526_全查,4-feibaoguo,P020CDD01154_05_14169679_260521021452_00_02_2220.mp4,
20260518-0526_全查,4-feibaoguo,P020CDD01154_05_14169759_260521021505_00_02_1200.mp4,
20260518-0526_全查,4-feibaoguo,P020CDD01154_05_14231039_260521050526_00_02_2968.mp4,
20260518-0526_全查,4-feibaoguo,P020CDD01154_05_14571939_260521205302_00_02_7238.mp4,
20260518-0526_全查,4-feibaoguo,P020CDD01154_05_14643949_260522001312_00_02_7963.mp4,
20260518-0526_全查,4-feibaoguo,P020CDD01154_05_14688319_260522021632_00_02_7911.mp4,
20260518-0526_全查,4-feibaoguo,P020CDD01154_05_14775099_260522061746_00_02_9330.mp4,
20260518-0526_全查,4-feibaoguo,P020CDD01154_05_14851039_260522094851_00_02_8648.mp4,
20260518-0526_全查,4-feibaoguo,P020CDD01154_05_14862049_260522101927_00_02_8576.mp4,
20260518-0526_全查,4-feibaoguo,P020CDD01154_05_14872509_260522104832_00_02_8818.mp4,
20260518-0526_全查,4-feibaoguo,P020CDD01154_05_15088979_260522205016_00_02_6056.mp4,
20260518-0526_全查,4-feibaoguo,P020CDD01154_05_15091089_260522205608_00_02_3062.mp4,
20260518-0526_全查,4-feibaoguo,P020CDD01154_05_15160789_260523000952_00_00_9969.mp4,
20260518-0526_全查,4-feibaoguo,P020CDD01154_05_15315809_260523072047_00_02_8338.mp4,
20260518-0526_全查,4-feibaoguo,P020CDD01154_05_15354369_260523090758_00_02_4389.mp4,
20260518-0526_全查,4-feibaoguo,P020CDD01154_05_15363009_260523093159_00_02_5317.mp4,
20260518-0526_全查,4-feibaoguo,P020CDD01154_05_15363759_260523093404_00_02_5078.mp4,
20260518-0526_全查,4-feibaoguo,P020CDD01154_05_15380739_260523102116_00_02_5032.mp4,
20260518-0526_全查,4-feibaoguo,P020CDD01154_05_15403989_260523112554_00_02_5914.mp4,
20260518-0526_全查,4-feibaoguo,P020CDD01154_05_15404019_260523112559_00_02_1587.mp4,
20260518-0526_全查,4-feibaoguo,P020CDD01154_05_15404069_260523112607_00_02_3621.mp4,
20260518-0526_全查,4-feibaoguo,P020CDD01154_05_15404139_260523112619_00_02_9037.mp4,
20260518-0526_全查,4-feibaoguo,P020CDD01154_05_15404189_260523112628_00_02_4931.mp4,
20260518-0526_全查,4-feibaoguo,P020CDD01154_05_15405099_260523112859_00_02_3126.mp4,
20260518-0526_全查,4-feibaoguo,P020CDD01154_05_15854819_260524081906_00_02_2741.mp4,
20260518-0526_全查,4-feibaoguo,P020CDD01154_05_15856139_260524082246_00_02_8421.mp4,
20260518-0526_全查,4-feibaoguo,P020CDD01154_05_15900699_260524102637_00_02_8574.mp4,
20260518-0526_全查,4-feibaoguo,P020CDD01154_05_15915599_260524110803_00_02_3556.mp4,
20260518-0526_全查,4-feibaoguo,P020CDD01155_01_13038839_260518213707_00_02_6874.mp4,
20260518-0526_全查,4-feibaoguo,P020CDD01155_01_13922129_260520143158_00_02_4042.mp4,
20260518-0526_全查,4-feibaoguo,P020CDD01155_01_14700659_260522023518_00_02_7670.mp4,
20260518-0526_全查,4-feibaoguo,P020CDD01155_01_14857179_260522095010_00_02_2927.mp4,
20260518-0526_全查,4-feibaoguo,P020CDD01155_01_15869589_260524084337_00_02_8993.mp4,
20260518-0526_全查,4-feibaoguo,P020CDD01155_01_15971839_260524132749_00_02_3654.mp4,
20260518-0526_全查,4-feibaoguo,P020CDD01158_06_13288609_260519092331_00_02_2960.mp4,
20260518-0526_全查,4-feibaoguo,P020CDD01158_06_13339299_260519114426_00_02_7780.mp4,
20260518-0526_全查,4-feibaoguo,P020CDD01158_06_13608019_260520001123_00_02_6060.mp4,
20260518-0526_全查,4-feibaoguo,P020CDD01158_06_13681679_260520033609_00_02_7017.mp4,
20260518-0526_全查,4-feibaoguo,P020CDD01158_06_14938789_260522135105_00_02_1918.mp4,
20260518-0526_全查,4-feibaoguo,P020CDD01158_06_15202889_260523020512_00_02_3721.mp4,
20260518-0526_全查,4-feibaoguo,P020CDD01158_06_15347159_260523084614_00_02_7194.mp4,
20260518-0526_全查,4-feibaoguo,P020CDD01158_06_15848579_260524080003_00_02_2786.mp4,
20260518-0526_全查,4-feibaoguo,P020CDD01158_06_16183019_260524232942_00_00_1604.mp4,
20260518-0526_全查,4-feibaoguo,P020CDD01192_18_1847899_260519204410_00_02_1902.mp4,
20260518-0526_全查,4-feibaoguo,P020CDD01200_20_3000409_260522053140_00_02_2029.mp4,
20260518-0526_全查,4-feibaoguo,P020CDD01207_21_14307809_260521074451_00_02_6583.mp4,
20260518-0526_全查,4-feibaoguo,P020CDD01217_27_1100239_260518133255_00_02_6832.mp4,
20260518-0526_全查,4-feibaoguo,P020CDD01217_27_1100269_260518133300_00_02_2067.mp4,
20260518-0526_全查,4-feibaoguo,P020CDD01217_27_1535439_260519094104_00_02_1055.mp4,
20260518-0526_全查,4-feibaoguo,P020CDD01217_27_2333419_260520223620_00_02_9596.mp4,
20260518-0526_全查,4-feibaoguo,P020CDD01217_27_2413209_260521021750_00_02_5792.mp4,
20260518-0526_全查,4-feibaoguo,P020CDD01217_27_2426259_260521025404_00_02_1610.mp4,
20260518-0526_全查,4-feibaoguo,P020CDD01217_27_3067609_260522083431_00_00_6951.mp4,
20260518-0526_全查,4-feibaoguo,P020CDD01217_27_3194389_260522142628_00_00_7312.mp4,
20260518-0526_全查,4-feibaoguo,P020CDD01217_27_3241929_260522163827_00_02_7224.mp4,
20260518-0526_全查,4-feibaoguo,P020CDD01217_27_3401179_260523000032_00_02_8800.mp4,
20260518-0526_全查,4-feibaoguo,P020CDD01217_27_4093459_260524080223_00_02_1552.mp4,
20260518-0526_全查,4-feibaoguo,P020CDD01219_30_1193899_260518153943_00_02_7773.mp4,
20260518-0526_全查,4-feibaoguo,P020CDD01219_30_1985509_260520025030_00_02_3811.mp4,
20260518-0526_全查,4-feibaoguo,P020CDD01219_30_2041389_260520051932_00_02_9180.mp4,
20260518-0526_全查,4-feibaoguo,P020CDD01219_30_3377829_260522164315_00_02_8944.mp4,
20260518-0526_全查,4-feibaoguo,P020CDD01219_30_3531599_260522233318_00_00_4695.mp4,
20260518-0526_全查,4-feibaoguo,P020CDD0121_04_3468669_260522204626_00_02_9490.mp4,
20260518-0526_全查,4-feibaoguo,P020CDD01220_28_1169019_260518143323_00_00_7643.mp4,
20260518-0526_全查,4-feibaoguo,P020CDD01220_28_1180389_260518150342_00_02_7695.mp4,
20260518-0526_全查,4-feibaoguo,P020CDD01220_28_4199489_260524051411_00_02_3180.mp4,
20260518-0526_全查,4-feibaoguo,P020CDD01222_26_1147029_260518153943_00_02_7773.mp4,
20260518-0526_全查,4-feibaoguo,P020CDD01222_26_1175799_260518165935_00_00_7906.mp4,
20260518-0526_全查,4-feibaoguo,P020CDD01222_26_1211369_260518183820_00_02_6448.mp4,
20260518-0526_全查,4-feibaoguo,P020CDD01222_26_1244519_260518201022_00_00_4180.mp4,
20260518-0526_全查,4-feibaoguo,P020CDD01222_26_2695309_260521151755_00_02_3980.mp4,
20260518-0526_全查,4-feibaoguo,P020CDD01222_26_3061929_260522081541_00_00_4109.mp4,
20260518-0526_全查,4-feibaoguo,P020CDD01222_26_3498649_260523042805_00_00_7658.mp4,
20260518-0526_全查,4-feibaoguo,P020CDD01222_26_3498749_260523042822_00_00_5411.mp4,
20260518-0526_全查,4-feibaoguo,P020CDD0126_19_1871109_260519214524_00_02_8891.mp4,
20260518-0526_全查,4-feibaoguo,P020CDD0126_19_2873269_260521181740_00_02_5481.mp4,
20260518-0526_全查,4-feibaoguo,P020CDD0126_19_2915439_260521201007_00_02_7084.mp4,
20260518-0526_全查,4-feibaoguo,P020CDD01288_15_3130629_260522053919_00_00_5737.mp4,
20260518-0526_全查,4-feibaoguo,P020CDD01288_15_3130889_260522054001_00_02_9590.mp4,
20260518-0526_全查,4-feibaoguo,P020CDD0133_00_1052309_260518111951_00_02_7973.mp4,
20260518-0526_全查,4-feibaoguo,P020CDD0133_00_2797639_260521200502_00_02_2851.mp4,
20260518-0526_全查,4-feibaoguo,P020CDD0136_14_3299779_260522131526_00_02_2731.mp4,
20260518-0526_全查,4-feibaoguo,P020CDD0137_02_1381949_260519023347_00_00_5886.mp4,
20260518-0526_全查,4-feibaoguo,P020CDD0186_11_3872229_260523144211_00_02_6981.mp4,
20260518-0526_全查,4-feibaoguo,P020CDD0194_23_1218399_260518164519_00_00_6241.mp4,
20260518-0526_全查,4-feibaoguo,P020CDD0194_23_2818019_260521155036_00_00_4273.mp4,
20260518-0526_全查,4-feibaoguo,P020CDD0194_23_3542699_260523000308_00_02_3511.mp4,
20260518-0526_全查,4-feibaoguo,P024LYB01100_07_10761989_260518083413_00_02_2934.mp4,
20260518-0526_全查,4-feibaoguo,P024LYB01100_07_11121189_260519011242_00_00_1733.mp4,
20260518-0526_全查,4-feibaoguo,P024LYB01100_07_11319449_260519102349_00_00_7136.mp4,
20260518-0526_全查,4-feibaoguo,P024LYB01100_07_11511079_260519191630_00_02_1474.mp4,
20260518-0526_全查,4-feibaoguo,P024LYB01100_07_11859209_260520112455_00_00_7366.mp4,
20260518-0526_全查,4-feibaoguo,P024LYB01100_07_11882039_260520122822_00_00_1451.mp4,
20260518-0526_全查,4-feibaoguo,P024LYB01100_07_11909029_260520134324_00_02_5837.mp4,
20260518-0526_全查,4-feibaoguo,P024LYB01100_07_12384669_260521114533_00_00_6833.mp4,
20260518-0526_全查,4-feibaoguo,P024LYB01100_07_12632659_260521231455_00_00_3356.mp4,
20260518-0526_全查,4-feibaoguo,P024LYB01100_07_13343789_260523081140_00_00_2394.mp4,
20260518-0526_全查,4-feibaoguo,P024LYB01101_08_12009749_260520182304_00_02_3492.mp4,
20260518-0526_全查,4-feibaoguo,P024LYB01101_08_12579199_260521204559_00_00_4122.mp4,
20260518-0526_全查,4-feibaoguo,P024LYB01101_08_14007609_260524145635_00_02_8354.mp4,
20260518-0526_全查,4-feibaoguo,P024LYB01102_09_13928649_260524111649_00_00_4536.mp4,
20260518-0526_全查,4-feibaoguo,P024LYB01103_10_10869999_260518133404_00_00_5974.mp4,
20260518-0526_全查,4-feibaoguo,P024LYB01103_10_11031839_260518210356_00_02_3095.mp4,
20260518-0526_全查,4-feibaoguo,P024LYB01103_10_11498479_260519184105_00_02_8324.mp4,
20260518-0526_全查,4-feibaoguo,P024LYB01103_10_11908189_260520134039_00_02_4502.mp4,
20260518-0526_全查,4-feibaoguo,P024LYB01103_10_12524739_260521181430_00_00_5910.mp4,
20260518-0526_全查,4-feibaoguo,P024LYB01103_10_12703429_260522023113_00_02_8312.mp4,
20260518-0526_全查,4-feibaoguo,P024LYB01103_10_12859599_260522094520_00_00_3974.mp4,
20260518-0526_全查,4-feibaoguo,P024LYB01103_10_14183719_260524230602_00_00_5052.mp4,
20260518-0526_全查,4-feibaoguo,P024LYB01105_11_10995879_260518192436_00_00_6046.mp4,
20260518-0526_全查,4-feibaoguo,P024LYB01105_11_11047309_260518214734_00_00_8926.mp4,
20260518-0526_全查,4-feibaoguo,P024LYB01105_11_11126829_260519012836_00_00_3431.mp4,
20260518-0526_全查,4-feibaoguo,P024LYB01105_11_12595239_260521213046_00_00_9796.mp4,
20260518-0526_全查,4-feibaoguo,P024LYB01105_11_13119979_260522214925_00_02_9290.mp4,
20260518-0526_全查,4-feibaoguo,P024LYB01105_11_13138229_260522224009_00_00_4652.mp4,
20260518-0526_全查,4-feibaoguo,P024LYB01105_11_13351399_260523083242_00_00_7207.mp4,
20260518-0526_全查,4-feibaoguo,P024LYB01107_12_11220499_260519054919_00_00_3863.mp4,
20260518-0526_全查,4-feibaoguo,P024LYB01107_12_11560809_260519213517_00_02_5869.mp4,
20260518-0526_全查,4-feibaoguo,P024LYB01107_12_13071859_260522193536_00_02_1254.mp4,
20260518-0526_全查,4-feibaoguo,P024LYB01107_12_13378209_260523094710_00_00_3944.mp4,
20260518-0526_全查,4-feibaoguo,P024LYB01109_13_13433919_260523122158_00_02_7346.mp4,
20260518-0526_全查,4-feibaoguo,P024LYB01115_15_10882399_260518140904_00_02_7024.mp4,
20260518-0526_全查,4-feibaoguo,P024LYB01115_15_12044409_260520195932_00_00_5214.mp4,
20260518-0526_全查,4-feibaoguo,P024LYB01115_15_12639049_260521233229_00_02_7524.mp4,
20260518-0526_全查,4-feibaoguo,P024LYB01115_15_12790889_260522063433_00_02_9540.mp4,
20260518-0526_全查,4-feibaoguo,P024LYB0144_17_11042619_260518213407_00_02_4319.mp4,
20260518-0526_全查,4-feibaoguo,P024LYB0144_17_11719989_260520045701_00_02_5012.mp4,
20260518-0526_全查,4-feibaoguo,P024LYB0144_17_11723209_260520050558_00_02_8280.mp4,
20260518-0526_全查,4-feibaoguo,P024LYB0182_00_10935579_260518163553_00_02_5497.mp4,
20260518-0526_全查,4-feibaoguo,P024LYB0182_00_10962359_260518175019_00_02_4594.mp4,
20260518-0526_全查,4-feibaoguo,P024LYB0182_00_11485119_260519180326_00_02_2717.mp4,
20260518-0526_全查,4-feibaoguo,P024LYB0182_00_11835589_260520101738_00_00_4676.mp4,
20260518-0526_全查,4-feibaoguo,P024LYB0182_00_11965329_260520161816_00_02_4420.mp4,
20260518-0526_全查,4-feibaoguo,P024LYB0182_00_12398639_260521122244_00_00_1927.mp4,
20260518-0526_全查,4-feibaoguo,P024LYB0182_00_12949679_260522135455_00_02_9697.mp4,
20260518-0526_全查,4-feibaoguo,P024LYB0182_00_13413639_260523112435_00_02_7338.mp4,
20260518-0526_全查,4-feibaoguo,P024LYB0182_00_13961149_260524124630_00_00_8957.mp4,
20260518-0526_全查,4-feibaoguo,P027LYB0194_05_13747629_260521204656_00_02_2988.mp4,
20260518-0526_全查,4-feibaoguo,P028LYB0137_00_14364669_260521101707_00_02_4709.mp4,
20260518-0526_全查,4-feibaoguo,P028LYB0143_05_14563729_260521192912_00_00_8600.mp4,
20260518-0526_全查,4-feibaoguo,P028LYB0144_06_13474519_260519170357_00_02_7638.mp4,
20260518-0526_全查,4-feibaoguo,P028LYB0149_11_14343509_260521091736_00_00_4175.mp4,
20260518-0526_全查,4-feibaoguo,P029LYB01110_21_23443359_260520205853_00_02_7874.mp4,
20260518-0526_全查,4-feibaoguo,P029LYB01172_13_12915849_260518154056_00_02_7718.mp4,
20260518-0526_全查,4-feibaoguo,P029LYB01172_13_12957459_260518173635_00_02_4076.mp4,
20260518-0526_全查,4-feibaoguo,P311LYB01100_17_13432849_260519145808_00_02_5158.mp4,
20260518-0526_全查,4-feibaoguo,P311LYB01100_17_14026079_260520182531_00_02_6452.mp4,
20260518-0526_全查,4-feibaoguo,P311LYB01100_17_14028679_260520183244_00_02_9756.mp4,
20260518-0526_全查,4-feibaoguo,P311LYB0166_10_13330299_260518094209_00_02_7192.mp4,
20260518-0526_全查,4-feibaoguo,P311LYB0168_12_12908409_260518145308_00_00_3474.mp4,
20260518-0526_全查,4-feibaoguo,P311LYB0168_12_12915169_260518151155_00_00_1154.mp4,
20260518-0526_全查,4-feibaoguo,P311LYB0168_12_12916529_260518151541_00_00_2814.mp4,
20260518-0526_全查,4-feibaoguo,P311LYB0168_12_12917359_260518151800_00_00_7378.mp4,
20260518-0526_全查,4-feibaoguo,P311LYB0168_12_13471509_260519165720_00_02_2369.mp4,
20260518-0526_全查,4-feibaoguo,P311LYB0168_12_13871019_260520112706_00_02_2809.mp4,
20260518-0526_全查,4-feibaoguo,P311LYB0168_12_14085489_260520212252_00_02_2062.mp4,
20260518-0526_全查,4-feibaoguo,P311LYB0168_12_14124669_260520231142_00_02_4448.mp4,
20260518-0526_全查,4-feibaoguo,P311LYB0170_13_13437209_260519152158_00_00_3417.mp4,
20260518-0526_全查,4-feibaoguo,P311LYB0170_13_13590109_260519222641_00_00_6664.mp4,
20260518-0526_全查,4-feibaoguo,P311LYB0175_14_15259319_260521232520_00_00_8692.mp4,
20260518-0526_全查,4-feibaoguo,P311LYB0192_15_15028439_260521125951_00_00_3790.mp4,
20260518-0526_全查,4-feibaoguo,P371LYB0102_01_12926169_260518153552_00_02_3231.mp4,
20260518-0526_全查,4-feibaoguo,P371LYB0153_08_14084809_260520211717_00_02_7394.mp4,
20260518-0526_全查,4-feibaoguo,P371LYB0169_12_13688509_260519011127_00_00_8451.mp4,
20260518-0526_全查,4-feibaoguo,P532LYB01184_17_15642419_260522162629_00_02_5429.mp4,
20260518-0526_全查,4-feibaoguo,P571LYB0133_00_14151489_260519220944_00_00_3187.mp4,
20260518-0526_全查,4-feibaoguo,P571LYB0141_02_13953979_260519132142_00_00_8169.mp4,
20260518-0526_全查,4-feibaoguo,P571LYB0141_02_13954489_260519132304_00_00_9664.mp4,
20260518-0526_全查,4-feibaoguo,P571LYB0152_04_14544489_260520153533_00_02_2714.mp4,
20260518-0526_全查,4-feibaoguo,P571LYB0159_06_13966899_260519135545_00_00_5480.mp4,
20260518-0526_全查,4-feibaoguo,P571LYB0159_06_15063599_260521144021_00_00_5619.mp4,
20260518-0526_全查,4-feibaoguo,P592LYB01111_18_5546079_260524094904_00_02_3218.mp4,
20260518-0526_全查,4-feibaoguo,P592LYB0157_01_13520719_260519193928_00_00_2832.mp4,
20260518-0526_全查,4-feibaoguo,P592LYB0157_01_14026249_260520190444_00_00_5386.mp4,
20260518-0526_全查,4-feibaoguo,P592LYB0157_01_14970199_260522144842_00_02_8821.mp4,
20260518-0526_全查,4-feibaoguo,P592LYB0157_01_15484849_260523143919_00_02_5584.mp4,
20260518-0526_全查,4-feibaoguo,P592LYB0157_01_15490529_260523145506_00_02_4261.mp4,
20260518-0526_全查,4-feibaoguo,P592LYB0159_03_15080979_260522195736_00_02_2830.mp4,
20260518-0526_全查,4-feibaoguo,P592LYB0173_07_3159109_260522185833_00_02_4466.mp4,
20260518-0526_全查,4-feibaoguo,P592LYB0177_10_10930369_260520095124_00_02_6023.mp4,
20260518-0526_全查,4-feibaoguo,P592LYB0182_12_8898039_260519181707_00_02_2958.mp4,
20260518-0526_全查,4-feibaoguo,P592LYB0191_13_1523869_260522135641_00_00_3981.mp4,
20260518-0526_全查,4-feibaoguo,P769CSB01241_13_15230929_260522214941_00_02_2205.mp4,
20260518-0526_全查,5-zhengchang,010R02176_73_9193989_260519070013_00_02_8102.mp4,
20260518-0526_全查,5-zhengchang,010W061388_354_1972059_260519042013_00_02_1508.mp4,
20260518-0526_全查,5-zhengchang,010W061392_358_1951239_260519032210_00_02_5154.mp4,
20260518-0526_全查,5-zhengchang,010W061400_366_2382229_260519231909_00_02_2037.mp4,
20260518-0526_全查,5-zhengchang,010W062581_59_3019_260522045239_00_02_8335.mp4,
20260518-0526_全查,5-zhengchang,010W063194_24_374579_260524042735_00_00_2677.mp4,
20260518-0526_全查,5-zhengchang,010WB011339_270_8812159_260521020650_00_00_5889.mp4,
20260518-0526_全查,5-zhengchang,010WB01537_112_14775709_260522061701_00_02_2174.mp4,
20260518-0526_全查,5-zhengchang,010WB01687_258_13499_260521030715_00_00_1432.mp4,
20260518-0526_全查,5-zhengchang,010WB01715_351_10315339_260523235506_00_00_2385.mp4,
20260518-0526_全查,5-zhengchang,010WB01958_32_10121679_260523042801_00_02_8990.mp4,
20260518-0526_全查,5-zhengchang,010WD02539_146_1549149_260519125652_00_00_6758.mp4,
20260518-0526_全查,5-zhengchang,010WD02836_275_842559_260519011523_00_02_8839.mp4,
20260518-0526_全查,5-zhengchang,010WD02876_174_1281529_260519213552_00_02_8404.mp4,
20260518-0526_全查,5-zhengchang,010WD02885_249_348379_260522022858_00_00_9216.mp4,
20260518-0526_全查,5-zhengchang,010WD02947_238_722539_260518193909_00_00_2585.mp4,
20260518-0526_全查,5-zhengchang,010WD02982_154_2358159_260521232901_00_00_9485.mp4,
20260518-0526_全查,5-zhengchang,010X011998_69_1640959_260520211819_00_02_7092.mp4,
20260518-0526_全查,5-zhengchang,010X012070_113_282179_260521152010_00_00_9734.mp4,
20260518-0526_全查,5-zhengchang,010X012188_17_14981039_260522154641_00_00_5529.mp4,
20260518-0526_全查,5-zhengchang,010X012248_36_1204159_260520010556_00_00_3123.mp4,
20260518-0526_全查,5-zhengchang,010X02337_116_13104259_260519005355_00_00_8336.mp4,
20260518-0526_全查,5-zhengchang,020RD01167_272_2806009_260523044625_00_00_8207.mp4,
20260518-0526_全查,5-zhengchang,020RD01173_277_688149_260519024659_00_00_6792.mp4,
20260518-0526_全查,5-zhengchang,020RD0245_267_1803599_260521032309_00_00_9704.mp4,
20260518-0526_全查,5-zhengchang,020VM03233_164_9941189_260520173100_00_02_6022.mp4,
20260518-0526_全查,5-zhengchang,020VM03233_164_9942039_260520173322_00_02_4827.mp4,
20260518-0526_全查,5-zhengchang,020VM03239_200_5991189_260519035411_00_00_4843.mp4,
20260518-0526_全查,5-zhengchang,020VM03244_203_6531149_260520045652_00_02_6083.mp4,
20260518-0526_全查,5-zhengchang,020W011348_21_10229_260518161117_00_00_6051.mp4,
20260518-0526_全查,5-zhengchang,020WE03113_06_14134709_260521173641_00_00_7292.mp4,
20260518-0526_全查,5-zhengchang,020WE03115_08_14715489_260522202926_00_02_7083.mp4,
20260518-0526_全查,5-zhengchang,020WE0373_227_2338209_260521215408_00_00_2332.mp4,
20260518-0526_全查,5-zhengchang,020WM011232_47_2497559_260519131651_00_00_1480.mp4,
20260518-0526_全查,5-zhengchang,020WM011634_80_4391799_260521030337_00_02_7570.mp4,
20260518-0526_全查,5-zhengchang,020WT0195_59_8935569_260519143726_00_00_6394.mp4,
20260518-0526_全查,5-zhengchang,021R0230_83_2429599_260521023346_00_00_8765.mp4,
20260518-0526_全查,5-zhengchang,021WE021019_354_2414299_260523042734_00_00_3655.mp4,
20260518-0526_全查,5-zhengchang,021WE021027_351_216929_260518223934_00_00_2391.mp4,
20260518-0526_全查,5-zhengchang,021WE021027_351_306289_260519024757_00_00_5981.mp4,
20260518-0526_全查,5-zhengchang,021WE021028_355_1847079_260522021101_00_00_7541.mp4,
20260518-0526_全查,5-zhengchang,021WE021034_364_713809_260519213936_00_00_1361.mp4,
20260518-0526_全查,5-zhengchang,021WE021658_140_4501749_260519041554_00_02_2463.mp4,
20260518-0526_全查,5-zhengchang,021WE021782_150_110969_260519171727_00_00_2260.mp4,
20260518-0526_全查,5-zhengchang,021WE021822_398_236909_260520162540_00_02_1967.mp4,
20260518-0526_全查,5-zhengchang,021WE021898_55_10286749_260520151727_00_02_5065.mp4,
20260518-0526_全查,5-zhengchang,021WF011030_50_421989_260521123526_00_00_1615.mp4,
20260518-0526_全查,5-zhengchang,021WF011135_35_395489_260523125745_00_02_8228.mp4,
20260518-0526_全查,5-zhengchang,021WF011198_71_229119_260523132050_00_00_3236.mp4,
20260518-0526_全查,5-zhengchang,021WF01127_341_275499_260519151145_00_02_5223.mp4,
20260518-0526_全查,5-zhengchang,021WF011425_365_5462999_260519152129_00_02_9687.mp4,
20260518-0526_全查,5-zhengchang,021WF011497_13_434559_260521130728_00_00_4073.mp4,
20260518-0526_全查,5-zhengchang,021WF01319_03_761369_260524055247_00_00_7976.mp4,
20260518-0526_全查,5-zhengchang,021WF01812_55_430519_260523143708_00_00_8963.mp4,
20260518-0526_全查,5-zhengchang,021WF01825_353_586839_260521041044_00_00_7938.mp4,
20260518-0526_全查,5-zhengchang,021WF01927_64_270069_260523071704_00_00_3842.mp4,
20260518-0526_全查,5-zhengchang,021WF01941_174_1568079_260519032633_00_00_1217.mp4,
20260518-0526_全查,5-zhengchang,021WG04101_03_1504019_260523115845_00_02_2405.mp4,
20260518-0526_全查,5-zhengchang,021WG04101_03_1504259_260523115925_00_02_4719.mp4,
20260518-0526_全查,5-zhengchang,021WG04102_04_1504359_260523115941_00_02_1285.mp4,
20260518-0526_全查,5-zhengchang,021WG04244_66_24539_260520153234_00_02_1940.mp4,
20260518-0526_全查,5-zhengchang,021WG061140_19_1321809_260519050110_00_00_9204.mp4,
20260518-0526_全查,5-zhengchang,021WG061143_22_1362349_260519064912_00_00_2916.mp4,
20260518-0526_全查,5-zhengchang,021WG06134_57_1861089_260524043408_00_02_2902.mp4,
20260518-0526_全查,5-zhengchang,021WG06571_16_2130649_260520205352_00_02_6885.mp4,
20260518-0526_全查,5-zhengchang,021WG06707_11_957489_260518143757_00_00_8469.mp4,
20260518-0526_全查,5-zhengchang,021WG06863_72_6283359_260524004919_00_00_2963.mp4,
20260518-0526_全查,5-zhengchang,021WJ011177_27_409689_260521070953_00_02_7255.mp4,
20260518-0526_全查,5-zhengchang,021WJ011247_13_1270209_260519025856_00_02_5917.mp4,
20260518-0526_全查,5-zhengchang,021WJ011292_16_1528939_260524153622_00_00_6455.mp4,
20260518-0526_全查,5-zhengchang,021WJ02294_58_3566299_260522043336_00_02_9548.mp4,
20260518-0526_全查,5-zhengchang,021WS021134_86_186969_260518170251_00_00_9452.mp4,
20260518-0526_全查,5-zhengchang,021WS021221_27_34759_260519143427_00_00_3436.mp4,
20260518-0526_全查,5-zhengchang,021WS021221_27_69289_260519184957_00_02_1806.mp4,
20260518-0526_全查,5-zhengchang,021WS021234_29_37979_260523025325_00_00_8801.mp4,
20260518-0526_全查,5-zhengchang,021WS021234_32_132589_260519013939_00_00_9848.mp4,
20260518-0526_全查,5-zhengchang,021WS021314_18_1177539_260519030920_00_00_3130.mp4,
20260518-0526_全查,5-zhengchang,021WS021634_07_4036279_260524152951_00_00_9572.mp4,
20260518-0526_全查,5-zhengchang,021WS021674_17_2176999_260521013432_00_02_8798.mp4,
20260518-0526_全查,5-zhengchang,021WS021674_17_2197279_260521023036_00_00_1796.mp4,
20260518-0526_全查,5-zhengchang,021WS021674_17_3268369_260523035323_00_02_8995.mp4,
20260518-0526_全查,5-zhengchang,022W01259_02_13991739_260520175930_00_02_2146.mp4,
20260518-0526_全查,5-zhengchang,022WB022065_458_577659_260520132929_00_02_8573.mp4,
20260518-0526_全查,5-zhengchang,023W021937_45_965979_260523014021_00_00_5854.mp4,
20260518-0526_全查,5-zhengchang,024W031606_77_690419_260519230705_00_00_1117.mp4,
20260518-0526_全查,5-zhengchang,024W031608_79_1443599_260521095823_00_02_2932.mp4,
20260518-0526_全查,5-zhengchang,024W032410_60_676839_260519223233_00_02_4856.mp4,
20260518-0526_全查,5-zhengchang,024W03553_47_1273509_260521020959_00_00_4944.mp4,
20260518-0526_全查,5-zhengchang,024W03553_47_233839_260519020147_00_00_7134.mp4,
20260518-0526_全查,5-zhengchang,024W03814_35_1321489_260521041658_00_02_5927.mp4,
20260518-0526_全查,5-zhengchang,025WA02119_389_100989_260519044837_00_02_1428.mp4,
20260518-0526_全查,5-zhengchang,025WA04527_80_150329_260521221910_00_02_5496.mp4,
20260518-0526_全查,5-zhengchang,025WD011058_85_896559_260521215211_00_02_6135.mp4,
20260518-0526_全查,5-zhengchang,025WD0156_86_104169_260521112527_00_00_3019.mp4,
20260518-0526_全查,5-zhengchang,025WD01974_37_841229_260522022717_00_02_8818.mp4,
20260518-0526_全查,5-zhengchang,025WD01975_38_1154479_260522165930_00_00_4797.mp4,
20260518-0526_全查,5-zhengchang,025WD01982_80_543859_260521053040_00_00_3842.mp4,
20260518-0526_全查,5-zhengchang,027WA012521_118_102129_260520071109_00_00_6226.mp4,
20260518-0526_全查,5-zhengchang,027WA01751_71_395589_260520112754_00_00_3349.mp4,
20260518-0526_全查,5-zhengchang,027WA0186_20_901119_260521105744_00_02_5171.mp4,
20260518-0526_全查,5-zhengchang,028W06113_59_1905889_260522222133_00_00_9350.mp4,
20260518-0526_全查,5-zhengchang,028W06121_63_197599_260519144829_00_00_6922.mp4,
20260518-0526_全查,5-zhengchang,028W061289_06_178829_260519142227_00_00_7121.mp4,
20260518-0526_全查,5-zhengchang,028W0621_29_1624229_260522092608_00_02_5494.mp4,
20260518-0526_全查,5-zhengchang,028W062304_24_3614379_260518224320_00_00_6531.mp4,
20260518-0526_全查,5-zhengchang,028W06739_39_1553399_260522060435_00_00_7996.mp4,
20260518-0526_全查,5-zhengchang,028W06821_17_2122999_260523083211_00_02_2978.mp4,
20260518-0526_全查,5-zhengchang,028W06965_81_2154179_260523095834_00_00_8075.mp4,
20260518-0526_全查,5-zhengchang,028WA011702_00_663759_260522224703_00_02_5303.mp4,
20260518-0526_全查,5-zhengchang,028WA01503_51_91409_260520195734_00_00_1778.mp4,
20260518-0526_全查,5-zhengchang,029WE0165_20_3173559_260521054118_00_00_9691.mp4,
20260518-0526_全查,5-zhengchang,310VA02159_231_679759_260518235225_00_02_7376.mp4,
20260518-0526_全查,5-zhengchang,310VA02800_157_13922319_260519145953_00_00_3610.mp4,
20260518-0526_全查,5-zhengchang,311W03136_122_759989_260520142220_00_00_3026.mp4,
20260518-0526_全查,5-zhengchang,311WB03169_280_2398659_260519183545_00_02_3926.mp4,
20260518-0526_全查,5-zhengchang,311WB03229_276_2588159_260520032115_00_00_7757.mp4,
20260518-0526_全查,5-zhengchang,312W01718_286_5105839_260518114631_00_02_5508.mp4,
20260518-0526_全查,5-zhengchang,314VA02235_58_3676099_260519054540_00_00_1467.mp4,
20260518-0526_全查,5-zhengchang,314VA02235_58_3681649_260519060028_00_00_5057.mp4,
20260518-0526_全查,5-zhengchang,315W0384_118_638099_260520133617_00_02_5524.mp4,
20260518-0526_全查,5-zhengchang,318VA04337_51_28479_260520055602_00_02_6020.mp4,
20260518-0526_全查,5-zhengchang,318VA0461_24_120499_260519224831_00_00_5600.mp4,
20260518-0526_全查,5-zhengchang,335VA02127_30_265179_260520093231_00_02_4486.mp4,
20260518-0526_全查,5-zhengchang,351WA011325_23_1876789_260519021950_00_00_1786.mp4,
20260518-0526_全查,5-zhengchang,351WA0127_26_348549_260519092942_00_00_4185.mp4,
20260518-0526_全查,5-zhengchang,351WA0134_33_334079_260519084749_00_02_2343.mp4,
20260518-0526_全查,5-zhengchang,351WA01439_29_207449_260519084243_00_00_2328.mp4,
20260518-0526_全查,5-zhengchang,351WA01469_126_134259_260520003306_00_00_3847.mp4,
20260518-0526_全查,5-zhengchang,351WA0152_220_6199_260520152303_00_02_3730.mp4,
20260518-0526_全查,5-zhengchang,351WA01600_70_4439_260519152423_00_00_8061.mp4,
20260518-0526_全查,5-zhengchang,351WA0171_239_895949_260522083753_00_00_7369.mp4,
20260518-0526_全查,5-zhengchang,356VA01134_00_542159_260523052208_00_00_6062.mp4,
20260518-0526_全查,5-zhengchang,357VA0167_45_394699_260520055519_00_00_3816.mp4,
20260518-0526_全查,5-zhengchang,359W02391_126_905479_260518223320_00_02_7340.mp4,
20260518-0526_全查,5-zhengchang,371WB011014_21_2724339_260520010354_00_00_2327.mp4,
20260518-0526_全查,5-zhengchang,371WB011842_299_1181029_260521232947_00_00_6797.mp4,
20260518-0526_全查,5-zhengchang,371WB011852_225_1996639_260519085406_00_00_6672.mp4,
20260518-0526_全查,5-zhengchang,371WB01891_365_58579_260523042753_00_00_2464.mp4,
20260518-0526_全查,5-zhengchang,372VA0191_115_183099_260519135501_00_00_9039.mp4,
20260518-0526_全查,5-zhengchang,373W01246_64_6039149_260518200730_00_00_6656.mp4,
20260518-0526_全查,5-zhengchang,379W02163_48_90119_260518224018_00_02_7058.mp4,
20260518-0526_全查,5-zhengchang,396VA02256_26_17859_260522043836_00_00_8779.mp4,
20260518-0526_全查,5-zhengchang,411W05146_91_125119_260520215554_00_00_9358.mp4,
20260518-0526_全查,5-zhengchang,411W05458_06_152849_260521182031_00_00_5128.mp4,
20260518-0526_全查,5-zhengchang,411W05599_02_126789_260520065643_00_02_2673.mp4,
20260518-0526_全查,5-zhengchang,414VA0290_01_13843919_260519113526_00_00_2544.mp4,
20260518-0526_全查,5-zhengchang,414VA0298_02_13629089_260519012748_00_00_1414.mp4,
20260518-0526_全查,5-zhengchang,416W03157_50_276199_260522154606_00_00_3194.mp4,
20260518-0526_全查,5-zhengchang,416W0330_99_399879_260519211616_00_00_2689.mp4,
20260518-0526_全查,5-zhengchang,416W06115_22_223889_260521132617_00_00_3987.mp4,
20260518-0526_全查,5-zhengchang,416W0669_17_241749_260520144206_00_00_9969.mp4,
20260518-0526_全查,5-zhengchang,431W011350_52_205199_260518142636_00_00_3224.mp4,
20260518-0526_全查,5-zhengchang,431W01718_13_21099_260519055651_00_00_3645.mp4,
20260518-0526_全查,5-zhengchang,431WA01284_381_6996959_260521004912_00_00_5229.mp4,
20260518-0526_全查,5-zhengchang,432VA0103_35_233269_260522141157_00_02_2831.mp4,
20260518-0526_全查,5-zhengchang,432VA01223_41_153419_260521131222_00_00_9099.mp4,
20260518-0526_全查,5-zhengchang,452VA0191_05_369209_260519204422_00_00_2884.mp4,
20260518-0526_全查,5-zhengchang,453VA0214_06_689459_260522122938_00_00_9812.mp4,
20260518-0526_全查,5-zhengchang,453VA0284_56_376599_260518223539_00_00_4113.mp4,
20260518-0526_全查,5-zhengchang,455VA0227_13_14870899_260522103347_00_00_6959.mp4,
20260518-0526_全查,5-zhengchang,455VA0230_06_14238669_260521051447_00_02_6465.mp4,
20260518-0526_全查,5-zhengchang,459VA02216_12_13934769_260520145945_00_00_5668.mp4,
20260518-0526_全查,5-zhengchang,470VA0416_00_592949_260521022526_00_02_4162.mp4,
20260518-0526_全查,5-zhengchang,471W0110_207_6217249_260521160023_00_00_9920.mp4,
20260518-0526_全查,5-zhengchang,471W03263_214_4446479_260518173245_00_00_4426.mp4,
20260518-0526_全查,5-zhengchang,471W03382_796_5115029_260522003736_00_00_2486.mp4,
20260518-0526_全查,5-zhengchang,473VA01162_211_333819_260520131001_00_02_3206.mp4,
20260518-0526_全查,5-zhengchang,473VA01273_14_7405789_260521205317_00_00_6261.mp4,
20260518-0526_全查,5-zhengchang,478VA02139_17_942849_260518234234_00_00_5497.mp4,
20260518-0526_全查,5-zhengchang,510WF0106_262_4084999_260523205023_00_00_7750.mp4,
20260518-0526_全查,5-zhengchang,512WA03167_25_3018169_260522194024_00_00_2579.mp4,
20260518-0526_全查,5-zhengchang,512WA04704_97_2136129_260521130550_00_02_5408.mp4,
20260518-0526_全查,5-zhengchang,512WR0225_37_594479_260521112910_00_02_7232.mp4,
20260518-0526_全查,5-zhengchang,513W01529_04_12025369_260520151645_00_02_1421.mp4,
20260518-0526_全查,5-zhengchang,516WF02183_21_127649_260521202019_00_00_7390.mp4,
20260518-0526_全查,5-zhengchang,516WF02318_57_109949_260521200048_00_00_4932.mp4,
20260518-0526_全查,5-zhengchang,517W03685_36_13442529_260522222557_00_00_2544.mp4,
20260518-0526_全查,5-zhengchang,517W03760_64_5411739_260519140943_00_00_4411.mp4,
20260518-0526_全查,5-zhengchang,518W01405_259_155419_260523081812_00_00_6867.mp4,
20260518-0526_全查,5-zhengchang,519WA012288_19_287459_260522180711_00_00_5370.mp4,
20260518-0526_全查,5-zhengchang,519WH03479_48_157309_260521202446_00_02_8005.mp4,
20260518-0526_全查,5-zhengchang,523W02543_236_230209_260518095624_00_00_1384.mp4,
20260518-0526_全查,5-zhengchang,523W0273_120_935369_260519233000_00_02_5568.mp4,
20260518-0526_全查,5-zhengchang,527WA03344_80_418699_260522111522_00_00_3689.mp4,
20260518-0526_全查,5-zhengchang,527WA03350_284_469669_260520141437_00_02_2873.mp4,
20260518-0526_全查,5-zhengchang,527WA03501_288_7266909_260518122204_00_02_3647.mp4,
20260518-0526_全查,5-zhengchang,527WA03521_11_576179_260522183313_00_00_9557.mp4,
20260518-0526_全查,5-zhengchang,527WA03535_21_286129_260522043345_00_02_9664.mp4,
20260518-0526_全查,5-zhengchang,527WA03766_237_652639_260520224127_00_00_9183.mp4,
20260518-0526_全查,5-zhengchang,527WA03780_46_1851269_260518080936_00_00_8341.mp4,
20260518-0526_全查,5-zhengchang,530VA02268_25_10744619_260520082405_00_02_7949.mp4,
20260518-0526_全查,5-zhengchang,534VA01410_17_5397449_260522043629_00_02_6755.mp4,
20260518-0526_全查,5-zhengchang,535W03458_16_201829_260519005507_00_00_3863.mp4,
20260518-0526_全查,5-zhengchang,538VA02105_58_5210459_260518204601_00_02_6305.mp4,
20260518-0526_全查,5-zhengchang,538VA0297_57_6389959_260521011025_00_00_5224.mp4,
20260518-0526_全查,5-zhengchang,543VA03345_261_1789699_260521020259_00_00_7335.mp4,
20260518-0526_全查,5-zhengchang,543VA03428_142_2078129_260520121135_00_02_5725.mp4,
20260518-0526_全查,5-zhengchang,543VA03534_383_1705349_260520220654_00_00_1636.mp4,
20260518-0526_全查,5-zhengchang,551W03110_36_716489_260523235838_00_02_3284.mp4,
20260518-0526_全查,5-zhengchang,551W03869_51_209369_260523111609_00_00_6334.mp4,
20260518-0526_全查,5-zhengchang,551WA01355_13_4719689_260523144752_00_02_9665.mp4,
20260518-0526_全查,5-zhengchang,556VA02401_76_2429689_260520162416_00_00_1552.mp4,
20260518-0526_全查,5-zhengchang,558WA021113_04_27019_260520153143_00_02_1974.mp4,
20260518-0526_全查,5-zhengchang,561VA01131_20_871569_260519165233_00_00_7129.mp4,
20260518-0526_全查,5-zhengchang,562VA0234_41_561699_260521041421_00_00_8568.mp4,
20260518-0526_全查,5-zhengchang,570W01571_75_635159_260522212311_00_00_1452.mp4,
20260518-0526_全查,5-zhengchang,570W01610_184_44099_260521032014_00_00_2441.mp4,
20260518-0526_全查,5-zhengchang,571WB031048_303_2840989_260524035944_00_00_1774.mp4,
20260518-0526_全查,5-zhengchang,571WB031077_240_5543769_260522010152_00_00_8161.mp4,
20260518-0526_全查,5-zhengchang,571WB031717_54_10131599_260522015820_00_00_5232.mp4,
20260518-0526_全查,5-zhengchang,571WB032259_107_2835309_260523215919_00_00_6319.mp4,
20260518-0526_全查,5-zhengchang,571WF021554_65_1861489_260523004853_00_00_9023.mp4,
20260518-0526_全查,5-zhengchang,571WF021684_24_5742629_260519074405_00_00_9642.mp4,
20260518-0526_全查,5-zhengchang,571WF02409_133_479409_260518073614_00_00_8390.mp4,
20260518-0526_全查,5-zhengchang,571WF02702_31_3538619_260521044656_00_00_7422.mp4,
20260518-0526_全查,5-zhengchang,571WF02718_04_5690319_260523052054_00_02_2332.mp4,
20260518-0526_全查,5-zhengchang,572W05571_32_2710109_260518203647_00_00_2313.mp4,
20260518-0526_全查,5-zhengchang,572W05652_19_2741199_260518215809_00_02_5107.mp4,
20260518-0526_全查,5-zhengchang,572W05655_22_4313339_260521224519_00_00_1142.mp4,
20260518-0526_全查,5-zhengchang,574W01244_136_122339_260519201341_00_00_2636.mp4,
20260518-0526_全查,5-zhengchang,574WA04535_14_842079_260520180055_00_02_6646.mp4,
20260518-0526_全查,5-zhengchang,574WA0533_71_91149_260519071502_00_00_7880.mp4,
20260518-0526_全查,5-zhengchang,575W061374_02_1480659_260519032910_00_00_6467.mp4,
20260518-0526_全查,5-zhengchang,575W061463_126_14121379_260519232635_00_00_2797.mp4,
20260518-0526_全查,5-zhengchang,575W061464_125_14627449_260520225254_00_00_1769.mp4,
20260518-0526_全查,5-zhengchang,575W061464_125_16172929_260523222555_00_00_7998.mp4,
20260518-0526_全查,5-zhengchang,577WD02447_04_15126419_260521215606_00_00_9323.mp4,
20260518-0526_全查,5-zhengchang,577WD02541_310_481319_260519161027_00_02_2930.mp4,
20260518-0526_全查,5-zhengchang,577WD03147_188_5008399_260519232508_00_02_9950.mp4,
20260518-0526_全查,5-zhengchang,578W02138_00_202529_260523133914_00_02_3514.mp4,
20260518-0526_全查,5-zhengchang,579W02333_34_15394359_260522091240_00_00_5297.mp4,
20260518-0526_全查,5-zhengchang,579W02461_43_73139_260523082937_00_02_2835.mp4,
20260518-0526_全查,5-zhengchang,579W0340_152_1727829_260522022534_00_00_9971.mp4,
20260518-0526_全查,5-zhengchang,579WA0103_159_127689_260520033502_00_00_2629.mp4,
20260518-0526_全查,5-zhengchang,579WA0103_159_630099_260521025047_00_00_6731.mp4,
20260518-0526_全查,5-zhengchang,579WA01112_129_3305919_260520021657_00_02_2841.mp4,
20260518-0526_全查,5-zhengchang,579WA0138_92_5056229_260518205044_00_02_1503.mp4,
20260518-0526_全查,5-zhengchang,579WA01442_26_10048939_260519204105_00_02_1918.mp4,
20260518-0526_全查,5-zhengchang,579WA01462_32_10621609_260520231219_00_02_7618.mp4,
20260518-0526_全查,5-zhengchang,579WA01601_251_1527049_260524004443_00_02_5293.mp4,
20260518-0526_全查,5-zhengchang,579WA01633_64_10206589_260519025923_00_00_2357.mp4,
20260518-0526_全查,5-zhengchang,579WA02146_55_6777299_260522042401_00_00_1294.mp4,
20260518-0526_全查,5-zhengchang,579WA02170_196_219219_260523142719_00_00_2283.mp4,
20260518-0526_全查,5-zhengchang,579WA02170_71_5871769_260520102928_00_00_6880.mp4,
20260518-0526_全查,5-zhengchang,579WA02372_181_7613529_260523045154_00_00_4770.mp4,
20260518-0526_全查,5-zhengchang,580VA01242_248_3404249_260522142041_00_02_5492.mp4,
20260518-0526_全查,5-zhengchang,580VA0175_00_16738439_260518092640_00_02_2959.mp4,
20260518-0526_全查,5-zhengchang,591W011519_75_210499_260518234022_00_00_9710.mp4,
20260518-0526_全查,5-zhengchang,591W01277_64_1030409_260520133917_00_00_8873.mp4,
20260518-0526_全查,5-zhengchang,594W03459_81_1902399_260523122526_00_00_8580.mp4,
20260518-0526_全查,5-zhengchang,594W03460_82_909579_260521142606_00_00_5459.mp4,
20260518-0526_全查,5-zhengchang,594W03478_83_312359_260519045322_00_02_7704.mp4,
20260518-0526_全查,5-zhengchang,594W03483_87_32099_260518155324_00_00_2690.mp4,
20260518-0526_全查,5-zhengchang,594W03483_87_49069_260518164031_00_00_8878.mp4,
20260518-0526_全查,5-zhengchang,594W0360_123_370159_260522224352_00_00_9610.mp4,
20260518-0526_全查,5-zhengchang,595XA01592_247_967599_260522213714_00_00_4135.mp4,
20260518-0526_全查,5-zhengchang,595XA01593_248_714799_260522102330_00_00_9339.mp4,
20260518-0526_全查,5-zhengchang,595XA01851_120_852049_260519050431_00_00_5006.mp4,
20260518-0526_全查,5-zhengchang,595XA0435_196_768239_260519011635_00_02_7104.mp4,
20260518-0526_全查,5-zhengchang,660VW02189_58_15275519_260522211734_00_02_3509.mp4,
20260518-0526_全查,5-zhengchang,668VA02284_13_422059_260521053012_00_00_4546.mp4,
20260518-0526_全查,5-zhengchang,710VA01119_123_1028649_260523044448_00_00_2604.mp4,
20260518-0526_全查,5-zhengchang,710VA02189_241_710209_260522135919_00_00_8131.mp4,
20260518-0526_全查,5-zhengchang,711VA02309_270_33729_260519203122_00_02_7690.mp4,
20260518-0526_全查,5-zhengchang,712VA02109_40_502489_260522010817_00_00_7247.mp4,
20260518-0526_全查,5-zhengchang,717W01134_13_585839_260519053444_00_00_5914.mp4,
20260518-0526_全查,5-zhengchang,718VA03181_08_1029559_260521204059_00_02_2275.mp4,
20260518-0526_全查,5-zhengchang,718VA03186_30_79999_260520004501_00_00_7744.mp4,
20260518-0526_全查,5-zhengchang,730VA02132_173_127729_260518204647_00_00_1250.mp4,
20260518-0526_全查,5-zhengchang,730VA02263_17_238119_260520225810_00_00_3236.mp4,
20260518-0526_全查,5-zhengchang,7311WA02465_80_2372159_260519184741_00_00_9008.mp4,
20260518-0526_全查,5-zhengchang,7311WA031231_16_934359_260521215238_00_00_9147.mp4,
20260518-0526_全查,5-zhengchang,7311WA031256_108_5440439_260518163305_00_00_8679.mp4,
20260518-0526_全查,5-zhengchang,7311WA031314_59_4523819_260520150504_00_00_8311.mp4,
20260518-0526_全查,5-zhengchang,7311WA031319_39_2651039_260519184756_00_00_5308.mp4,
20260518-0526_全查,5-zhengchang,7311WA031322_42_3775459_260523005352_00_00_8719.mp4,
20260518-0526_全查,5-zhengchang,7311WA031324_44_3694419_260522191427_00_00_3528.mp4,
20260518-0526_全查,5-zhengchang,7311WE012778_69_13069_260520172612_00_02_1350.mp4,
20260518-0526_全查,5-zhengchang,7311WE01328_73_45249_260520210422_00_02_3069.mp4,
20260518-0526_全查,5-zhengchang,736VA02284_23_2428739_260523045705_00_00_3769.mp4,
20260518-0526_全查,5-zhengchang,746VA04427_293_6364509_260520205245_00_00_1141.mp4,
20260518-0526_全查,5-zhengchang,750VA01254_37_48219_260520042642_00_00_8881.mp4,
20260518-0526_全查,5-zhengchang,750VA0156_17_104919_260519070327_00_02_2299.mp4,
20260518-0526_全查,5-zhengchang,750W01652_10_13454469_260522130520_00_02_7781.mp4,
20260518-0526_全查,5-zhengchang,755R01336_23_816889_260520013313_00_00_4953.mp4,
20260518-0526_全查,5-zhengchang,755R01633_49_902639_260520092118_00_02_8018.mp4,
20260518-0526_全查,5-zhengchang,755R01854_13_2092879_260522045038_00_00_3585.mp4,
20260518-0526_全查,5-zhengchang,755R01889_33_3176949_260524035652_00_02_5683.mp4,
20260518-0526_全查,5-zhengchang,755RC01213_17_2424989_260521082604_00_02_7453.mp4,
20260518-0526_全查,5-zhengchang,755RC01454_318_324199_260522074921_00_00_8681.mp4,
20260518-0526_全查,5-zhengchang,755RC01454_318_45419_260521185525_00_02_5637.mp4,
20260518-0526_全查,5-zhengchang,755RD01123_77_170939_260523232138_00_00_8981.mp4,
20260518-0526_全查,5-zhengchang,755RD01614_254_1122149_260519181729_00_00_7339.mp4,
20260518-0526_全查,5-zhengchang,755W08169_388_1328909_260522221421_00_00_5503.mp4,
20260518-0526_全查,5-zhengchang,755W08169_388_938609_260522045322_00_00_1871.mp4,
20260518-0526_全查,5-zhengchang,755W08169_388_955549_260522053832_00_00_6385.mp4,
20260518-0526_全查,5-zhengchang,755W08663_323_1433399_260522083415_00_00_6191.mp4,
20260518-0526_全查,5-zhengchang,755W08705_169_577659_260518074245_00_02_1113.mp4,
20260518-0526_全查,5-zhengchang,755WF27470_171_4472179_260519044756_00_00_8135.mp4,
20260518-0526_全查,5-zhengchang,755WF27494_154_1305669_260523021729_00_00_1663.mp4,
20260518-0526_全查,5-zhengchang,755WF27879_199_2109819_260520215142_00_02_7810.mp4,
20260518-0526_全查,5-zhengchang,755WF27899_70_4544059_260521130221_00_02_5603.mp4,
20260518-0526_全查,5-zhengchang,755WJ02467_18_1247549_260518211805_00_00_3675.mp4,
20260518-0526_全查,5-zhengchang,755WJ02737_11_189619_260519192412_00_00_4236.mp4,
20260518-0526_全查,5-zhengchang,755WM012072_14_575509_260519032015_00_02_7504.mp4,
20260518-0526_全查,5-zhengchang,755WM01535_11_1568589_260518221229_00_02_9941.mp4,
20260518-0526_全查,5-zhengchang,755WM01942_43_1337339_260519013031_00_00_5958.mp4,
20260518-0526_全查,5-zhengchang,755X02596_27_394129_260518211624_00_00_1437.mp4,
20260518-0526_全查,5-zhengchang,757WA01135_191_156669_260520055133_00_00_7049.mp4,
20260518-0526_全查,5-zhengchang,757WA0113_10_131479_260518231906_00_00_2672.mp4,
20260518-0526_全查,5-zhengchang,757WA011529_245_567749_260520211818_00_00_3850.mp4,
20260518-0526_全查,5-zhengchang,757WA01188_585_1941209_260521212235_00_00_5128.mp4,
20260518-0526_全查,5-zhengchang,757WA01489_234_642509_260520233435_00_00_6204.mp4,
20260518-0526_全查,5-zhengchang,757WA01490_235_40289_260519204828_00_00_3352.mp4,
20260518-0526_全查,5-zhengchang,757WA01693_226_1252299_260522050526_00_00_8665.mp4,
20260518-0526_全查,5-zhengchang,757WA0215_175_1393259_260522112854_00_02_7221.mp4,
20260518-0526_全查,5-zhengchang,757WE0116_259_2537989_260521021525_00_02_3437.mp4,
20260518-0526_全查,5-zhengchang,757WE01184_276_509509_260520065026_00_00_4918.mp4,
20260518-0526_全查,5-zhengchang,757WE01287_299_1128369_260518113736_00_02_3416.mp4,
20260518-0526_全查,5-zhengchang,757WE0131_1104_1462959_260519045850_00_00_9309.mp4,
20260518-0526_全查,5-zhengchang,757WE01518_316_410659_260520022610_00_00_7146.mp4,
20260518-0526_全查,5-zhengchang,757WK01457_394_2561519_260521004758_00_00_6152.mp4,
20260518-0526_全查,5-zhengchang,757WK01460_350_2668469_260521054304_00_02_1025.mp4,
20260518-0526_全查,5-zhengchang,760W02128_296_49619_260524150803_00_00_7345.mp4,
20260518-0526_全查,5-zhengchang,760W02185_140_2640429_260521061635_00_00_7567.mp4,
20260518-0526_全查,5-zhengchang,763X0122_82_6178859_260519034410_00_02_7116.mp4,
20260518-0526_全查,5-zhengchang,763X0133_22_377609_260522202623_00_00_4859.mp4,
20260518-0526_全查,5-zhengchang,763X021320_08_48379_260519015413_00_00_4666.mp4,
20260518-0526_全查,5-zhengchang,763X021519_18_29669_260520132333_00_00_5733.mp4,
20260518-0526_全查,5-zhengchang,763X02522_02_6058819_260519025251_00_02_6533.mp4,
20260518-0526_全查,5-zhengchang,769WB0103_02_319809_260521051220_00_00_8281.mp4,
20260518-0526_全查,5-zhengchang,769WB0105_22_2157979_260519035611_00_00_1687.mp4,
20260518-0526_全查,5-zhengchang,769WB01726_278_342429_260523043557_00_00_7629.mp4,
20260518-0526_全查,5-zhengchang,769WM011093_231_3740529_260522160812_00_00_6330.mp4,
20260518-0526_全查,5-zhengchang,769WM011125_246_2601419_260521154448_00_00_7112.mp4,
20260518-0526_全查,5-zhengchang,769WM01800_237_5455259_260520030720_00_00_4094.mp4,
20260518-0526_全查,5-zhengchang,769XG011026_52_944179_260520111455_00_00_8489.mp4,
20260518-0526_全查,5-zhengchang,769XG011043_64_401609_260518073554_00_00_7921.mp4,
20260518-0526_全查,5-zhengchang,772VA03589_01_675199_260523021059_00_00_4976.mp4,
20260518-0526_全查,5-zhengchang,825VA0192_48_899159_260519224658_00_00_4399.mp4,
20260518-0526_全查,5-zhengchang,830VA0282_24_791319_260520161334_00_02_4840.mp4,
20260518-0526_全查,5-zhengchang,834VA02147_29_721109_260518102108_00_00_1795.mp4,
20260518-0526_全查,5-zhengchang,835VA02121_38_1270729_260520121451_00_00_5948.mp4,
20260518-0526_全查,5-zhengchang,855VA0308_02_828349_260518233856_00_02_6372.mp4,
20260518-0526_全查,5-zhengchang,870VA02342_05_438529_260520181912_00_00_3688.mp4,
20260518-0526_全查,5-zhengchang,871VH01244_42_14076179_260520205729_00_02_7872.mp4,
20260518-0526_全查,5-zhengchang,871WA03340_66_4560449_260519234703_00_02_9205.mp4,
20260518-0526_全查,5-zhengchang,872WW01102_35_111789_260519230930_00_00_2398.mp4,
20260518-0526_全查,5-zhengchang,872WW0180_16_1074829_260521050749_00_00_6188.mp4,
20260518-0526_全查,5-zhengchang,875VA0230_06_9387929_260523130401_00_00_4131.mp4,
20260518-0526_全查,5-zhengchang,891VA04175_36_11091079_260522170547_00_02_2482.mp4,
20260518-0526_全查,5-zhengchang,891VA04175_36_11091939_260522170810_00_02_6702.mp4,
20260518-0526_全查,5-zhengchang,911VA0239_23_8754219_260519234426_00_02_5535.mp4,
20260518-0526_全查,5-zhengchang,911VA0254_26_8378369_260519061821_00_00_4682.mp4,
20260518-0526_全查,5-zhengchang,912VA02273_24_210949_260519121710_00_00_9298.mp4,
20260518-0526_全查,5-zhengchang,914VA01237_37_124049_260518104319_00_00_6935.mp4,
20260518-0526_全查,5-zhengchang,930VA0149_00_4711099_260520201929_00_02_5491.mp4,
20260518-0526_全查,5-zhengchang,930VA0159_22_4380299_260520053334_00_00_5719.mp4,
20260518-0526_全查,5-zhengchang,931W01475_89_504989_260520113209_00_02_8617.mp4,
20260518-0526_全查,5-zhengchang,931W01975_21_370139_260519102501_00_00_1813.mp4,
20260518-0526_全查,5-zhengchang,937VA0281_48_76829_260519063212_00_00_9420.mp4,
20260518-0526_全查,5-zhengchang,999VA01139_588_11602869_260520141319_00_00_3349.mp4,
20260518-0526_全查,5-zhengchang,P020CDD0133_00_1107369_260518135242_00_02_4652.mp4,
20260518-0526_全查,5-zhengchang,P027LYB0194_05_15228439_260524172021_00_02_4646.mp4,
20260518-0526_全查,6-yichang,010W062367_41_6558969_260519005641_00_02_7342.mp4,
20260518-0526_全查,6-yichang,010X011922_32_23750699_260522141913_00_02_3217.mp4,
20260518-0526_全查,6-yichang,010X011922_32_23934189_260522192503_00_02_6724.mp4,
20260518-0526_全查,6-yichang,021WE021382_47_5422299_260519042235_00_00_6900.mp4,
20260518-0526_全查,6-yichang,021WF0191_98_11819_260522004004_00_02_4110.mp4,
20260518-0526_全查,6-yichang,021WJ021381_32_3459879_260520071627_00_00_6949.mp4,
20260518-0526_全查,6-yichang,021WJ02336_109_2826109_260521041819_00_00_8454.mp4,
20260518-0526_全查,6-yichang,021WJ02528_52_5899169_260519200536_00_00_1007.mp4,
20260518-0526_全查,6-yichang,021WJ02723_56_964249_260519161535_00_00_1844.mp4,
20260518-0526_全查,6-yichang,028W062037_54_738239_260520123014_00_00_9585.mp4,
20260518-0526_全查,6-yichang,318VA04358_71_13659_260519212755_00_00_3228.mp4,
20260518-0526_全查,6-yichang,335VA02119_01_9639_260518120107_00_00_3688.mp4,
20260518-0526_全查,6-yichang,351WA011064_151_662709_260522131020_00_00_2463.mp4,
20260518-0526_全查,6-yichang,370W01269_957_11074939_260521145351_00_00_7901.mp4,
20260518-0526_全查,6-yichang,370W01269_957_11075049_260521145409_00_00_6271.mp4,
20260518-0526_全查,6-yichang,395W02195_220_425489_260518234148_00_02_2570.mp4,
20260518-0526_全查,6-yichang,411W05543_92_66369_260521015659_00_00_9637.mp4,
20260518-0526_全查,6-yichang,411W05549_245_500859_260519032025_00_00_1220.mp4,
20260518-0526_全查,6-yichang,411W05549_98_84449_260521043435_00_00_1741.mp4,
20260518-0526_全查,6-yichang,411W05572_187_65759_260521020948_00_00_6167.mp4,
20260518-0526_全查,6-yichang,512W02677_143_1784759_260522203305_00_00_1533.mp4,
20260518-0526_全查,6-yichang,515W05319_75_61109_260521183916_00_00_4773.mp4,
20260518-0526_全查,6-yichang,536W03249_45_9607229_260523040129_00_00_8457.mp4,
20260518-0526_全查,6-yichang,551WA01165_15_605509_260522012533_00_00_2918.mp4,
20260518-0526_全查,6-yichang,551WA01375_10_605199_260522011952_00_02_2558.mp4,
20260518-0526_全查,6-yichang,551WA02313_29_429949_260519204413_00_00_4245.mp4,
20260518-0526_全查,6-yichang,571WF021069_119_1276199_260520204731_00_00_6482.mp4,
20260518-0526_全查,6-yichang,576W0309_98_961689_260519030554_00_00_4227.mp4,
20260518-0526_全查,6-yichang,579WA01484_246_303679_260523042437_00_00_3940.mp4,
20260518-0526_全查,6-yichang,755R01882_26_1661349_260521070948_00_00_7255.mp4,
20260518-0526_全查,6-yichang,755WF27500_04_976569_260520080647_00_00_2799.mp4,
20260518-0526_全查,6-yichang,755WF27508_156_1488899_260519043001_00_00_4390.mp4,
20260518-0526_全查,6-yichang,755WF27754_11_772279_260518152114_00_00_6071.mp4,
20260518-0526_全查,6-yichang,755WF27787_122_243689_260522221555_00_00_1658.mp4,
20260518-0526_全查,6-yichang,755WF27835_59_9519_260523051453_00_00_5216.mp4,
20260518-0526_全查,6-yichang,755WF27837_39_760769_260519121417_00_00_3646.mp4,
20260518-0526_全查,6-yichang,755WF27839_41_457389_260518080239_00_00_2846.mp4,
20260518-0526_全查,6-yichang,755WF27839_41_678799_260519043518_00_00_6514.mp4,
20260518-0526_全查,6-yichang,755WF27839_41_777489_260519134903_00_00_6997.mp4,
20260518-0526_全查,6-yichang,755WF27839_41_780859_260519140746_00_00_2967.mp4,
20260518-0526_全查,6-yichang,755WF27839_41_819629_260519174310_00_00_3319.mp4,
20260518-0526_全查,6-yichang,755WF27872_75_1646759_260522071325_00_00_2338.mp4,
20260518-0526_全查,6-yichang,755WF27873_193_1645379_260519025048_00_00_6074.mp4,
20260518-0526_全查,6-yichang,755WF27874_194_2196329_260521055216_00_00_2536.mp4,
20260518-0526_全查,6-yichang,755WF27874_194_2250599_260521105346_00_00_6912.mp4,
20260518-0526_全查,6-yichang,755WF27887_58_1206759_260520214017_00_00_9319.mp4,
20260518-0526_全查,6-yichang,769WB01384_58_2534239_260519204050_00_00_3259.mp4,
20260518-0526_全查,6-yichang,871W011235_1004_229589_260523165711_00_00_6290.mp4,
20260518-0526_全查,6-yichang,871W011238_1007_81519_260522042217_00_00_2278.mp4,
20260518-0526_全查,6-yichang,871W011244_1008_62539_260521194941_00_00_6517.mp4,
20260518-0526_全查,6-yichang,871W011253_226_762299_260518092530_00_00_4657.mp4,
20260518-0526_全查,6-yichang,871W011253_982_263459_260520115841_00_00_2339.mp4,
20260518-0526_全查,6-yichang,871W011253_982_314539_260521012320_00_00_3310.mp4,
20260518-0526_全查,6-yichang,871W011259_977_62749_260519220953_00_00_3422.mp4,
20260518-0526_全查,6-yichang,871W011259_977_75799_260520014723_00_00_7189.mp4,
20260518-0526_全查,6-yichang,V883VA01127_17_80009_260520235026_00_2551.mp4,
20260518-0526_全查,7-zhedang,010W061517_185_4020069_260519025159_00_00_4845.mp4,
20260518-0526_全查,7-zhedang,010W062554_04_29199_260520130747_00_00_5583.mp4,
20260518-0526_全查,7-zhedang,010W062554_25_1979_260521012056_00_00_1559.mp4,
20260518-0526_全查,7-zhedang,010WB011579_287_11449729_260521043717_00_00_2652.mp4,
20260518-0526_全查,7-zhedang,010WB011602_298_12744779_260523163826_00_02_9982.mp4,
20260518-0526_全查,7-zhedang,010WB011669_280_12102349_260522105227_00_00_7565.mp4,
20260518-0526_全查,7-zhedang,010WB01557_199_11781199_260518080651_00_02_5055.mp4,
20260518-0526_全查,7-zhedang,010WB01705_308_9315779_260522013803_00_00_7190.mp4,
20260518-0526_全查,7-zhedang,010WD02137_309_682189_260518175023_00_02_6171.mp4,
20260518-0526_全查,7-zhedang,010WD02286_222_2502759_260522060909_00_02_2753.mp4,
20260518-0526_全查,7-zhedang,010WD02880_245_62529_260521131453_00_00_5698.mp4,
20260518-0526_全查,7-zhedang,010X012283_17_4184509_260521223104_00_02_2121.mp4,
20260518-0526_全查,7-zhedang,010X012373_82_22672009_260520002614_00_02_5162.mp4,
20260518-0526_全查,7-zhedang,010X02310_105_15279239_260523053745_00_00_2942.mp4,
20260518-0526_全查,7-zhedang,020RD01112_331_1383219_260522163528_00_02_9208.mp4,
20260518-0526_全查,7-zhedang,020RD01114_340_1696039_260522112809_00_02_7143.mp4,
20260518-0526_全查,7-zhedang,020RD01137_308_2332619_260522071746_00_00_6389.mp4,
20260518-0526_全查,7-zhedang,020RD0115_277_772899_260519064508_00_00_6841.mp4,
20260518-0526_全查,7-zhedang,020RD01163_270_1740579_260521032834_00_00_8166.mp4,
20260518-0526_全查,7-zhedang,020RD01292_47_2202789_260520140704_00_02_5558.mp4,
20260518-0526_全查,7-zhedang,020RD01501_397_1115769_260522070504_00_00_3320.mp4,
20260518-0526_全查,7-zhedang,020W011176_25_2419479_260521123625_00_00_7921.mp4,
20260518-0526_全查,7-zhedang,020WE03114_07_15311389_260524000436_00_02_3815.mp4,
20260518-0526_全查,7-zhedang,020WE03116_09_12728389_260519002908_00_02_1098.mp4,
20260518-0526_全查,7-zhedang,020WE03222_157_4953469_260518223823_00_00_3177.mp4,
20260518-0526_全查,7-zhedang,020WE03502_614_1854279_260520002118_00_00_5430.mp4,
20260518-0526_全查,7-zhedang,020WE03531_62_12582039_260518181112_00_00_1700.mp4,
20260518-0526_全查,7-zhedang,020WM011297_407_2138699_260518204450_00_00_4144.mp4,
20260518-0526_全查,7-zhedang,020WM01870_05_2898309_260520074717_00_02_3036.mp4,
20260518-0526_全查,7-zhedang,021WE021481_336_1124489_260518194746_00_02_4816.mp4,
20260518-0526_全查,7-zhedang,021WE021505_78_7562529_260523073009_00_00_4175.mp4,
20260518-0526_全查,7-zhedang,021WE021531_61_13009769_260523190034_00_02_2395.mp4,
20260518-0526_全查,7-zhedang,021WE021690_129_7929249_260519161542_00_02_2972.mp4,
20260518-0526_全查,7-zhedang,021WE021874_42_3241859_260520081854_00_02_5685.mp4,
20260518-0526_全查,7-zhedang,021WE021923_192_1459059_260523030000_00_00_3126.mp4,
20260518-0526_全查,7-zhedang,021WF0145_118_74889_260523061022_00_02_6456.mp4,
20260518-0526_全查,7-zhedang,021WF0193_525_143889_260520225048_00_00_7293.mp4,
20260518-0526_全查,7-zhedang,021WG04105_90_833299_260520100423_00_02_2922.mp4,
20260518-0526_全查,7-zhedang,021WG04629_07_287789_260521034233_00_00_2155.mp4,
20260518-0526_全查,7-zhedang,021WG04629_07_778989_260522022611_00_00_1728.mp4,
20260518-0526_全查,7-zhedang,021WG04736_06_1401029_260523071528_00_00_1400.mp4,
20260518-0526_全查,7-zhedang,021WG06571_16_1626719_260519213403_00_02_1493.mp4,
20260518-0526_全查,7-zhedang,021WG06583_17_1859969_260520045249_00_02_2003.mp4,
20260518-0526_全查,7-zhedang,021WG06970_24_822019_260521033656_00_00_4691.mp4,
20260518-0526_全查,7-zhedang,021WJ011290_14_435399_260522125544_00_02_3797.mp4,
20260518-0526_全查,7-zhedang,021WJ011416_32_7451409_260520041628_00_00_8004.mp4,
20260518-0526_全查,7-zhedang,021WJ011425_39_7483579_260520054553_00_00_9385.mp4,
20260518-0526_全查,7-zhedang,021WJ02301_65_2240849_260519151245_00_00_6691.mp4,
20260518-0526_全查,7-zhedang,021WJ02337_110_2333429_260520033650_00_00_8233.mp4,
20260518-0526_全查,7-zhedang,021WJ02346_117_3558969_260522032358_00_00_4156.mp4,
20260518-0526_全查,7-zhedang,021WS021336_23_145359_260520040317_00_02_9714.mp4,
20260518-0526_全查,7-zhedang,021WS021387_77_31479_260521032143_00_00_3371.mp4,
20260518-0526_全查,7-zhedang,021WS02180_88_468659_260521075735_00_02_8288.mp4,
20260518-0526_全查,7-zhedang,022W01160_76_10057329_260519172752_00_02_4102.mp4,
20260518-0526_全查,7-zhedang,022X03284_04_11433149_260518230848_00_00_3714.mp4,
20260518-0526_全查,7-zhedang,022X03827_95_8332399_260522050857_00_00_9968.mp4,
20260518-0526_全查,7-zhedang,023W021807_50_1004439_260523033429_00_00_7705.mp4,
20260518-0526_全查,7-zhedang,023W0218_1617_872609_260519213419_00_02_3606.mp4,
20260518-0526_全查,7-zhedang,024W031087_44_1211519_260520231214_00_00_2578.mp4,
20260518-0526_全查,7-zhedang,024W03674_24_902109_260520085242_00_02_5162.mp4,
20260518-0526_全查,7-zhedang,025WA041019_309_337489_260519024658_00_00_6115.mp4,
20260518-0526_全查,7-zhedang,025WA0410_46_783149_260523035234_00_02_6055.mp4,
20260518-0526_全查,7-zhedang,025WA04275_453_18489_260520055816_00_02_6029.mp4,
20260518-0526_全查,7-zhedang,025WD01395_29_1963069_260519101313_00_02_5685.mp4,
20260518-0526_全查,7-zhedang,025WD01956_30_505599_260521101532_00_02_7524.mp4,
20260518-0526_全查,7-zhedang,027WA012464_108_12769_260520030330_00_00_1718.mp4,
20260518-0526_全查,7-zhedang,027WA01384_139_724049_260521120034_00_00_6726.mp4,
20260518-0526_全查,7-zhedang,027WA0190_24_309189_260520072919_00_02_9447.mp4,
20260518-0526_全查,7-zhedang,028W061294_04_1394449_260521223927_00_02_6436.mp4,
20260518-0526_全查,7-zhedang,028W06166_59_1587699_260522074509_00_02_1385.mp4,
20260518-0526_全查,7-zhedang,028W06681_82_1054279_260521065555_00_00_5002.mp4,
20260518-0526_全查,7-zhedang,028W06740_40_126179_260519115955_00_02_7885.mp4,
20260518-0526_全查,7-zhedang,028W06770_145_281069_260519033930_00_02_8364.mp4,
20260518-0526_全查,7-zhedang,028W06866_73_1750069_260522151001_00_00_1654.mp4,
20260518-0526_全查,7-zhedang,028W06926_32_13289_260518113306_00_02_7156.mp4,
20260518-0526_全查,7-zhedang,028W06975_79_1680059_260522120050_00_02_9763.mp4,
20260518-0526_全查,7-zhedang,088VA0235_05_100319_260519235338_00_00_3760.mp4,
20260518-0526_全查,7-zhedang,310VA02450_168_411259_260518232733_00_02_1977.mp4,
20260518-0526_全查,7-zhedang,310VA02806_163_14035619_260519194248_00_02_5035.mp4,
20260518-0526_全查,7-zhedang,310VA02831_102_3668919_260520224802_00_02_9281.mp4,
20260518-0526_全查,7-zhedang,311W01431_39_275409_260518214846_00_02_2220.mp4,
20260518-0526_全查,7-zhedang,311WB0108_203_2059719_260518141251_00_02_8453.mp4,
20260518-0526_全查,7-zhedang,351WA01103_202_362809_260520080104_00_00_6782.mp4,
20260518-0526_全查,7-zhedang,351WA011432_166_763219_260522200200_00_00_6115.mp4,
20260518-0526_全查,7-zhedang,351WA01261_111_667819_260522132740_00_00_8549.mp4,
20260518-0526_全查,7-zhedang,351WA01610_73_267669_260519133017_00_00_2076.mp4,
20260518-0526_全查,7-zhedang,352VA01425_228_6635889_260522203521_00_02_2161.mp4,
20260518-0526_全查,7-zhedang,352VA01426_229_2319289_260518195146_00_02_6108.mp4,
20260518-0526_全查,7-zhedang,353VA0261_07_126929_260520093757_00_02_4204.mp4,
20260518-0526_全查,7-zhedang,358VA0119_25_10398709_260519201508_00_00_6677.mp4,
20260518-0526_全查,7-zhedang,359W02150_280_128519_260520055018_00_02_6461.mp4,
20260518-0526_全查,7-zhedang,359W02150_280_130389_260520055517_00_02_9762.mp4,
20260518-0526_全查,7-zhedang,359W02150_280_274519_260520121944_00_02_3092.mp4,
20260518-0526_全查,7-zhedang,359W02150_280_658329_260521052336_00_02_8346.mp4,
20260518-0526_全查,7-zhedang,359W02150_42_40189_260519121129_00_02_9498.mp4,
20260518-0526_全查,7-zhedang,371WB011894_287_1285229_260519125807_00_02_4836.mp4,
20260518-0526_全查,7-zhedang,375VA02112_04_14213019_260521040050_00_02_6849.mp4,
20260518-0526_全查,7-zhedang,375VA02131_21_1456409_260521215327_00_00_1415.mp4,
20260518-0526_全查,7-zhedang,375VA02164_31_886129_260520203301_00_00_2875.mp4,
20260518-0526_全查,7-zhedang,395W02145_212_3760539_260518095837_00_02_8245.mp4,
20260518-0526_全查,7-zhedang,411W05599_02_71029_260520042150_00_00_6110.mp4,
20260518-0526_全查,7-zhedang,411W05652_312_153769_260520234148_00_02_6422.mp4,
20260518-0526_全查,7-zhedang,411W05652_312_215559_260521023333_00_02_7775.mp4,
20260518-0526_全查,7-zhedang,451WD01243_32_730449_260518172031_00_02_3655.mp4,
20260518-0526_全查,7-zhedang,451WD01434_08_8658249_260520165209_00_02_8492.mp4,
20260518-0526_全查,7-zhedang,451WH01164_294_1050909_260519023652_00_02_2935.mp4,
20260518-0526_全查,7-zhedang,459VA02214_10_13307179_260519093110_00_00_3870.mp4,
20260518-0526_全查,7-zhedang,469VA0208_05_6942759_260521123155_00_00_3781.mp4,
20260518-0526_全查,7-zhedang,471W0207_180_5588939_260520210554_00_02_2307.mp4,
20260518-0526_全查,7-zhedang,475VA02123_06_807819_260519171433_00_00_2543.mp4,
20260518-0526_全查,7-zhedang,510WF01250_159_952069_260523024020_00_02_7668.mp4,
20260518-0526_全查,7-zhedang,510WF01289_252_2174529_260520075456_00_02_1742.mp4,
20260518-0526_全查,7-zhedang,511W02529_21_1027019_260523131236_00_00_8558.mp4,
20260518-0526_全查,7-zhedang,511W0472_39_1116129_260522223756_00_02_1313.mp4,
20260518-0526_全查,7-zhedang,512WA04403_80_2924489_260523205859_00_02_3274.mp4,
20260518-0526_全查,7-zhedang,512WA04542_34_1095559_260520113829_00_02_5976.mp4,
20260518-0526_全查,7-zhedang,512WA04660_61_72699_260519182523_00_00_2621.mp4,
20260518-0526_全查,7-zhedang,512WA05110_46_1994019_260522033631_00_02_4997.mp4,
20260518-0526_全查,7-zhedang,512WA05110_46_401369_260519044833_00_02_7247.mp4,
20260518-0526_全查,7-zhedang,512WA05339_99_716789_260519172933_00_02_7229.mp4,
20260518-0526_全查,7-zhedang,512WE02140_77_666919_260519040019_00_02_5349.mp4,
20260518-0526_全查,7-zhedang,512WE022291_157_84829_260518183214_00_00_7206.mp4,
20260518-0526_全查,7-zhedang,512WE022583_136_657149_260524181031_00_00_3164.mp4,
20260518-0526_全查,7-zhedang,512WE02290_46_96419_260521201542_00_02_3077.mp4,
20260518-0526_全查,7-zhedang,512WE023390_366_1920649_260519041209_00_02_8180.mp4,
20260518-0526_全查,7-zhedang,512WE02389_71_495659_260519123719_00_02_1972.mp4,
20260518-0526_全查,7-zhedang,512WE02945_100_441399_260519103242_00_00_1935.mp4,
20260518-0526_全查,7-zhedang,512WR02259_82_2593229_260523033826_00_00_8003.mp4,
20260518-0526_全查,7-zhedang,513R0392_33_121759_260520074630_00_02_7312.mp4,
20260518-0526_全查,7-zhedang,513W01521_49_11118669_260518225445_00_00_3570.mp4,
20260518-0526_全查,7-zhedang,513W01698_43_21339049_260523020104_00_00_5335.mp4,
20260518-0526_全查,7-zhedang,515W05329_22_1588809_260519045146_00_00_4596.mp4,
20260518-0526_全查,7-zhedang,515W05518_73_5575719_260520052456_00_00_6895.mp4,
20260518-0526_全查,7-zhedang,516WF02546_956_160459_260520065123_00_00_5262.mp4,
20260518-0526_全查,7-zhedang,516WF02636_94_375339_260522084633_00_00_8846.mp4,
20260518-0526_全查,7-zhedang,517W03517_118_2265519_260519201519_00_02_2084.mp4,
20260518-0526_全查,7-zhedang,517W03626_42_18377889_260519064047_00_00_5628.mp4,
20260518-0526_全查,7-zhedang,517W03907_25_18778219_260520211605_00_00_7388.mp4,
20260518-0526_全查,7-zhedang,527WA03450_118_294619_260523214115_00_00_1221.mp4,
20260518-0526_全查,7-zhedang,536W03411_218_6452979_260523050526_00_00_1707.mp4,
20260518-0526_全查,7-zhedang,536W03411_218_6454049_260523050825_00_00_6243.mp4,
20260518-0526_全查,7-zhedang,536W03445_213_198779_260520110715_00_00_5797.mp4,
20260518-0526_全查,7-zhedang,551WA01327_42_2659689_260519191438_00_02_9432.mp4,
20260518-0526_全查,7-zhedang,558WA02293_14_23339_260519082103_00_02_9036.mp4,
20260518-0526_全查,7-zhedang,558WA02455_41_15229_260521205703_00_00_3438.mp4,
20260518-0526_全查,7-zhedang,571WA041122_12_792089_260520205118_00_00_2789.mp4,
20260518-0526_全查,7-zhedang,571WB031041_296_2328789_260523041549_00_00_6990.mp4,
20260518-0526_全查,7-zhedang,571WB032258_359_2931699_260524021937_00_02_4254.mp4,
20260518-0526_全查,7-zhedang,571WB032726_325_6562609_260518220920_00_02_1880.mp4,
20260518-0526_全查,7-zhedang,571WB032726_325_9752669_260522145034_00_02_7856.mp4,
20260518-0526_全查,7-zhedang,574W03129_48_2581409_260520050048_00_00_2198.mp4,
20260518-0526_全查,7-zhedang,574WA04552_35_1454629_260522050149_00_00_7044.mp4,
20260518-0526_全查,7-zhedang,574WA04555_38_908029_260521034405_00_00_9190.mp4,
20260518-0526_全查,7-zhedang,574WA0596_31_1056719_260521035835_00_00_1002.mp4,
20260518-0526_全查,7-zhedang,575W061383_07_2595789_260519070749_00_02_6087.mp4,
20260518-0526_全查,7-zhedang,575W06413_27_1595909_260519221631_00_00_9748.mp4,
20260518-0526_全查,7-zhedang,576W01540_144_63239_260520071031_00_02_4786.mp4,
20260518-0526_全查,7-zhedang,576W02113_146_544819_260520095802_00_00_1905.mp4,
20260518-0526_全查,7-zhedang,576W02124_152_211729_260519183213_00_00_7848.mp4,
20260518-0526_全查,7-zhedang,576WG0330_149_66999_260521115404_00_02_4184.mp4,
20260518-0526_全查,7-zhedang,577WD02365_315_2160009_260522203008_00_00_9883.mp4,
20260518-0526_全查,7-zhedang,577WD03101_277_11586269_260520034305_00_00_4286.mp4,
20260518-0526_全查,7-zhedang,577WD03151_291_6494769_260522195343_00_00_1439.mp4,
20260518-0526_全查,7-zhedang,577WD03159_297_5044119_260520003938_00_00_6342.mp4,
20260518-0526_全查,7-zhedang,579W02461_43_2245849_260519191140_00_02_6593.mp4,
20260518-0526_全查,7-zhedang,579WA01120_135_3405749_260520064635_00_00_8214.mp4,
20260518-0526_全查,7-zhedang,579WA01235_171_617239_260522141459_00_02_1112.mp4,
20260518-0526_全查,7-zhedang,579WA01563_17_5978899_260520042655_00_02_3838.mp4,
20260518-0526_全查,7-zhedang,579WA0218_147_4337779_260521175411_00_00_8860.mp4,
20260518-0526_全查,7-zhedang,579WA0218_147_4612609_260522060707_00_02_5265.mp4,
20260518-0526_全查,7-zhedang,579WA0218_147_4974159_260522221117_00_00_6877.mp4,
20260518-0526_全查,7-zhedang,579WA0253_38_13564909_260520212247_00_00_2443.mp4,
20260518-0526_全查,7-zhedang,591W011216_86_550959_260519152247_00_00_1413.mp4,
20260518-0526_全查,7-zhedang,591W011315_120_310029_260523160248_00_00_6393.mp4,
20260518-0526_全查,7-zhedang,591W011506_10_295399_260519033121_00_00_4461.mp4,
20260518-0526_全查,7-zhedang,591W01206_85_3137509_260524151934_00_00_9052.mp4,
20260518-0526_全查,7-zhedang,591W01257_47_1317749_260521025740_00_00_9005.mp4,
20260518-0526_全查,7-zhedang,592W01129_123_13409_260521025249_00_02_3281.mp4,
20260518-0526_全查,7-zhedang,594W01448_47_1846199_260522035722_00_00_2700.mp4,
20260518-0526_全查,7-zhedang,595R0323_555_302699_260518223754_00_02_6246.mp4,
20260518-0526_全查,7-zhedang,595R0333_15_13220759_260519051829_00_02_5504.mp4,
20260518-0526_全查,7-zhedang,595XA01313_163_1009379_260519122217_00_00_8421.mp4,
20260518-0526_全查,7-zhedang,595XA01704_187_2012029_260521104822_00_02_5301.mp4,
20260518-0526_全查,7-zhedang,595XA0493_35_850259_260523065107_00_02_8293.mp4,
20260518-0526_全查,7-zhedang,631W04234_1032_90139_260518102945_00_00_4846.mp4,
20260518-0526_全查,7-zhedang,660VW02181_43_14300879_260521001017_00_02_3213.mp4,
20260518-0526_全查,7-zhedang,663WA02336_287_333609_260523131800_00_00_2791.mp4,
20260518-0526_全查,7-zhedang,663WA02791_216_178789_260522021928_00_02_3456.mp4,
20260518-0526_全查,7-zhedang,668VA0215_150_1077029_260519053856_00_02_8215.mp4,
20260518-0526_全查,7-zhedang,668VA02289_154_1533959_260520045307_00_00_5466.mp4,
20260518-0526_全查,7-zhedang,668VA02290_28_1471689_260523061607_00_00_4100.mp4,
20260518-0526_全查,7-zhedang,668VA0276_18_1588189_260523114303_00_02_9079.mp4,
20260518-0526_全查,7-zhedang,716VA02157_1438_1424529_260521223844_00_02_2366.mp4,
20260518-0526_全查,7-zhedang,719VA0223_1440_463729_260522045803_00_02_7918.mp4,
20260518-0526_全查,7-zhedang,722VA02212_1296_429969_260522041236_00_00_6263.mp4,
20260518-0526_全查,7-zhedang,728VA02160_47_363309_260521213756_00_00_8178.mp4,
20260518-0526_全查,7-zhedang,7311WA01546_68_10371549_260518225120_00_02_3476.mp4,
20260518-0526_全查,7-zhedang,7311WA01568_24_1485969_260518192447_00_02_1933.mp4,
20260518-0526_全查,7-zhedang,7311WA01568_24_1498589_260518195826_00_02_2136.mp4,
20260518-0526_全查,7-zhedang,7311WA01660_57_4475119_260520043033_00_02_2782.mp4,
20260518-0526_全查,7-zhedang,7311WA01706_61_8936099_260520044526_00_02_6019.mp4,
20260518-0526_全查,7-zhedang,7311WA02417_59_12896329_260521114410_00_00_6810.mp4,
20260518-0526_全查,7-zhedang,7311WA031304_97_5494979_260524170134_00_00_5402.mp4,
20260518-0526_全查,7-zhedang,7311WA031307_34_5628079_260522231345_00_00_1679.mp4,
20260518-0526_全查,7-zhedang,7311WA031313_37_3449969_260520042917_00_00_1664.mp4,
20260518-0526_全查,7-zhedang,7311WA031319_39_2780209_260520034613_00_00_3944.mp4,
20260518-0526_全查,7-zhedang,7311WA031319_39_3117029_260521030946_00_00_2952.mp4,
20260518-0526_全查,7-zhedang,7311WA031319_39_3806269_260523030207_00_00_2217.mp4,
20260518-0526_全查,7-zhedang,7311WA031361_15_212309_260521232035_00_00_6304.mp4,
20260518-0526_全查,7-zhedang,7311WA031471_76_13018199_260522142133_00_02_8516.mp4,
20260518-0526_全查,7-zhedang,7311WA03649_61_2409049_260520203536_00_02_5167.mp4,
20260518-0526_全查,7-zhedang,7311WE012320_24_77079_260520224153_00_00_5432.mp4,
20260518-0526_全查,7-zhedang,7311WE012330_61_13419_260521163943_00_02_6948.mp4,
20260518-0526_全查,7-zhedang,7311WE012407_43_130659_260521010448_00_02_1413.mp4,
20260518-0526_全查,7-zhedang,7311WE012769_08_578339_260522184935_00_00_7707.mp4,
20260518-0526_全查,7-zhedang,7311WE01680_92_173779_260522000411_00_02_1078.mp4,
20260518-0526_全查,7-zhedang,7313W01487_217_2395819_260521031123_00_02_5137.mp4,
20260518-0526_全查,7-zhedang,7313W01700_123_1760089_260519214627_00_02_7976.mp4,
20260518-0526_全查,7-zhedang,750VA01175_00_90009_260523062142_00_02_6488.mp4,
20260518-0526_全查,7-zhedang,750W01654_12_13854539_260523135307_00_00_6241.mp4,
20260518-0526_全查,7-zhedang,755R01673_01_1783059_260522021643_00_02_6282.mp4,
20260518-0526_全查,7-zhedang,755RC01156_196_1012109_260518173825_00_00_6618.mp4,
20260518-0526_全查,7-zhedang,755RC01357_109_5372179_260522063202_00_02_9342.mp4,
20260518-0526_全查,7-zhedang,755RD01389_11_997029_260523142403_00_00_5239.mp4,
20260518-0526_全查,7-zhedang,755RD01687_09_377539_260522024702_00_02_3509.mp4,
20260518-0526_全查,7-zhedang,755W08633_167_906549_260518212031_00_00_7999.mp4,
20260518-0526_全查,7-zhedang,755W08694_229_935369_260518223636_00_02_4555.mp4,
20260518-0526_全查,7-zhedang,755WF27464_165_6465309_260523010545_00_00_6178.mp4,
20260518-0526_全查,7-zhedang,755WF27495_13_678179_260520115613_00_00_4517.mp4,
20260518-0526_全查,7-zhedang,755WM011796_54_1616469_260519142815_00_02_3531.mp4,
20260518-0526_全查,7-zhedang,755X0262_38_14489_260522032542_00_02_4175.mp4,
20260518-0526_全查,7-zhedang,756W01410_285_3263429_260521095234_00_00_6105.mp4,
20260518-0526_全查,7-zhedang,756W01530_162_3356409_260520031936_00_00_6625.mp4,
20260518-0526_全查,7-zhedang,757WA011524_240_1393379_260522112535_00_00_3643.mp4,
20260518-0526_全查,7-zhedang,757WA011595_128_1069729_260522054516_00_00_1199.mp4,
20260518-0526_全查,7-zhedang,757WA011612_134_2090319_260523041521_00_00_1179.mp4,
20260518-0526_全查,7-zhedang,757WA01286_125_2341849_260524030045_00_00_6254.mp4,
20260518-0526_全查,7-zhedang,757WA01288_127_1213109_260522005300_00_00_4069.mp4,
20260518-0526_全查,7-zhedang,757WA01288_127_759149_260521044308_00_00_3198.mp4,
20260518-0526_全查,7-zhedang,757WA01290_128_1310419_260522051212_00_00_2486.mp4,
20260518-0526_全查,7-zhedang,757WA01293_06_176689_260519013302_00_00_2601.mp4,
20260518-0526_全查,7-zhedang,757WA0221_91_278019_260519162103_00_00_6889.mp4,
20260518-0526_全查,7-zhedang,757WE01492_290_1531519_260522041651_00_02_1559.mp4,
20260518-0526_全查,7-zhedang,760W02106_199_1416339_260518213044_00_00_7244.mp4,
20260518-0526_全查,7-zhedang,760W02216_237_1529329_260519024813_00_00_8798.mp4,
20260518-0526_全查,7-zhedang,760WH01243_305_3615269_260524015138_00_02_9487.mp4,
20260518-0526_全查,7-zhedang,763X0144_18_79459_260523064122_00_02_4465.mp4,
20260518-0526_全查,7-zhedang,763X021186_00_117619_260522185409_00_00_5998.mp4,
20260518-0526_全查,7-zhedang,763X021327_13_486419_260521004021_00_00_7110.mp4,
20260518-0526_全查,7-zhedang,763X021488_13_228629_260522154903_00_02_4743.mp4,
20260518-0526_全查,7-zhedang,763X021525_34_5524529_260519060804_00_02_8678.mp4,
20260518-0526_全查,7-zhedang,769WB01359_261_821779_260524024903_00_00_5906.mp4,
20260518-0526_全查,7-zhedang,769WB01584_59_5869819_260520011307_00_02_9001.mp4,
20260518-0526_全查,7-zhedang,769WB01670_261_332799_260523041242_00_02_8925.mp4,
20260518-0526_全查,7-zhedang,769WM011048_29_6753989_260520163446_00_00_1951.mp4,
20260518-0526_全查,7-zhedang,769WM011154_246_3248849_260522213352_00_00_8519.mp4,
20260518-0526_全查,7-zhedang,769XG01952_46_1332389_260521051409_00_02_6777.mp4,
20260518-0526_全查,7-zhedang,774VB03178_04_10447079_260519115241_00_02_6656.mp4,
20260518-0526_全查,7-zhedang,797VH01270_14_361499_260522013737_00_02_5052.mp4,
20260518-0526_全查,7-zhedang,797VH01295_27_2867219_260519200055_00_00_1507.mp4,
20260518-0526_全查,7-zhedang,816VA0298_25_149379_260520110644_00_02_9494.mp4,
20260518-0526_全查,7-zhedang,827VA0344_51_948409_260522105714_00_00_5404.mp4,
20260518-0526_全查,7-zhedang,827VA0346_41_473039_260521134934_00_02_2431.mp4,
20260518-0526_全查,7-zhedang,830VA02280_31_893559_260520205749_00_02_4159.mp4,
20260518-0526_全查,7-zhedang,834VA02122_00_941959_260521200937_00_02_4478.mp4,
20260518-0526_全查,7-zhedang,857VA0104_14_128189_260519103248_00_02_2110.mp4,
20260518-0526_全查,7-zhedang,857VA0113_13_20509_260519053507_00_02_3141.mp4,
20260518-0526_全查,7-zhedang,871VH01100_00_13056209_260518214438_00_00_6080.mp4,
20260518-0526_全查,7-zhedang,871VH01137_77_5749399_260519073922_00_00_6895.mp4,
20260518-0526_全查,7-zhedang,871VH0184_01_13748039_260520055900_00_00_3052.mp4,
20260518-0526_全查,7-zhedang,875VA02140_19_7400809_260519204503_00_02_8506.mp4,
20260518-0526_全查,7-zhedang,875VA02140_19_7404079_260519205346_00_02_1461.mp4,
20260518-0526_全查,7-zhedang,903VA0295_151_13065179_260518230738_00_00_4514.mp4,
20260518-0526_全查,7-zhedang,911VA0201_19_8846439_260520034629_00_00_7307.mp4,
20260518-0526_全查,7-zhedang,911VA0237_27_9410249_260521060606_00_00_9509.mp4,
20260518-0526_全查,7-zhedang,912VA02213_22_145999_260520092238_00_02_1739.mp4,
20260518-0526_全查,7-zhedang,931W01470_130_1425669_260522042343_00_00_3803.mp4,
20260518-0526_全查,7-zhedang,935VA0271_03_1302499_260520152629_00_00_7015.mp4,
20260518-0526_全查,7-zhedang,991R01285_981_9971829_260520190618_00_00_8047.mp4,
20260518-0526_全查,7-zhedang,P020CDD0137_02_3979069_260524024340_00_02_9548.mp4,
20260518-0526_全查,7-zhedang,P020CDD0193_31_2396019_260521012856_00_02_9369.mp4,
20260518-0526_全查,7-zhedang,P769CSB01241_13_14787109_260522012422_00_00_6384.mp4,
20260518-0526_全查,7-zhedang,V752WH0197_04_939_260520025608_00_4839.mp4,
20260518-0526_全查,8-fenjian,1-paoren,020R0269_146_3072199_260520024852_00_00_8655.mp4
20260518-0526_全查,8-fenjian,1-paoren,020R0269_146_4217059_260522075759_00_00_1179.mp4
20260518-0526_全查,8-fenjian,1-paoren,760W02129_222_1843239_260519135407_00_00_5163.mp4
20260518-0526_全查,8-fenjian,5-zhengchang,010WD021413_234_310149_260520201656_00_00_8231.mp4
20260518-0526_全查,8-fenjian,5-zhengchang,010WD021413_234_480189_260521040916_00_00_3860.mp4
20260518-0526_全查,8-fenjian,5-zhengchang,020R0269_146_2820449_260519150713_00_00_3086.mp4
20260518-0526_全查,8-fenjian,5-zhengchang,020R0269_146_4376049_260522151957_00_00_4738.mp4
20260518-0526_全查,8-fenjian,5-zhengchang,020R0269_146_4405979_260522164309_00_00_4010.mp4
20260518-0526_全查,8-fenjian,5-zhengchang,020R0269_297_251769_260524022933_00_00_1230.mp4
20260518-0526_全查,8-fenjian,5-zhengchang,020R0269_297_290719_260524041813_00_00_4406.mp4
20260518-0526_全查,8-fenjian,5-zhengchang,020RD011005_373_380709_260524020254_00_00_5900.mp4
20260518-0526_全查,8-fenjian,5-zhengchang,021R0216_87_1784629_260519204213_00_00_3323.mp4
20260518-0526_全查,8-fenjian,5-zhengchang,25710104581314015441_2135_10779_260520171706_00_00_6824.mp4
20260518-0526_全查,8-fenjian,5-zhengchang,25710104581314015441_2135_14039_260520171917_00_00_8839.mp4
20260518-0526_全查,8-fenjian,5-zhengchang,25710104581314015441_2135_9879_260520171630_00_02_4051.mp4
20260518-0526_全查,8-fenjian,5-zhengchang,510WF02144_394_439649_260522020732_00_00_7806.mp4
20260518-0526_全查,8-fenjian,5-zhengchang,558WA021137_39_4959_260519053140_00_00_3954.mp4
20260518-0526_全查,8-fenjian,5-zhengchang,663WA021122_96_1490659_260521124203_00_00_9789.mp4
20260518-0526_全查,8-fenjian,5-zhengchang,668VA02150_93_465429_260521084832_00_00_2991.mp4
20260518-0526_全查,8-fenjian,5-zhengchang,712VA02248_153_6539_260519202244_00_00_3677.mp4
20260518-0526_全查,8-fenjian,5-zhengchang,7311WA03553_06_225849_260523085039_00_00_6286.mp4
20260518-0526_全查,8-fenjian,5-zhengchang,755WF27190_48_2392339_260522210254_00_00_6419.mp4
20260518-0526_全查,8-fenjian,5-zhengchang,755WF27491_188_5476929_260521031642_00_00_5621.mp4
20260518-0526_全查,8-fenjian,5-zhengchang,757WA011524_240_86689_260519230328_00_00_8329.mp4
20260518-0526_全查,8-fenjian,5-zhengchang,757WE01245_263_1566499_260521054411_00_00_5635.mp4
20260518-0526_全查,8-fenjian,5-zhengchang,769WB01808_298_344809_260523083441_00_00_8132.mp4
20260518-0526_全查,8-fenjian,5-zhengchang,931R0114_46_5843709_260520200526_00_00_9912.mp4
20260518-0526_全查,8-fenjian,5-zhengchang,931W01727_166_220729_260519225056_00_00_3852.mp4
20260518-0526_全查,8-fenjian,5-zhengchang,999VA01178_583_12057009_260521102455_00_00_7748.mp4
20260518-0526_全查,8-fenjian,5-zhengchang,V467VA0199_08_140339_260521125317_00_4973.mp4
20260518-0526_全查,8-fenjian,5-zhengchang,V467VA0199_08_19578699_260518102321_00_8049.mp4
20260518-0526_全查,8-fenjian,5-zhengchang,V467VA0199_08_19581149_260518103009_00_9840.mp4
20260518-0526_全查,8-fenjian,5-zhengchang,V467VA0199_08_20131359_260519115827_00_1885.mp4
20260518-0526_全查,8-fenjian,5-zhengchang,V467VA0199_08_20146629_260519124052_00_6640.mp4
20260518-0526_全查,8-fenjian,5-zhengchang,V467VA0199_08_20150879_260519125241_00_7414.mp4
20260518-0526_全查,8-fenjian,5-zhengchang,V467VA0199_08_432829_260522022543_00_7757.mp4
20260518-0526_全查,8-fenjian,7-zhedang,418VA0220_03_61359_260519061713_00_02_3331.mp4
